{
"type": "FeatureCollection",
"crs": { "type": "name", "properties": { "name": "urn:ogc:def:crs:OGC:1.3:CRS84" } },
"features": [
{ "type": "Feature", "properties": { "nome_folha": "U01" }, "geometry": { "type": "Polygon", "coordinates": [ [ [ -174.0, -84.0 ], [ -174.0, -80.0 ], [ -180.0, -80.0 ], [ -180.0, -84.0 ], [ -174.0, -84.0 ] ] ] } },
{ "type": "Feature", "properties": { "nome_folha": "U02" }, "geometry": { "type": "Polygon", "coordinates": [ [ [ -168.0, -84.0 ], [ -168.0, -80.0 ], [ -174.0, -80.0 ], [ -174.0, -84.0 ], [ -168.0, -84.0 ] ] ] } },
{ "type": "Feature", "properties": { "nome_folha": "U03" }, "geometry": { "type": "Polygon", "coordinates": [ [ [ -162.0, -84.0 ], [ -162.0, -80.0 ], [ -168.0, -80.0 ], [ -168.0, -84.0 ], [ -162.0, -84.0 ] ] ] } },
{ "type": "Feature", "properties": { "nome_folha": "U04" }, "geometry": { "type": "Polygon", "coordinates": [ [ [ -156.0, -84.0 ], [ -156.0, -80.0 ], [ -162.0, -80.0 ], [ -162.0, -84.0 ], [ -156.0, -84.0 ] ] ] } },
{ "type": "Feature", "properties": { "nome_folha": "U05" }, "geometry": { "type": "Polygon", "coordinates": [ [ [ -150.0, -84.0 ], [ -150.0, -80.0 ], [ -156.0, -80.0 ], [ -156.0, -84.0 ], [ -150.0, -84.0 ] ] ] } },
{ "type": "Feature", "properties": { "nome_folha": "U06" }, "geometry": { "type": "Polygon", "coordinates": [ [ [ -144.0, -84.0 ], [ -144.0, -80.0 ], [ -150.0, -80.0 ], [ -150.0, -84.0 ], [ -144.0, -84.0 ] ] ] } },
{ "type": "Feature", "properties": { "nome_folha": "U07" }, "geometry": { "type": "Polygon", "coordinates": [ [ [ -138.0, -84.0 ], [ -138.0, -80.0 ], [ -144.0, -80.0 ], [ -144.0, -84.0 ], [ -138.0, -84.0 ] ] ] } },
{ "type": "Feature", "properties": { "nome_folha": "U08" }, "geometry": { "type": "Polygon", "coordinates": [ [ [ -132.0, -84.0 ], [ -132.0, -80.0 ], [ -138.0, -80.0 ], [ -138.0, -84.0 ], [ -132.0, -84.0 ] ] ] } },
{ "type": "Feature", "properties": { "nome_folha": "U09" }, "geometry": { "type": "Polygon", "coordinates": [ [ [ -126.0, -84.0 ], [ -126.0, -80.0 ], [ -132.0, -80.0 ], [ -132.0, -84.0 ], [ -126.0, -84.0 ] ] ] } },
{ "type": "Feature", "properties": { "nome_folha": "U10" }, "geometry": { "type": "Polygon", "coordinates": [ [ [ -120.0, -84.0 ], [ -120.0, -80.0 ], [ -126.0, -80.0 ], [ -126.0, -84.0 ], [ -120.0, -84.0 ] ] ] } },
{ "type": "Feature", "properties": { "nome_folha": "U11" }, "geometry": { "type": "Polygon", "coordinates": [ [ [ -114.0, -84.0 ], [ -114.0, -80.0 ], [ -120.0, -80.0 ], [ -120.0, -84.0 ], [ -114.0, -84.0 ] ] ] } },
{ "type": "Feature", "properties": { "nome_folha": "U12" }, "geometry": { "type": "Polygon", "coordinates": [ [ [ -108.0, -84.0 ], [ -108.0, -80.0 ], [ -114.0, -80.0 ], [ -114.0, -84.0 ], [ -108.0, -84.0 ] ] ] } },
{ "type": "Feature", "properties": { "nome_folha": "U13" }, "geometry": { "type": "Polygon", "coordinates": [ [ [ -102.0, -84.0 ], [ -102.0, -80.0 ], [ -108.0, -80.0 ], [ -108.0, -84.0 ], [ -102.0, -84.0 ] ] ] } },
{ "type": "Feature", "properties": { "nome_folha": "U14" }, "geometry": { "type": "Polygon", "coordinates": [ [ [ -96.0, -84.0 ], [ -96.0, -80.0 ], [ -102.0, -80.0 ], [ -102.0, -84.0 ], [ -96.0, -84.0 ] ] ] } },
{ "type": "Feature", "properties": { "nome_folha": "U15" }, "geometry": { "type": "Polygon", "coordinates": [ [ [ -90.0, -84.0 ], [ -90.0, -80.0 ], [ -96.0, -80.0 ], [ -96.0, -84.0 ], [ -90.0, -84.0 ] ] ] } },
{ "type": "Feature", "properties": { "nome_folha": "U16" }, "geometry": { "type": "Polygon", "coordinates": [ [ [ -84.0, -84.0 ], [ -84.0, -80.0 ], [ -90.0, -80.0 ], [ -90.0, -84.0 ], [ -84.0, -84.0 ] ] ] } },
{ "type": "Feature", "properties": { "nome_folha": "U17" }, "geometry": { "type": "Polygon", "coordinates": [ [ [ -78.0, -84.0 ], [ -78.0, -80.0 ], [ -84.0, -80.0 ], [ -84.0, -84.0 ], [ -78.0, -84.0 ] ] ] } },
{ "type": "Feature", "properties": { "nome_folha": "U18" }, "geometry": { "type": "Polygon", "coordinates": [ [ [ -72.0, -84.0 ], [ -72.0, -80.0 ], [ -78.0, -80.0 ], [ -78.0, -84.0 ], [ -72.0, -84.0 ] ] ] } },
{ "type": "Feature", "properties": { "nome_folha": "U19" }, "geometry": { "type": "Polygon", "coordinates": [ [ [ -66.0, -84.0 ], [ -66.0, -80.0 ], [ -72.0, -80.0 ], [ -72.0, -84.0 ], [ -66.0, -84.0 ] ] ] } },
{ "type": "Feature", "properties": { "nome_folha": "U20" }, "geometry": { "type": "Polygon", "coordinates": [ [ [ -60.0, -84.0 ], [ -60.0, -80.0 ], [ -66.0, -80.0 ], [ -66.0, -84.0 ], [ -60.0, -84.0 ] ] ] } },
{ "type": "Feature", "properties": { "nome_folha": "U21" }, "geometry": { "type": "Polygon", "coordinates": [ [ [ -54.0, -84.0 ], [ -54.0, -80.0 ], [ -60.0, -80.0 ], [ -60.0, -84.0 ], [ -54.0, -84.0 ] ] ] } },
{ "type": "Feature", "properties": { "nome_folha": "U22" }, "geometry": { "type": "Polygon", "coordinates": [ [ [ -48.0, -84.0 ], [ -48.0, -80.0 ], [ -54.0, -80.0 ], [ -54.0, -84.0 ], [ -48.0, -84.0 ] ] ] } },
{ "type": "Feature", "properties": { "nome_folha": "U23" }, "geometry": { "type": "Polygon", "coordinates": [ [ [ -42.0, -84.0 ], [ -42.0, -80.0 ], [ -48.0, -80.0 ], [ -48.0, -84.0 ], [ -42.0, -84.0 ] ] ] } },
{ "type": "Feature", "properties": { "nome_folha": "U24" }, "geometry": { "type": "Polygon", "coordinates": [ [ [ -36.0, -84.0 ], [ -36.0, -80.0 ], [ -42.0, -80.0 ], [ -42.0, -84.0 ], [ -36.0, -84.0 ] ] ] } },
{ "type": "Feature", "properties": { "nome_folha": "U25" }, "geometry": { "type": "Polygon", "coordinates": [ [ [ -30.0, -84.0 ], [ -30.0, -80.0 ], [ -36.0, -80.0 ], [ -36.0, -84.0 ], [ -30.0, -84.0 ] ] ] } },
{ "type": "Feature", "properties": { "nome_folha": "U26" }, "geometry": { "type": "Polygon", "coordinates": [ [ [ -24.0, -84.0 ], [ -24.0, -80.0 ], [ -30.0, -80.0 ], [ -30.0, -84.0 ], [ -24.0, -84.0 ] ] ] } },
{ "type": "Feature", "properties": { "nome_folha": "U27" }, "geometry": { "type": "Polygon", "coordinates": [ [ [ -18.0, -84.0 ], [ -18.0, -80.0 ], [ -24.0, -80.0 ], [ -24.0, -84.0 ], [ -18.0, -84.0 ] ] ] } },
{ "type": "Feature", "properties": { "nome_folha": "U28" }, "geometry": { "type": "Polygon", "coordinates": [ [ [ -12.0, -84.0 ], [ -12.0, -80.0 ], [ -18.0, -80.0 ], [ -18.0, -84.0 ], [ -12.0, -84.0 ] ] ] } },
{ "type": "Feature", "properties": { "nome_folha": "U29" }, "geometry": { "type": "Polygon", "coordinates": [ [ [ -6.0, -84.0 ], [ -6.0, -80.0 ], [ -12.0, -80.0 ], [ -12.0, -84.0 ], [ -6.0, -84.0 ] ] ] } },
{ "type": "Feature", "properties": { "nome_folha": "U30" }, "geometry": { "type": "Polygon", "coordinates": [ [ [ 0.0, -84.0 ], [ 0.0, -80.0 ], [ -6.0, -80.0 ], [ -6.0, -84.0 ], [ 0.0, -84.0 ] ] ] } },
{ "type": "Feature", "properties": { "nome_folha": "U31" }, "geometry": { "type": "Polygon", "coordinates": [ [ [ 6.0, -84.0 ], [ 6.0, -80.0 ], [ 0.0, -80.0 ], [ 0.0, -84.0 ], [ 6.0, -84.0 ] ] ] } },
{ "type": "Feature", "properties": { "nome_folha": "U32" }, "geometry": { "type": "Polygon", "coordinates": [ [ [ 12.0, -84.0 ], [ 12.0, -80.0 ], [ 6.0, -80.0 ], [ 6.0, -84.0 ], [ 12.0, -84.0 ] ] ] } },
{ "type": "Feature", "properties": { "nome_folha": "U33" }, "geometry": { "type": "Polygon", "coordinates": [ [ [ 18.0, -84.0 ], [ 18.0, -80.0 ], [ 12.0, -80.0 ], [ 12.0, -84.0 ], [ 18.0, -84.0 ] ] ] } },
{ "type": "Feature", "properties": { "nome_folha": "U34" }, "geometry": { "type": "Polygon", "coordinates": [ [ [ 24.0, -84.0 ], [ 24.0, -80.0 ], [ 18.0, -80.0 ], [ 18.0, -84.0 ], [ 24.0, -84.0 ] ] ] } },
{ "type": "Feature", "properties": { "nome_folha": "U35" }, "geometry": { "type": "Polygon", "coordinates": [ [ [ 30.0, -84.0 ], [ 30.0, -80.0 ], [ 24.0, -80.0 ], [ 24.0, -84.0 ], [ 30.0, -84.0 ] ] ] } },
{ "type": "Feature", "properties": { "nome_folha": "U36" }, "geometry": { "type": "Polygon", "coordinates": [ [ [ 36.0, -84.0 ], [ 36.0, -80.0 ], [ 30.0, -80.0 ], [ 30.0, -84.0 ], [ 36.0, -84.0 ] ] ] } },
{ "type": "Feature", "properties": { "nome_folha": "U37" }, "geometry": { "type": "Polygon", "coordinates": [ [ [ 42.0, -84.0 ], [ 42.0, -80.0 ], [ 36.0, -80.0 ], [ 36.0, -84.0 ], [ 42.0, -84.0 ] ] ] } },
{ "type": "Feature", "properties": { "nome_folha": "U38" }, "geometry": { "type": "Polygon", "coordinates": [ [ [ 48.0, -84.0 ], [ 48.0, -80.0 ], [ 42.0, -80.0 ], [ 42.0, -84.0 ], [ 48.0, -84.0 ] ] ] } },
{ "type": "Feature", "properties": { "nome_folha": "U39" }, "geometry": { "type": "Polygon", "coordinates": [ [ [ 54.0, -84.0 ], [ 54.0, -80.0 ], [ 48.0, -80.0 ], [ 48.0, -84.0 ], [ 54.0, -84.0 ] ] ] } },
{ "type": "Feature", "properties": { "nome_folha": "U40" }, "geometry": { "type": "Polygon", "coordinates": [ [ [ 60.0, -84.0 ], [ 60.0, -80.0 ], [ 54.0, -80.0 ], [ 54.0, -84.0 ], [ 60.0, -84.0 ] ] ] } },
{ "type": "Feature", "properties": { "nome_folha": "U41" }, "geometry": { "type": "Polygon", "coordinates": [ [ [ 66.0, -84.0 ], [ 66.0, -80.0 ], [ 60.0, -80.0 ], [ 60.0, -84.0 ], [ 66.0, -84.0 ] ] ] } },
{ "type": "Feature", "properties": { "nome_folha": "U42" }, "geometry": { "type": "Polygon", "coordinates": [ [ [ 72.0, -84.0 ], [ 72.0, -80.0 ], [ 66.0, -80.0 ], [ 66.0, -84.0 ], [ 72.0, -84.0 ] ] ] } },
{ "type": "Feature", "properties": { "nome_folha": "U43" }, "geometry": { "type": "Polygon", "coordinates": [ [ [ 78.0, -84.0 ], [ 78.0, -80.0 ], [ 72.0, -80.0 ], [ 72.0, -84.0 ], [ 78.0, -84.0 ] ] ] } },
{ "type": "Feature", "properties": { "nome_folha": "U44" }, "geometry": { "type": "Polygon", "coordinates": [ [ [ 84.0, -84.0 ], [ 84.0, -80.0 ], [ 78.0, -80.0 ], [ 78.0, -84.0 ], [ 84.0, -84.0 ] ] ] } },
{ "type": "Feature", "properties": { "nome_folha": "U45" }, "geometry": { "type": "Polygon", "coordinates": [ [ [ 90.0, -84.0 ], [ 90.0, -80.0 ], [ 84.0, -80.0 ], [ 84.0, -84.0 ], [ 90.0, -84.0 ] ] ] } },
{ "type": "Feature", "properties": { "nome_folha": "U46" }, "geometry": { "type": "Polygon", "coordinates": [ [ [ 96.0, -84.0 ], [ 96.0, -80.0 ], [ 90.0, -80.0 ], [ 90.0, -84.0 ], [ 96.0, -84.0 ] ] ] } },
{ "type": "Feature", "properties": { "nome_folha": "U47" }, "geometry": { "type": "Polygon", "coordinates": [ [ [ 102.0, -84.0 ], [ 102.0, -80.0 ], [ 96.0, -80.0 ], [ 96.0, -84.0 ], [ 102.0, -84.0 ] ] ] } },
{ "type": "Feature", "properties": { "nome_folha": "U48" }, "geometry": { "type": "Polygon", "coordinates": [ [ [ 108.0, -84.0 ], [ 108.0, -80.0 ], [ 102.0, -80.0 ], [ 102.0, -84.0 ], [ 108.0, -84.0 ] ] ] } },
{ "type": "Feature", "properties": { "nome_folha": "U49" }, "geometry": { "type": "Polygon", "coordinates": [ [ [ 114.0, -84.0 ], [ 114.0, -80.0 ], [ 108.0, -80.0 ], [ 108.0, -84.0 ], [ 114.0, -84.0 ] ] ] } },
{ "type": "Feature", "properties": { "nome_folha": "U50" }, "geometry": { "type": "Polygon", "coordinates": [ [ [ 120.0, -84.0 ], [ 120.0, -80.0 ], [ 114.0, -80.0 ], [ 114.0, -84.0 ], [ 120.0, -84.0 ] ] ] } },
{ "type": "Feature", "properties": { "nome_folha": "U51" }, "geometry": { "type": "Polygon", "coordinates": [ [ [ 126.0, -84.0 ], [ 126.0, -80.0 ], [ 120.0, -80.0 ], [ 120.0, -84.0 ], [ 126.0, -84.0 ] ] ] } },
{ "type": "Feature", "properties": { "nome_folha": "U52" }, "geometry": { "type": "Polygon", "coordinates": [ [ [ 132.0, -84.0 ], [ 132.0, -80.0 ], [ 126.0, -80.0 ], [ 126.0, -84.0 ], [ 132.0, -84.0 ] ] ] } },
{ "type": "Feature", "properties": { "nome_folha": "U53" }, "geometry": { "type": "Polygon", "coordinates": [ [ [ 138.0, -84.0 ], [ 138.0, -80.0 ], [ 132.0, -80.0 ], [ 132.0, -84.0 ], [ 138.0, -84.0 ] ] ] } },
{ "type": "Feature", "properties": { "nome_folha": "U54" }, "geometry": { "type": "Polygon", "coordinates": [ [ [ 144.0, -84.0 ], [ 144.0, -80.0 ], [ 138.0, -80.0 ], [ 138.0, -84.0 ], [ 144.0, -84.0 ] ] ] } },
{ "type": "Feature", "properties": { "nome_folha": "U55" }, "geometry": { "type": "Polygon", "coordinates": [ [ [ 150.0, -84.0 ], [ 150.0, -80.0 ], [ 144.0, -80.0 ], [ 144.0, -84.0 ], [ 150.0, -84.0 ] ] ] } },
{ "type": "Feature", "properties": { "nome_folha": "U56" }, "geometry": { "type": "Polygon", "coordinates": [ [ [ 156.0, -84.0 ], [ 156.0, -80.0 ], [ 150.0, -80.0 ], [ 150.0, -84.0 ], [ 156.0, -84.0 ] ] ] } },
{ "type": "Feature", "properties": { "nome_folha": "U57" }, "geometry": { "type": "Polygon", "coordinates": [ [ [ 162.0, -84.0 ], [ 162.0, -80.0 ], [ 156.0, -80.0 ], [ 156.0, -84.0 ], [ 162.0, -84.0 ] ] ] } },
{ "type": "Feature", "properties": { "nome_folha": "U58" }, "geometry": { "type": "Polygon", "coordinates": [ [ [ 168.0, -84.0 ], [ 168.0, -80.0 ], [ 162.0, -80.0 ], [ 162.0, -84.0 ], [ 168.0, -84.0 ] ] ] } },
{ "type": "Feature", "properties": { "nome_folha": "U59" }, "geometry": { "type": "Polygon", "coordinates": [ [ [ 174.0, -84.0 ], [ 174.0, -80.0 ], [ 168.0, -80.0 ], [ 168.0, -84.0 ], [ 174.0, -84.0 ] ] ] } },
{ "type": "Feature", "properties": { "nome_folha": "U60" }, "geometry": { "type": "Polygon", "coordinates": [ [ [ 180.0, -84.0 ], [ 180.0, -80.0 ], [ 174.0, -80.0 ], [ 174.0, -84.0 ], [ 180.0, -84.0 ] ] ] } },
{ "type": "Feature", "properties": { "nome_folha": "T01" }, "geometry": { "type": "Polygon", "coordinates": [ [ [ -174.0, -80.0 ], [ -174.0, -76.0 ], [ -180.0, -76.0 ], [ -180.0, -80.0 ], [ -174.0, -80.0 ] ] ] } },
{ "type": "Feature", "properties": { "nome_folha": "T02" }, "geometry": { "type": "Polygon", "coordinates": [ [ [ -168.0, -80.0 ], [ -168.0, -76.0 ], [ -174.0, -76.0 ], [ -174.0, -80.0 ], [ -168.0, -80.0 ] ] ] } },
{ "type": "Feature", "properties": { "nome_folha": "T03" }, "geometry": { "type": "Polygon", "coordinates": [ [ [ -162.0, -80.0 ], [ -162.0, -76.0 ], [ -168.0, -76.0 ], [ -168.0, -80.0 ], [ -162.0, -80.0 ] ] ] } },
{ "type": "Feature", "properties": { "nome_folha": "T04" }, "geometry": { "type": "Polygon", "coordinates": [ [ [ -156.0, -80.0 ], [ -156.0, -76.0 ], [ -162.0, -76.0 ], [ -162.0, -80.0 ], [ -156.0, -80.0 ] ] ] } },
{ "type": "Feature", "properties": { "nome_folha": "T05" }, "geometry": { "type": "Polygon", "coordinates": [ [ [ -150.0, -80.0 ], [ -150.0, -76.0 ], [ -156.0, -76.0 ], [ -156.0, -80.0 ], [ -150.0, -80.0 ] ] ] } },
{ "type": "Feature", "properties": { "nome_folha": "T06" }, "geometry": { "type": "Polygon", "coordinates": [ [ [ -144.0, -80.0 ], [ -144.0, -76.0 ], [ -150.0, -76.0 ], [ -150.0, -80.0 ], [ -144.0, -80.0 ] ] ] } },
{ "type": "Feature", "properties": { "nome_folha": "T07" }, "geometry": { "type": "Polygon", "coordinates": [ [ [ -138.0, -80.0 ], [ -138.0, -76.0 ], [ -144.0, -76.0 ], [ -144.0, -80.0 ], [ -138.0, -80.0 ] ] ] } },
{ "type": "Feature", "properties": { "nome_folha": "T08" }, "geometry": { "type": "Polygon", "coordinates": [ [ [ -132.0, -80.0 ], [ -132.0, -76.0 ], [ -138.0, -76.0 ], [ -138.0, -80.0 ], [ -132.0, -80.0 ] ] ] } },
{ "type": "Feature", "properties": { "nome_folha": "T09" }, "geometry": { "type": "Polygon", "coordinates": [ [ [ -126.0, -80.0 ], [ -126.0, -76.0 ], [ -132.0, -76.0 ], [ -132.0, -80.0 ], [ -126.0, -80.0 ] ] ] } },
{ "type": "Feature", "properties": { "nome_folha": "T10" }, "geometry": { "type": "Polygon", "coordinates": [ [ [ -120.0, -80.0 ], [ -120.0, -76.0 ], [ -126.0, -76.0 ], [ -126.0, -80.0 ], [ -120.0, -80.0 ] ] ] } },
{ "type": "Feature", "properties": { "nome_folha": "T11" }, "geometry": { "type": "Polygon", "coordinates": [ [ [ -114.0, -80.0 ], [ -114.0, -76.0 ], [ -120.0, -76.0 ], [ -120.0, -80.0 ], [ -114.0, -80.0 ] ] ] } },
{ "type": "Feature", "properties": { "nome_folha": "T12" }, "geometry": { "type": "Polygon", "coordinates": [ [ [ -108.0, -80.0 ], [ -108.0, -76.0 ], [ -114.0, -76.0 ], [ -114.0, -80.0 ], [ -108.0, -80.0 ] ] ] } },
{ "type": "Feature", "properties": { "nome_folha": "T13" }, "geometry": { "type": "Polygon", "coordinates": [ [ [ -102.0, -80.0 ], [ -102.0, -76.0 ], [ -108.0, -76.0 ], [ -108.0, -80.0 ], [ -102.0, -80.0 ] ] ] } },
{ "type": "Feature", "properties": { "nome_folha": "T14" }, "geometry": { "type": "Polygon", "coordinates": [ [ [ -96.0, -80.0 ], [ -96.0, -76.0 ], [ -102.0, -76.0 ], [ -102.0, -80.0 ], [ -96.0, -80.0 ] ] ] } },
{ "type": "Feature", "properties": { "nome_folha": "T15" }, "geometry": { "type": "Polygon", "coordinates": [ [ [ -90.0, -80.0 ], [ -90.0, -76.0 ], [ -96.0, -76.0 ], [ -96.0, -80.0 ], [ -90.0, -80.0 ] ] ] } },
{ "type": "Feature", "properties": { "nome_folha": "T16" }, "geometry": { "type": "Polygon", "coordinates": [ [ [ -84.0, -80.0 ], [ -84.0, -76.0 ], [ -90.0, -76.0 ], [ -90.0, -80.0 ], [ -84.0, -80.0 ] ] ] } },
{ "type": "Feature", "properties": { "nome_folha": "T17" }, "geometry": { "type": "Polygon", "coordinates": [ [ [ -78.0, -80.0 ], [ -78.0, -76.0 ], [ -84.0, -76.0 ], [ -84.0, -80.0 ], [ -78.0, -80.0 ] ] ] } },
{ "type": "Feature", "properties": { "nome_folha": "T18" }, "geometry": { "type": "Polygon", "coordinates": [ [ [ -72.0, -80.0 ], [ -72.0, -76.0 ], [ -78.0, -76.0 ], [ -78.0, -80.0 ], [ -72.0, -80.0 ] ] ] } },
{ "type": "Feature", "properties": { "nome_folha": "T19" }, "geometry": { "type": "Polygon", "coordinates": [ [ [ -66.0, -80.0 ], [ -66.0, -76.0 ], [ -72.0, -76.0 ], [ -72.0, -80.0 ], [ -66.0, -80.0 ] ] ] } },
{ "type": "Feature", "properties": { "nome_folha": "T20" }, "geometry": { "type": "Polygon", "coordinates": [ [ [ -60.0, -80.0 ], [ -60.0, -76.0 ], [ -66.0, -76.0 ], [ -66.0, -80.0 ], [ -60.0, -80.0 ] ] ] } },
{ "type": "Feature", "properties": { "nome_folha": "T21" }, "geometry": { "type": "Polygon", "coordinates": [ [ [ -54.0, -80.0 ], [ -54.0, -76.0 ], [ -60.0, -76.0 ], [ -60.0, -80.0 ], [ -54.0, -80.0 ] ] ] } },
{ "type": "Feature", "properties": { "nome_folha": "T22" }, "geometry": { "type": "Polygon", "coordinates": [ [ [ -48.0, -80.0 ], [ -48.0, -76.0 ], [ -54.0, -76.0 ], [ -54.0, -80.0 ], [ -48.0, -80.0 ] ] ] } },
{ "type": "Feature", "properties": { "nome_folha": "T23" }, "geometry": { "type": "Polygon", "coordinates": [ [ [ -42.0, -80.0 ], [ -42.0, -76.0 ], [ -48.0, -76.0 ], [ -48.0, -80.0 ], [ -42.0, -80.0 ] ] ] } },
{ "type": "Feature", "properties": { "nome_folha": "T24" }, "geometry": { "type": "Polygon", "coordinates": [ [ [ -36.0, -80.0 ], [ -36.0, -76.0 ], [ -42.0, -76.0 ], [ -42.0, -80.0 ], [ -36.0, -80.0 ] ] ] } },
{ "type": "Feature", "properties": { "nome_folha": "T25" }, "geometry": { "type": "Polygon", "coordinates": [ [ [ -30.0, -80.0 ], [ -30.0, -76.0 ], [ -36.0, -76.0 ], [ -36.0, -80.0 ], [ -30.0, -80.0 ] ] ] } },
{ "type": "Feature", "properties": { "nome_folha": "T26" }, "geometry": { "type": "Polygon", "coordinates": [ [ [ -24.0, -80.0 ], [ -24.0, -76.0 ], [ -30.0, -76.0 ], [ -30.0, -80.0 ], [ -24.0, -80.0 ] ] ] } },
{ "type": "Feature", "properties": { "nome_folha": "T27" }, "geometry": { "type": "Polygon", "coordinates": [ [ [ -18.0, -80.0 ], [ -18.0, -76.0 ], [ -24.0, -76.0 ], [ -24.0, -80.0 ], [ -18.0, -80.0 ] ] ] } },
{ "type": "Feature", "properties": { "nome_folha": "T28" }, "geometry": { "type": "Polygon", "coordinates": [ [ [ -12.0, -80.0 ], [ -12.0, -76.0 ], [ -18.0, -76.0 ], [ -18.0, -80.0 ], [ -12.0, -80.0 ] ] ] } },
{ "type": "Feature", "properties": { "nome_folha": "T29" }, "geometry": { "type": "Polygon", "coordinates": [ [ [ -6.0, -80.0 ], [ -6.0, -76.0 ], [ -12.0, -76.0 ], [ -12.0, -80.0 ], [ -6.0, -80.0 ] ] ] } },
{ "type": "Feature", "properties": { "nome_folha": "T30" }, "geometry": { "type": "Polygon", "coordinates": [ [ [ 0.0, -80.0 ], [ 0.0, -76.0 ], [ -6.0, -76.0 ], [ -6.0, -80.0 ], [ 0.0, -80.0 ] ] ] } },
{ "type": "Feature", "properties": { "nome_folha": "T31" }, "geometry": { "type": "Polygon", "coordinates": [ [ [ 6.0, -80.0 ], [ 6.0, -76.0 ], [ 0.0, -76.0 ], [ 0.0, -80.0 ], [ 6.0, -80.0 ] ] ] } },
{ "type": "Feature", "properties": { "nome_folha": "T32" }, "geometry": { "type": "Polygon", "coordinates": [ [ [ 12.0, -80.0 ], [ 12.0, -76.0 ], [ 6.0, -76.0 ], [ 6.0, -80.0 ], [ 12.0, -80.0 ] ] ] } },
{ "type": "Feature", "properties": { "nome_folha": "T33" }, "geometry": { "type": "Polygon", "coordinates": [ [ [ 18.0, -80.0 ], [ 18.0, -76.0 ], [ 12.0, -76.0 ], [ 12.0, -80.0 ], [ 18.0, -80.0 ] ] ] } },
{ "type": "Feature", "properties": { "nome_folha": "T34" }, "geometry": { "type": "Polygon", "coordinates": [ [ [ 24.0, -80.0 ], [ 24.0, -76.0 ], [ 18.0, -76.0 ], [ 18.0, -80.0 ], [ 24.0, -80.0 ] ] ] } },
{ "type": "Feature", "properties": { "nome_folha": "T35" }, "geometry": { "type": "Polygon", "coordinates": [ [ [ 30.0, -80.0 ], [ 30.0, -76.0 ], [ 24.0, -76.0 ], [ 24.0, -80.0 ], [ 30.0, -80.0 ] ] ] } },
{ "type": "Feature", "properties": { "nome_folha": "T36" }, "geometry": { "type": "Polygon", "coordinates": [ [ [ 36.0, -80.0 ], [ 36.0, -76.0 ], [ 30.0, -76.0 ], [ 30.0, -80.0 ], [ 36.0, -80.0 ] ] ] } },
{ "type": "Feature", "properties": { "nome_folha": "T37" }, "geometry": { "type": "Polygon", "coordinates": [ [ [ 42.0, -80.0 ], [ 42.0, -76.0 ], [ 36.0, -76.0 ], [ 36.0, -80.0 ], [ 42.0, -80.0 ] ] ] } },
{ "type": "Feature", "properties": { "nome_folha": "T38" }, "geometry": { "type": "Polygon", "coordinates": [ [ [ 48.0, -80.0 ], [ 48.0, -76.0 ], [ 42.0, -76.0 ], [ 42.0, -80.0 ], [ 48.0, -80.0 ] ] ] } },
{ "type": "Feature", "properties": { "nome_folha": "T39" }, "geometry": { "type": "Polygon", "coordinates": [ [ [ 54.0, -80.0 ], [ 54.0, -76.0 ], [ 48.0, -76.0 ], [ 48.0, -80.0 ], [ 54.0, -80.0 ] ] ] } },
{ "type": "Feature", "properties": { "nome_folha": "T40" }, "geometry": { "type": "Polygon", "coordinates": [ [ [ 60.0, -80.0 ], [ 60.0, -76.0 ], [ 54.0, -76.0 ], [ 54.0, -80.0 ], [ 60.0, -80.0 ] ] ] } },
{ "type": "Feature", "properties": { "nome_folha": "T41" }, "geometry": { "type": "Polygon", "coordinates": [ [ [ 66.0, -80.0 ], [ 66.0, -76.0 ], [ 60.0, -76.0 ], [ 60.0, -80.0 ], [ 66.0, -80.0 ] ] ] } },
{ "type": "Feature", "properties": { "nome_folha": "T42" }, "geometry": { "type": "Polygon", "coordinates": [ [ [ 72.0, -80.0 ], [ 72.0, -76.0 ], [ 66.0, -76.0 ], [ 66.0, -80.0 ], [ 72.0, -80.0 ] ] ] } },
{ "type": "Feature", "properties": { "nome_folha": "T43" }, "geometry": { "type": "Polygon", "coordinates": [ [ [ 78.0, -80.0 ], [ 78.0, -76.0 ], [ 72.0, -76.0 ], [ 72.0, -80.0 ], [ 78.0, -80.0 ] ] ] } },
{ "type": "Feature", "properties": { "nome_folha": "T44" }, "geometry": { "type": "Polygon", "coordinates": [ [ [ 84.0, -80.0 ], [ 84.0, -76.0 ], [ 78.0, -76.0 ], [ 78.0, -80.0 ], [ 84.0, -80.0 ] ] ] } },
{ "type": "Feature", "properties": { "nome_folha": "T45" }, "geometry": { "type": "Polygon", "coordinates": [ [ [ 90.0, -80.0 ], [ 90.0, -76.0 ], [ 84.0, -76.0 ], [ 84.0, -80.0 ], [ 90.0, -80.0 ] ] ] } },
{ "type": "Feature", "properties": { "nome_folha": "T46" }, "geometry": { "type": "Polygon", "coordinates": [ [ [ 96.0, -80.0 ], [ 96.0, -76.0 ], [ 90.0, -76.0 ], [ 90.0, -80.0 ], [ 96.0, -80.0 ] ] ] } },
{ "type": "Feature", "properties": { "nome_folha": "T47" }, "geometry": { "type": "Polygon", "coordinates": [ [ [ 102.0, -80.0 ], [ 102.0, -76.0 ], [ 96.0, -76.0 ], [ 96.0, -80.0 ], [ 102.0, -80.0 ] ] ] } },
{ "type": "Feature", "properties": { "nome_folha": "T48" }, "geometry": { "type": "Polygon", "coordinates": [ [ [ 108.0, -80.0 ], [ 108.0, -76.0 ], [ 102.0, -76.0 ], [ 102.0, -80.0 ], [ 108.0, -80.0 ] ] ] } },
{ "type": "Feature", "properties": { "nome_folha": "T49" }, "geometry": { "type": "Polygon", "coordinates": [ [ [ 114.0, -80.0 ], [ 114.0, -76.0 ], [ 108.0, -76.0 ], [ 108.0, -80.0 ], [ 114.0, -80.0 ] ] ] } },
{ "type": "Feature", "properties": { "nome_folha": "T50" }, "geometry": { "type": "Polygon", "coordinates": [ [ [ 120.0, -80.0 ], [ 120.0, -76.0 ], [ 114.0, -76.0 ], [ 114.0, -80.0 ], [ 120.0, -80.0 ] ] ] } },
{ "type": "Feature", "properties": { "nome_folha": "T51" }, "geometry": { "type": "Polygon", "coordinates": [ [ [ 126.0, -80.0 ], [ 126.0, -76.0 ], [ 120.0, -76.0 ], [ 120.0, -80.0 ], [ 126.0, -80.0 ] ] ] } },
{ "type": "Feature", "properties": { "nome_folha": "T52" }, "geometry": { "type": "Polygon", "coordinates": [ [ [ 132.0, -80.0 ], [ 132.0, -76.0 ], [ 126.0, -76.0 ], [ 126.0, -80.0 ], [ 132.0, -80.0 ] ] ] } },
{ "type": "Feature", "properties": { "nome_folha": "T53" }, "geometry": { "type": "Polygon", "coordinates": [ [ [ 138.0, -80.0 ], [ 138.0, -76.0 ], [ 132.0, -76.0 ], [ 132.0, -80.0 ], [ 138.0, -80.0 ] ] ] } },
{ "type": "Feature", "properties": { "nome_folha": "T54" }, "geometry": { "type": "Polygon", "coordinates": [ [ [ 144.0, -80.0 ], [ 144.0, -76.0 ], [ 138.0, -76.0 ], [ 138.0, -80.0 ], [ 144.0, -80.0 ] ] ] } },
{ "type": "Feature", "properties": { "nome_folha": "T55" }, "geometry": { "type": "Polygon", "coordinates": [ [ [ 150.0, -80.0 ], [ 150.0, -76.0 ], [ 144.0, -76.0 ], [ 144.0, -80.0 ], [ 150.0, -80.0 ] ] ] } },
{ "type": "Feature", "properties": { "nome_folha": "T56" }, "geometry": { "type": "Polygon", "coordinates": [ [ [ 156.0, -80.0 ], [ 156.0, -76.0 ], [ 150.0, -76.0 ], [ 150.0, -80.0 ], [ 156.0, -80.0 ] ] ] } },
{ "type": "Feature", "properties": { "nome_folha": "T57" }, "geometry": { "type": "Polygon", "coordinates": [ [ [ 162.0, -80.0 ], [ 162.0, -76.0 ], [ 156.0, -76.0 ], [ 156.0, -80.0 ], [ 162.0, -80.0 ] ] ] } },
{ "type": "Feature", "properties": { "nome_folha": "T58" }, "geometry": { "type": "Polygon", "coordinates": [ [ [ 168.0, -80.0 ], [ 168.0, -76.0 ], [ 162.0, -76.0 ], [ 162.0, -80.0 ], [ 168.0, -80.0 ] ] ] } },
{ "type": "Feature", "properties": { "nome_folha": "T59" }, "geometry": { "type": "Polygon", "coordinates": [ [ [ 174.0, -80.0 ], [ 174.0, -76.0 ], [ 168.0, -76.0 ], [ 168.0, -80.0 ], [ 174.0, -80.0 ] ] ] } },
{ "type": "Feature", "properties": { "nome_folha": "T60" }, "geometry": { "type": "Polygon", "coordinates": [ [ [ 180.0, -80.0 ], [ 180.0, -76.0 ], [ 174.0, -76.0 ], [ 174.0, -80.0 ], [ 180.0, -80.0 ] ] ] } },
{ "type": "Feature", "properties": { "nome_folha": "S01" }, "geometry": { "type": "Polygon", "coordinates": [ [ [ -174.0, -76.0 ], [ -174.0, -72.0 ], [ -180.0, -72.0 ], [ -180.0, -76.0 ], [ -174.0, -76.0 ] ] ] } },
{ "type": "Feature", "properties": { "nome_folha": "S02" }, "geometry": { "type": "Polygon", "coordinates": [ [ [ -168.0, -76.0 ], [ -168.0, -72.0 ], [ -174.0, -72.0 ], [ -174.0, -76.0 ], [ -168.0, -76.0 ] ] ] } },
{ "type": "Feature", "properties": { "nome_folha": "S03" }, "geometry": { "type": "Polygon", "coordinates": [ [ [ -162.0, -76.0 ], [ -162.0, -72.0 ], [ -168.0, -72.0 ], [ -168.0, -76.0 ], [ -162.0, -76.0 ] ] ] } },
{ "type": "Feature", "properties": { "nome_folha": "S04" }, "geometry": { "type": "Polygon", "coordinates": [ [ [ -156.0, -76.0 ], [ -156.0, -72.0 ], [ -162.0, -72.0 ], [ -162.0, -76.0 ], [ -156.0, -76.0 ] ] ] } },
{ "type": "Feature", "properties": { "nome_folha": "S05" }, "geometry": { "type": "Polygon", "coordinates": [ [ [ -150.0, -76.0 ], [ -150.0, -72.0 ], [ -156.0, -72.0 ], [ -156.0, -76.0 ], [ -150.0, -76.0 ] ] ] } },
{ "type": "Feature", "properties": { "nome_folha": "S06" }, "geometry": { "type": "Polygon", "coordinates": [ [ [ -144.0, -76.0 ], [ -144.0, -72.0 ], [ -150.0, -72.0 ], [ -150.0, -76.0 ], [ -144.0, -76.0 ] ] ] } },
{ "type": "Feature", "properties": { "nome_folha": "S07" }, "geometry": { "type": "Polygon", "coordinates": [ [ [ -138.0, -76.0 ], [ -138.0, -72.0 ], [ -144.0, -72.0 ], [ -144.0, -76.0 ], [ -138.0, -76.0 ] ] ] } },
{ "type": "Feature", "properties": { "nome_folha": "S08" }, "geometry": { "type": "Polygon", "coordinates": [ [ [ -132.0, -76.0 ], [ -132.0, -72.0 ], [ -138.0, -72.0 ], [ -138.0, -76.0 ], [ -132.0, -76.0 ] ] ] } },
{ "type": "Feature", "properties": { "nome_folha": "S09" }, "geometry": { "type": "Polygon", "coordinates": [ [ [ -126.0, -76.0 ], [ -126.0, -72.0 ], [ -132.0, -72.0 ], [ -132.0, -76.0 ], [ -126.0, -76.0 ] ] ] } },
{ "type": "Feature", "properties": { "nome_folha": "S10" }, "geometry": { "type": "Polygon", "coordinates": [ [ [ -120.0, -76.0 ], [ -120.0, -72.0 ], [ -126.0, -72.0 ], [ -126.0, -76.0 ], [ -120.0, -76.0 ] ] ] } },
{ "type": "Feature", "properties": { "nome_folha": "S11" }, "geometry": { "type": "Polygon", "coordinates": [ [ [ -114.0, -76.0 ], [ -114.0, -72.0 ], [ -120.0, -72.0 ], [ -120.0, -76.0 ], [ -114.0, -76.0 ] ] ] } },
{ "type": "Feature", "properties": { "nome_folha": "S12" }, "geometry": { "type": "Polygon", "coordinates": [ [ [ -108.0, -76.0 ], [ -108.0, -72.0 ], [ -114.0, -72.0 ], [ -114.0, -76.0 ], [ -108.0, -76.0 ] ] ] } },
{ "type": "Feature", "properties": { "nome_folha": "S13" }, "geometry": { "type": "Polygon", "coordinates": [ [ [ -102.0, -76.0 ], [ -102.0, -72.0 ], [ -108.0, -72.0 ], [ -108.0, -76.0 ], [ -102.0, -76.0 ] ] ] } },
{ "type": "Feature", "properties": { "nome_folha": "S14" }, "geometry": { "type": "Polygon", "coordinates": [ [ [ -96.0, -76.0 ], [ -96.0, -72.0 ], [ -102.0, -72.0 ], [ -102.0, -76.0 ], [ -96.0, -76.0 ] ] ] } },
{ "type": "Feature", "properties": { "nome_folha": "S15" }, "geometry": { "type": "Polygon", "coordinates": [ [ [ -90.0, -76.0 ], [ -90.0, -72.0 ], [ -96.0, -72.0 ], [ -96.0, -76.0 ], [ -90.0, -76.0 ] ] ] } },
{ "type": "Feature", "properties": { "nome_folha": "S16" }, "geometry": { "type": "Polygon", "coordinates": [ [ [ -84.0, -76.0 ], [ -84.0, -72.0 ], [ -90.0, -72.0 ], [ -90.0, -76.0 ], [ -84.0, -76.0 ] ] ] } },
{ "type": "Feature", "properties": { "nome_folha": "S17" }, "geometry": { "type": "Polygon", "coordinates": [ [ [ -78.0, -76.0 ], [ -78.0, -72.0 ], [ -84.0, -72.0 ], [ -84.0, -76.0 ], [ -78.0, -76.0 ] ] ] } },
{ "type": "Feature", "properties": { "nome_folha": "S18" }, "geometry": { "type": "Polygon", "coordinates": [ [ [ -72.0, -76.0 ], [ -72.0, -72.0 ], [ -78.0, -72.0 ], [ -78.0, -76.0 ], [ -72.0, -76.0 ] ] ] } },
{ "type": "Feature", "properties": { "nome_folha": "S19" }, "geometry": { "type": "Polygon", "coordinates": [ [ [ -66.0, -76.0 ], [ -66.0, -72.0 ], [ -72.0, -72.0 ], [ -72.0, -76.0 ], [ -66.0, -76.0 ] ] ] } },
{ "type": "Feature", "properties": { "nome_folha": "S20" }, "geometry": { "type": "Polygon", "coordinates": [ [ [ -60.0, -76.0 ], [ -60.0, -72.0 ], [ -66.0, -72.0 ], [ -66.0, -76.0 ], [ -60.0, -76.0 ] ] ] } },
{ "type": "Feature", "properties": { "nome_folha": "S21" }, "geometry": { "type": "Polygon", "coordinates": [ [ [ -54.0, -76.0 ], [ -54.0, -72.0 ], [ -60.0, -72.0 ], [ -60.0, -76.0 ], [ -54.0, -76.0 ] ] ] } },
{ "type": "Feature", "properties": { "nome_folha": "S22" }, "geometry": { "type": "Polygon", "coordinates": [ [ [ -48.0, -76.0 ], [ -48.0, -72.0 ], [ -54.0, -72.0 ], [ -54.0, -76.0 ], [ -48.0, -76.0 ] ] ] } },
{ "type": "Feature", "properties": { "nome_folha": "S23" }, "geometry": { "type": "Polygon", "coordinates": [ [ [ -42.0, -76.0 ], [ -42.0, -72.0 ], [ -48.0, -72.0 ], [ -48.0, -76.0 ], [ -42.0, -76.0 ] ] ] } },
{ "type": "Feature", "properties": { "nome_folha": "S24" }, "geometry": { "type": "Polygon", "coordinates": [ [ [ -36.0, -76.0 ], [ -36.0, -72.0 ], [ -42.0, -72.0 ], [ -42.0, -76.0 ], [ -36.0, -76.0 ] ] ] } },
{ "type": "Feature", "properties": { "nome_folha": "S25" }, "geometry": { "type": "Polygon", "coordinates": [ [ [ -30.0, -76.0 ], [ -30.0, -72.0 ], [ -36.0, -72.0 ], [ -36.0, -76.0 ], [ -30.0, -76.0 ] ] ] } },
{ "type": "Feature", "properties": { "nome_folha": "S26" }, "geometry": { "type": "Polygon", "coordinates": [ [ [ -24.0, -76.0 ], [ -24.0, -72.0 ], [ -30.0, -72.0 ], [ -30.0, -76.0 ], [ -24.0, -76.0 ] ] ] } },
{ "type": "Feature", "properties": { "nome_folha": "S27" }, "geometry": { "type": "Polygon", "coordinates": [ [ [ -18.0, -76.0 ], [ -18.0, -72.0 ], [ -24.0, -72.0 ], [ -24.0, -76.0 ], [ -18.0, -76.0 ] ] ] } },
{ "type": "Feature", "properties": { "nome_folha": "S28" }, "geometry": { "type": "Polygon", "coordinates": [ [ [ -12.0, -76.0 ], [ -12.0, -72.0 ], [ -18.0, -72.0 ], [ -18.0, -76.0 ], [ -12.0, -76.0 ] ] ] } },
{ "type": "Feature", "properties": { "nome_folha": "S29" }, "geometry": { "type": "Polygon", "coordinates": [ [ [ -6.0, -76.0 ], [ -6.0, -72.0 ], [ -12.0, -72.0 ], [ -12.0, -76.0 ], [ -6.0, -76.0 ] ] ] } },
{ "type": "Feature", "properties": { "nome_folha": "S30" }, "geometry": { "type": "Polygon", "coordinates": [ [ [ 0.0, -76.0 ], [ 0.0, -72.0 ], [ -6.0, -72.0 ], [ -6.0, -76.0 ], [ 0.0, -76.0 ] ] ] } },
{ "type": "Feature", "properties": { "nome_folha": "S31" }, "geometry": { "type": "Polygon", "coordinates": [ [ [ 6.0, -76.0 ], [ 6.0, -72.0 ], [ 0.0, -72.0 ], [ 0.0, -76.0 ], [ 6.0, -76.0 ] ] ] } },
{ "type": "Feature", "properties": { "nome_folha": "S32" }, "geometry": { "type": "Polygon", "coordinates": [ [ [ 12.0, -76.0 ], [ 12.0, -72.0 ], [ 6.0, -72.0 ], [ 6.0, -76.0 ], [ 12.0, -76.0 ] ] ] } },
{ "type": "Feature", "properties": { "nome_folha": "S33" }, "geometry": { "type": "Polygon", "coordinates": [ [ [ 18.0, -76.0 ], [ 18.0, -72.0 ], [ 12.0, -72.0 ], [ 12.0, -76.0 ], [ 18.0, -76.0 ] ] ] } },
{ "type": "Feature", "properties": { "nome_folha": "S34" }, "geometry": { "type": "Polygon", "coordinates": [ [ [ 24.0, -76.0 ], [ 24.0, -72.0 ], [ 18.0, -72.0 ], [ 18.0, -76.0 ], [ 24.0, -76.0 ] ] ] } },
{ "type": "Feature", "properties": { "nome_folha": "S35" }, "geometry": { "type": "Polygon", "coordinates": [ [ [ 30.0, -76.0 ], [ 30.0, -72.0 ], [ 24.0, -72.0 ], [ 24.0, -76.0 ], [ 30.0, -76.0 ] ] ] } },
{ "type": "Feature", "properties": { "nome_folha": "S36" }, "geometry": { "type": "Polygon", "coordinates": [ [ [ 36.0, -76.0 ], [ 36.0, -72.0 ], [ 30.0, -72.0 ], [ 30.0, -76.0 ], [ 36.0, -76.0 ] ] ] } },
{ "type": "Feature", "properties": { "nome_folha": "S37" }, "geometry": { "type": "Polygon", "coordinates": [ [ [ 42.0, -76.0 ], [ 42.0, -72.0 ], [ 36.0, -72.0 ], [ 36.0, -76.0 ], [ 42.0, -76.0 ] ] ] } },
{ "type": "Feature", "properties": { "nome_folha": "S38" }, "geometry": { "type": "Polygon", "coordinates": [ [ [ 48.0, -76.0 ], [ 48.0, -72.0 ], [ 42.0, -72.0 ], [ 42.0, -76.0 ], [ 48.0, -76.0 ] ] ] } },
{ "type": "Feature", "properties": { "nome_folha": "S39" }, "geometry": { "type": "Polygon", "coordinates": [ [ [ 54.0, -76.0 ], [ 54.0, -72.0 ], [ 48.0, -72.0 ], [ 48.0, -76.0 ], [ 54.0, -76.0 ] ] ] } },
{ "type": "Feature", "properties": { "nome_folha": "S40" }, "geometry": { "type": "Polygon", "coordinates": [ [ [ 60.0, -76.0 ], [ 60.0, -72.0 ], [ 54.0, -72.0 ], [ 54.0, -76.0 ], [ 60.0, -76.0 ] ] ] } },
{ "type": "Feature", "properties": { "nome_folha": "S41" }, "geometry": { "type": "Polygon", "coordinates": [ [ [ 66.0, -76.0 ], [ 66.0, -72.0 ], [ 60.0, -72.0 ], [ 60.0, -76.0 ], [ 66.0, -76.0 ] ] ] } },
{ "type": "Feature", "properties": { "nome_folha": "S42" }, "geometry": { "type": "Polygon", "coordinates": [ [ [ 72.0, -76.0 ], [ 72.0, -72.0 ], [ 66.0, -72.0 ], [ 66.0, -76.0 ], [ 72.0, -76.0 ] ] ] } },
{ "type": "Feature", "properties": { "nome_folha": "S43" }, "geometry": { "type": "Polygon", "coordinates": [ [ [ 78.0, -76.0 ], [ 78.0, -72.0 ], [ 72.0, -72.0 ], [ 72.0, -76.0 ], [ 78.0, -76.0 ] ] ] } },
{ "type": "Feature", "properties": { "nome_folha": "S44" }, "geometry": { "type": "Polygon", "coordinates": [ [ [ 84.0, -76.0 ], [ 84.0, -72.0 ], [ 78.0, -72.0 ], [ 78.0, -76.0 ], [ 84.0, -76.0 ] ] ] } },
{ "type": "Feature", "properties": { "nome_folha": "S45" }, "geometry": { "type": "Polygon", "coordinates": [ [ [ 90.0, -76.0 ], [ 90.0, -72.0 ], [ 84.0, -72.0 ], [ 84.0, -76.0 ], [ 90.0, -76.0 ] ] ] } },
{ "type": "Feature", "properties": { "nome_folha": "S46" }, "geometry": { "type": "Polygon", "coordinates": [ [ [ 96.0, -76.0 ], [ 96.0, -72.0 ], [ 90.0, -72.0 ], [ 90.0, -76.0 ], [ 96.0, -76.0 ] ] ] } },
{ "type": "Feature", "properties": { "nome_folha": "S47" }, "geometry": { "type": "Polygon", "coordinates": [ [ [ 102.0, -76.0 ], [ 102.0, -72.0 ], [ 96.0, -72.0 ], [ 96.0, -76.0 ], [ 102.0, -76.0 ] ] ] } },
{ "type": "Feature", "properties": { "nome_folha": "S48" }, "geometry": { "type": "Polygon", "coordinates": [ [ [ 108.0, -76.0 ], [ 108.0, -72.0 ], [ 102.0, -72.0 ], [ 102.0, -76.0 ], [ 108.0, -76.0 ] ] ] } },
{ "type": "Feature", "properties": { "nome_folha": "S49" }, "geometry": { "type": "Polygon", "coordinates": [ [ [ 114.0, -76.0 ], [ 114.0, -72.0 ], [ 108.0, -72.0 ], [ 108.0, -76.0 ], [ 114.0, -76.0 ] ] ] } },
{ "type": "Feature", "properties": { "nome_folha": "S50" }, "geometry": { "type": "Polygon", "coordinates": [ [ [ 120.0, -76.0 ], [ 120.0, -72.0 ], [ 114.0, -72.0 ], [ 114.0, -76.0 ], [ 120.0, -76.0 ] ] ] } },
{ "type": "Feature", "properties": { "nome_folha": "S51" }, "geometry": { "type": "Polygon", "coordinates": [ [ [ 126.0, -76.0 ], [ 126.0, -72.0 ], [ 120.0, -72.0 ], [ 120.0, -76.0 ], [ 126.0, -76.0 ] ] ] } },
{ "type": "Feature", "properties": { "nome_folha": "S52" }, "geometry": { "type": "Polygon", "coordinates": [ [ [ 132.0, -76.0 ], [ 132.0, -72.0 ], [ 126.0, -72.0 ], [ 126.0, -76.0 ], [ 132.0, -76.0 ] ] ] } },
{ "type": "Feature", "properties": { "nome_folha": "S53" }, "geometry": { "type": "Polygon", "coordinates": [ [ [ 138.0, -76.0 ], [ 138.0, -72.0 ], [ 132.0, -72.0 ], [ 132.0, -76.0 ], [ 138.0, -76.0 ] ] ] } },
{ "type": "Feature", "properties": { "nome_folha": "S54" }, "geometry": { "type": "Polygon", "coordinates": [ [ [ 144.0, -76.0 ], [ 144.0, -72.0 ], [ 138.0, -72.0 ], [ 138.0, -76.0 ], [ 144.0, -76.0 ] ] ] } },
{ "type": "Feature", "properties": { "nome_folha": "S55" }, "geometry": { "type": "Polygon", "coordinates": [ [ [ 150.0, -76.0 ], [ 150.0, -72.0 ], [ 144.0, -72.0 ], [ 144.0, -76.0 ], [ 150.0, -76.0 ] ] ] } },
{ "type": "Feature", "properties": { "nome_folha": "S56" }, "geometry": { "type": "Polygon", "coordinates": [ [ [ 156.0, -76.0 ], [ 156.0, -72.0 ], [ 150.0, -72.0 ], [ 150.0, -76.0 ], [ 156.0, -76.0 ] ] ] } },
{ "type": "Feature", "properties": { "nome_folha": "S57" }, "geometry": { "type": "Polygon", "coordinates": [ [ [ 162.0, -76.0 ], [ 162.0, -72.0 ], [ 156.0, -72.0 ], [ 156.0, -76.0 ], [ 162.0, -76.0 ] ] ] } },
{ "type": "Feature", "properties": { "nome_folha": "S58" }, "geometry": { "type": "Polygon", "coordinates": [ [ [ 168.0, -76.0 ], [ 168.0, -72.0 ], [ 162.0, -72.0 ], [ 162.0, -76.0 ], [ 168.0, -76.0 ] ] ] } },
{ "type": "Feature", "properties": { "nome_folha": "S59" }, "geometry": { "type": "Polygon", "coordinates": [ [ [ 174.0, -76.0 ], [ 174.0, -72.0 ], [ 168.0, -72.0 ], [ 168.0, -76.0 ], [ 174.0, -76.0 ] ] ] } },
{ "type": "Feature", "properties": { "nome_folha": "S60" }, "geometry": { "type": "Polygon", "coordinates": [ [ [ 180.0, -76.0 ], [ 180.0, -72.0 ], [ 174.0, -72.0 ], [ 174.0, -76.0 ], [ 180.0, -76.0 ] ] ] } },
{ "type": "Feature", "properties": { "nome_folha": "R01" }, "geometry": { "type": "Polygon", "coordinates": [ [ [ -174.0, -72.0 ], [ -174.0, -68.0 ], [ -180.0, -68.0 ], [ -180.0, -72.0 ], [ -174.0, -72.0 ] ] ] } },
{ "type": "Feature", "properties": { "nome_folha": "R02" }, "geometry": { "type": "Polygon", "coordinates": [ [ [ -168.0, -72.0 ], [ -168.0, -68.0 ], [ -174.0, -68.0 ], [ -174.0, -72.0 ], [ -168.0, -72.0 ] ] ] } },
{ "type": "Feature", "properties": { "nome_folha": "R03" }, "geometry": { "type": "Polygon", "coordinates": [ [ [ -162.0, -72.0 ], [ -162.0, -68.0 ], [ -168.0, -68.0 ], [ -168.0, -72.0 ], [ -162.0, -72.0 ] ] ] } },
{ "type": "Feature", "properties": { "nome_folha": "R04" }, "geometry": { "type": "Polygon", "coordinates": [ [ [ -156.0, -72.0 ], [ -156.0, -68.0 ], [ -162.0, -68.0 ], [ -162.0, -72.0 ], [ -156.0, -72.0 ] ] ] } },
{ "type": "Feature", "properties": { "nome_folha": "R05" }, "geometry": { "type": "Polygon", "coordinates": [ [ [ -150.0, -72.0 ], [ -150.0, -68.0 ], [ -156.0, -68.0 ], [ -156.0, -72.0 ], [ -150.0, -72.0 ] ] ] } },
{ "type": "Feature", "properties": { "nome_folha": "R06" }, "geometry": { "type": "Polygon", "coordinates": [ [ [ -144.0, -72.0 ], [ -144.0, -68.0 ], [ -150.0, -68.0 ], [ -150.0, -72.0 ], [ -144.0, -72.0 ] ] ] } },
{ "type": "Feature", "properties": { "nome_folha": "R07" }, "geometry": { "type": "Polygon", "coordinates": [ [ [ -138.0, -72.0 ], [ -138.0, -68.0 ], [ -144.0, -68.0 ], [ -144.0, -72.0 ], [ -138.0, -72.0 ] ] ] } },
{ "type": "Feature", "properties": { "nome_folha": "R08" }, "geometry": { "type": "Polygon", "coordinates": [ [ [ -132.0, -72.0 ], [ -132.0, -68.0 ], [ -138.0, -68.0 ], [ -138.0, -72.0 ], [ -132.0, -72.0 ] ] ] } },
{ "type": "Feature", "properties": { "nome_folha": "R09" }, "geometry": { "type": "Polygon", "coordinates": [ [ [ -126.0, -72.0 ], [ -126.0, -68.0 ], [ -132.0, -68.0 ], [ -132.0, -72.0 ], [ -126.0, -72.0 ] ] ] } },
{ "type": "Feature", "properties": { "nome_folha": "R10" }, "geometry": { "type": "Polygon", "coordinates": [ [ [ -120.0, -72.0 ], [ -120.0, -68.0 ], [ -126.0, -68.0 ], [ -126.0, -72.0 ], [ -120.0, -72.0 ] ] ] } },
{ "type": "Feature", "properties": { "nome_folha": "R11" }, "geometry": { "type": "Polygon", "coordinates": [ [ [ -114.0, -72.0 ], [ -114.0, -68.0 ], [ -120.0, -68.0 ], [ -120.0, -72.0 ], [ -114.0, -72.0 ] ] ] } },
{ "type": "Feature", "properties": { "nome_folha": "R12" }, "geometry": { "type": "Polygon", "coordinates": [ [ [ -108.0, -72.0 ], [ -108.0, -68.0 ], [ -114.0, -68.0 ], [ -114.0, -72.0 ], [ -108.0, -72.0 ] ] ] } },
{ "type": "Feature", "properties": { "nome_folha": "R13" }, "geometry": { "type": "Polygon", "coordinates": [ [ [ -102.0, -72.0 ], [ -102.0, -68.0 ], [ -108.0, -68.0 ], [ -108.0, -72.0 ], [ -102.0, -72.0 ] ] ] } },
{ "type": "Feature", "properties": { "nome_folha": "R14" }, "geometry": { "type": "Polygon", "coordinates": [ [ [ -96.0, -72.0 ], [ -96.0, -68.0 ], [ -102.0, -68.0 ], [ -102.0, -72.0 ], [ -96.0, -72.0 ] ] ] } },
{ "type": "Feature", "properties": { "nome_folha": "R15" }, "geometry": { "type": "Polygon", "coordinates": [ [ [ -90.0, -72.0 ], [ -90.0, -68.0 ], [ -96.0, -68.0 ], [ -96.0, -72.0 ], [ -90.0, -72.0 ] ] ] } },
{ "type": "Feature", "properties": { "nome_folha": "R16" }, "geometry": { "type": "Polygon", "coordinates": [ [ [ -84.0, -72.0 ], [ -84.0, -68.0 ], [ -90.0, -68.0 ], [ -90.0, -72.0 ], [ -84.0, -72.0 ] ] ] } },
{ "type": "Feature", "properties": { "nome_folha": "R17" }, "geometry": { "type": "Polygon", "coordinates": [ [ [ -78.0, -72.0 ], [ -78.0, -68.0 ], [ -84.0, -68.0 ], [ -84.0, -72.0 ], [ -78.0, -72.0 ] ] ] } },
{ "type": "Feature", "properties": { "nome_folha": "R18" }, "geometry": { "type": "Polygon", "coordinates": [ [ [ -72.0, -72.0 ], [ -72.0, -68.0 ], [ -78.0, -68.0 ], [ -78.0, -72.0 ], [ -72.0, -72.0 ] ] ] } },
{ "type": "Feature", "properties": { "nome_folha": "R19" }, "geometry": { "type": "Polygon", "coordinates": [ [ [ -66.0, -72.0 ], [ -66.0, -68.0 ], [ -72.0, -68.0 ], [ -72.0, -72.0 ], [ -66.0, -72.0 ] ] ] } },
{ "type": "Feature", "properties": { "nome_folha": "R20" }, "geometry": { "type": "Polygon", "coordinates": [ [ [ -60.0, -72.0 ], [ -60.0, -68.0 ], [ -66.0, -68.0 ], [ -66.0, -72.0 ], [ -60.0, -72.0 ] ] ] } },
{ "type": "Feature", "properties": { "nome_folha": "R21" }, "geometry": { "type": "Polygon", "coordinates": [ [ [ -54.0, -72.0 ], [ -54.0, -68.0 ], [ -60.0, -68.0 ], [ -60.0, -72.0 ], [ -54.0, -72.0 ] ] ] } },
{ "type": "Feature", "properties": { "nome_folha": "R22" }, "geometry": { "type": "Polygon", "coordinates": [ [ [ -48.0, -72.0 ], [ -48.0, -68.0 ], [ -54.0, -68.0 ], [ -54.0, -72.0 ], [ -48.0, -72.0 ] ] ] } },
{ "type": "Feature", "properties": { "nome_folha": "R23" }, "geometry": { "type": "Polygon", "coordinates": [ [ [ -42.0, -72.0 ], [ -42.0, -68.0 ], [ -48.0, -68.0 ], [ -48.0, -72.0 ], [ -42.0, -72.0 ] ] ] } },
{ "type": "Feature", "properties": { "nome_folha": "R24" }, "geometry": { "type": "Polygon", "coordinates": [ [ [ -36.0, -72.0 ], [ -36.0, -68.0 ], [ -42.0, -68.0 ], [ -42.0, -72.0 ], [ -36.0, -72.0 ] ] ] } },
{ "type": "Feature", "properties": { "nome_folha": "R25" }, "geometry": { "type": "Polygon", "coordinates": [ [ [ -30.0, -72.0 ], [ -30.0, -68.0 ], [ -36.0, -68.0 ], [ -36.0, -72.0 ], [ -30.0, -72.0 ] ] ] } },
{ "type": "Feature", "properties": { "nome_folha": "R26" }, "geometry": { "type": "Polygon", "coordinates": [ [ [ -24.0, -72.0 ], [ -24.0, -68.0 ], [ -30.0, -68.0 ], [ -30.0, -72.0 ], [ -24.0, -72.0 ] ] ] } },
{ "type": "Feature", "properties": { "nome_folha": "R27" }, "geometry": { "type": "Polygon", "coordinates": [ [ [ -18.0, -72.0 ], [ -18.0, -68.0 ], [ -24.0, -68.0 ], [ -24.0, -72.0 ], [ -18.0, -72.0 ] ] ] } },
{ "type": "Feature", "properties": { "nome_folha": "R28" }, "geometry": { "type": "Polygon", "coordinates": [ [ [ -12.0, -72.0 ], [ -12.0, -68.0 ], [ -18.0, -68.0 ], [ -18.0, -72.0 ], [ -12.0, -72.0 ] ] ] } },
{ "type": "Feature", "properties": { "nome_folha": "R29" }, "geometry": { "type": "Polygon", "coordinates": [ [ [ -6.0, -72.0 ], [ -6.0, -68.0 ], [ -12.0, -68.0 ], [ -12.0, -72.0 ], [ -6.0, -72.0 ] ] ] } },
{ "type": "Feature", "properties": { "nome_folha": "R30" }, "geometry": { "type": "Polygon", "coordinates": [ [ [ 0.0, -72.0 ], [ 0.0, -68.0 ], [ -6.0, -68.0 ], [ -6.0, -72.0 ], [ 0.0, -72.0 ] ] ] } },
{ "type": "Feature", "properties": { "nome_folha": "R31" }, "geometry": { "type": "Polygon", "coordinates": [ [ [ 6.0, -72.0 ], [ 6.0, -68.0 ], [ 0.0, -68.0 ], [ 0.0, -72.0 ], [ 6.0, -72.0 ] ] ] } },
{ "type": "Feature", "properties": { "nome_folha": "R32" }, "geometry": { "type": "Polygon", "coordinates": [ [ [ 12.0, -72.0 ], [ 12.0, -68.0 ], [ 6.0, -68.0 ], [ 6.0, -72.0 ], [ 12.0, -72.0 ] ] ] } },
{ "type": "Feature", "properties": { "nome_folha": "R33" }, "geometry": { "type": "Polygon", "coordinates": [ [ [ 18.0, -72.0 ], [ 18.0, -68.0 ], [ 12.0, -68.0 ], [ 12.0, -72.0 ], [ 18.0, -72.0 ] ] ] } },
{ "type": "Feature", "properties": { "nome_folha": "R34" }, "geometry": { "type": "Polygon", "coordinates": [ [ [ 24.0, -72.0 ], [ 24.0, -68.0 ], [ 18.0, -68.0 ], [ 18.0, -72.0 ], [ 24.0, -72.0 ] ] ] } },
{ "type": "Feature", "properties": { "nome_folha": "R35" }, "geometry": { "type": "Polygon", "coordinates": [ [ [ 30.0, -72.0 ], [ 30.0, -68.0 ], [ 24.0, -68.0 ], [ 24.0, -72.0 ], [ 30.0, -72.0 ] ] ] } },
{ "type": "Feature", "properties": { "nome_folha": "R36" }, "geometry": { "type": "Polygon", "coordinates": [ [ [ 36.0, -72.0 ], [ 36.0, -68.0 ], [ 30.0, -68.0 ], [ 30.0, -72.0 ], [ 36.0, -72.0 ] ] ] } },
{ "type": "Feature", "properties": { "nome_folha": "R37" }, "geometry": { "type": "Polygon", "coordinates": [ [ [ 42.0, -72.0 ], [ 42.0, -68.0 ], [ 36.0, -68.0 ], [ 36.0, -72.0 ], [ 42.0, -72.0 ] ] ] } },
{ "type": "Feature", "properties": { "nome_folha": "R38" }, "geometry": { "type": "Polygon", "coordinates": [ [ [ 48.0, -72.0 ], [ 48.0, -68.0 ], [ 42.0, -68.0 ], [ 42.0, -72.0 ], [ 48.0, -72.0 ] ] ] } },
{ "type": "Feature", "properties": { "nome_folha": "R39" }, "geometry": { "type": "Polygon", "coordinates": [ [ [ 54.0, -72.0 ], [ 54.0, -68.0 ], [ 48.0, -68.0 ], [ 48.0, -72.0 ], [ 54.0, -72.0 ] ] ] } },
{ "type": "Feature", "properties": { "nome_folha": "R40" }, "geometry": { "type": "Polygon", "coordinates": [ [ [ 60.0, -72.0 ], [ 60.0, -68.0 ], [ 54.0, -68.0 ], [ 54.0, -72.0 ], [ 60.0, -72.0 ] ] ] } },
{ "type": "Feature", "properties": { "nome_folha": "R41" }, "geometry": { "type": "Polygon", "coordinates": [ [ [ 66.0, -72.0 ], [ 66.0, -68.0 ], [ 60.0, -68.0 ], [ 60.0, -72.0 ], [ 66.0, -72.0 ] ] ] } },
{ "type": "Feature", "properties": { "nome_folha": "R42" }, "geometry": { "type": "Polygon", "coordinates": [ [ [ 72.0, -72.0 ], [ 72.0, -68.0 ], [ 66.0, -68.0 ], [ 66.0, -72.0 ], [ 72.0, -72.0 ] ] ] } },
{ "type": "Feature", "properties": { "nome_folha": "R43" }, "geometry": { "type": "Polygon", "coordinates": [ [ [ 78.0, -72.0 ], [ 78.0, -68.0 ], [ 72.0, -68.0 ], [ 72.0, -72.0 ], [ 78.0, -72.0 ] ] ] } },
{ "type": "Feature", "properties": { "nome_folha": "R44" }, "geometry": { "type": "Polygon", "coordinates": [ [ [ 84.0, -72.0 ], [ 84.0, -68.0 ], [ 78.0, -68.0 ], [ 78.0, -72.0 ], [ 84.0, -72.0 ] ] ] } },
{ "type": "Feature", "properties": { "nome_folha": "R45" }, "geometry": { "type": "Polygon", "coordinates": [ [ [ 90.0, -72.0 ], [ 90.0, -68.0 ], [ 84.0, -68.0 ], [ 84.0, -72.0 ], [ 90.0, -72.0 ] ] ] } },
{ "type": "Feature", "properties": { "nome_folha": "R46" }, "geometry": { "type": "Polygon", "coordinates": [ [ [ 96.0, -72.0 ], [ 96.0, -68.0 ], [ 90.0, -68.0 ], [ 90.0, -72.0 ], [ 96.0, -72.0 ] ] ] } },
{ "type": "Feature", "properties": { "nome_folha": "R47" }, "geometry": { "type": "Polygon", "coordinates": [ [ [ 102.0, -72.0 ], [ 102.0, -68.0 ], [ 96.0, -68.0 ], [ 96.0, -72.0 ], [ 102.0, -72.0 ] ] ] } },
{ "type": "Feature", "properties": { "nome_folha": "R48" }, "geometry": { "type": "Polygon", "coordinates": [ [ [ 108.0, -72.0 ], [ 108.0, -68.0 ], [ 102.0, -68.0 ], [ 102.0, -72.0 ], [ 108.0, -72.0 ] ] ] } },
{ "type": "Feature", "properties": { "nome_folha": "R49" }, "geometry": { "type": "Polygon", "coordinates": [ [ [ 114.0, -72.0 ], [ 114.0, -68.0 ], [ 108.0, -68.0 ], [ 108.0, -72.0 ], [ 114.0, -72.0 ] ] ] } },
{ "type": "Feature", "properties": { "nome_folha": "R50" }, "geometry": { "type": "Polygon", "coordinates": [ [ [ 120.0, -72.0 ], [ 120.0, -68.0 ], [ 114.0, -68.0 ], [ 114.0, -72.0 ], [ 120.0, -72.0 ] ] ] } },
{ "type": "Feature", "properties": { "nome_folha": "R51" }, "geometry": { "type": "Polygon", "coordinates": [ [ [ 126.0, -72.0 ], [ 126.0, -68.0 ], [ 120.0, -68.0 ], [ 120.0, -72.0 ], [ 126.0, -72.0 ] ] ] } },
{ "type": "Feature", "properties": { "nome_folha": "R52" }, "geometry": { "type": "Polygon", "coordinates": [ [ [ 132.0, -72.0 ], [ 132.0, -68.0 ], [ 126.0, -68.0 ], [ 126.0, -72.0 ], [ 132.0, -72.0 ] ] ] } },
{ "type": "Feature", "properties": { "nome_folha": "R53" }, "geometry": { "type": "Polygon", "coordinates": [ [ [ 138.0, -72.0 ], [ 138.0, -68.0 ], [ 132.0, -68.0 ], [ 132.0, -72.0 ], [ 138.0, -72.0 ] ] ] } },
{ "type": "Feature", "properties": { "nome_folha": "R54" }, "geometry": { "type": "Polygon", "coordinates": [ [ [ 144.0, -72.0 ], [ 144.0, -68.0 ], [ 138.0, -68.0 ], [ 138.0, -72.0 ], [ 144.0, -72.0 ] ] ] } },
{ "type": "Feature", "properties": { "nome_folha": "R55" }, "geometry": { "type": "Polygon", "coordinates": [ [ [ 150.0, -72.0 ], [ 150.0, -68.0 ], [ 144.0, -68.0 ], [ 144.0, -72.0 ], [ 150.0, -72.0 ] ] ] } },
{ "type": "Feature", "properties": { "nome_folha": "R56" }, "geometry": { "type": "Polygon", "coordinates": [ [ [ 156.0, -72.0 ], [ 156.0, -68.0 ], [ 150.0, -68.0 ], [ 150.0, -72.0 ], [ 156.0, -72.0 ] ] ] } },
{ "type": "Feature", "properties": { "nome_folha": "R57" }, "geometry": { "type": "Polygon", "coordinates": [ [ [ 162.0, -72.0 ], [ 162.0, -68.0 ], [ 156.0, -68.0 ], [ 156.0, -72.0 ], [ 162.0, -72.0 ] ] ] } },
{ "type": "Feature", "properties": { "nome_folha": "R58" }, "geometry": { "type": "Polygon", "coordinates": [ [ [ 168.0, -72.0 ], [ 168.0, -68.0 ], [ 162.0, -68.0 ], [ 162.0, -72.0 ], [ 168.0, -72.0 ] ] ] } },
{ "type": "Feature", "properties": { "nome_folha": "R59" }, "geometry": { "type": "Polygon", "coordinates": [ [ [ 174.0, -72.0 ], [ 174.0, -68.0 ], [ 168.0, -68.0 ], [ 168.0, -72.0 ], [ 174.0, -72.0 ] ] ] } },
{ "type": "Feature", "properties": { "nome_folha": "R60" }, "geometry": { "type": "Polygon", "coordinates": [ [ [ 180.0, -72.0 ], [ 180.0, -68.0 ], [ 174.0, -68.0 ], [ 174.0, -72.0 ], [ 180.0, -72.0 ] ] ] } },
{ "type": "Feature", "properties": { "nome_folha": "Q01" }, "geometry": { "type": "Polygon", "coordinates": [ [ [ -174.0, -68.0 ], [ -174.0, -64.0 ], [ -180.0, -64.0 ], [ -180.0, -68.0 ], [ -174.0, -68.0 ] ] ] } },
{ "type": "Feature", "properties": { "nome_folha": "Q02" }, "geometry": { "type": "Polygon", "coordinates": [ [ [ -168.0, -68.0 ], [ -168.0, -64.0 ], [ -174.0, -64.0 ], [ -174.0, -68.0 ], [ -168.0, -68.0 ] ] ] } },
{ "type": "Feature", "properties": { "nome_folha": "Q03" }, "geometry": { "type": "Polygon", "coordinates": [ [ [ -162.0, -68.0 ], [ -162.0, -64.0 ], [ -168.0, -64.0 ], [ -168.0, -68.0 ], [ -162.0, -68.0 ] ] ] } },
{ "type": "Feature", "properties": { "nome_folha": "Q04" }, "geometry": { "type": "Polygon", "coordinates": [ [ [ -156.0, -68.0 ], [ -156.0, -64.0 ], [ -162.0, -64.0 ], [ -162.0, -68.0 ], [ -156.0, -68.0 ] ] ] } },
{ "type": "Feature", "properties": { "nome_folha": "Q05" }, "geometry": { "type": "Polygon", "coordinates": [ [ [ -150.0, -68.0 ], [ -150.0, -64.0 ], [ -156.0, -64.0 ], [ -156.0, -68.0 ], [ -150.0, -68.0 ] ] ] } },
{ "type": "Feature", "properties": { "nome_folha": "Q06" }, "geometry": { "type": "Polygon", "coordinates": [ [ [ -144.0, -68.0 ], [ -144.0, -64.0 ], [ -150.0, -64.0 ], [ -150.0, -68.0 ], [ -144.0, -68.0 ] ] ] } },
{ "type": "Feature", "properties": { "nome_folha": "Q07" }, "geometry": { "type": "Polygon", "coordinates": [ [ [ -138.0, -68.0 ], [ -138.0, -64.0 ], [ -144.0, -64.0 ], [ -144.0, -68.0 ], [ -138.0, -68.0 ] ] ] } },
{ "type": "Feature", "properties": { "nome_folha": "Q08" }, "geometry": { "type": "Polygon", "coordinates": [ [ [ -132.0, -68.0 ], [ -132.0, -64.0 ], [ -138.0, -64.0 ], [ -138.0, -68.0 ], [ -132.0, -68.0 ] ] ] } },
{ "type": "Feature", "properties": { "nome_folha": "Q09" }, "geometry": { "type": "Polygon", "coordinates": [ [ [ -126.0, -68.0 ], [ -126.0, -64.0 ], [ -132.0, -64.0 ], [ -132.0, -68.0 ], [ -126.0, -68.0 ] ] ] } },
{ "type": "Feature", "properties": { "nome_folha": "Q10" }, "geometry": { "type": "Polygon", "coordinates": [ [ [ -120.0, -68.0 ], [ -120.0, -64.0 ], [ -126.0, -64.0 ], [ -126.0, -68.0 ], [ -120.0, -68.0 ] ] ] } },
{ "type": "Feature", "properties": { "nome_folha": "Q11" }, "geometry": { "type": "Polygon", "coordinates": [ [ [ -114.0, -68.0 ], [ -114.0, -64.0 ], [ -120.0, -64.0 ], [ -120.0, -68.0 ], [ -114.0, -68.0 ] ] ] } },
{ "type": "Feature", "properties": { "nome_folha": "Q12" }, "geometry": { "type": "Polygon", "coordinates": [ [ [ -108.0, -68.0 ], [ -108.0, -64.0 ], [ -114.0, -64.0 ], [ -114.0, -68.0 ], [ -108.0, -68.0 ] ] ] } },
{ "type": "Feature", "properties": { "nome_folha": "Q13" }, "geometry": { "type": "Polygon", "coordinates": [ [ [ -102.0, -68.0 ], [ -102.0, -64.0 ], [ -108.0, -64.0 ], [ -108.0, -68.0 ], [ -102.0, -68.0 ] ] ] } },
{ "type": "Feature", "properties": { "nome_folha": "Q14" }, "geometry": { "type": "Polygon", "coordinates": [ [ [ -96.0, -68.0 ], [ -96.0, -64.0 ], [ -102.0, -64.0 ], [ -102.0, -68.0 ], [ -96.0, -68.0 ] ] ] } },
{ "type": "Feature", "properties": { "nome_folha": "Q15" }, "geometry": { "type": "Polygon", "coordinates": [ [ [ -90.0, -68.0 ], [ -90.0, -64.0 ], [ -96.0, -64.0 ], [ -96.0, -68.0 ], [ -90.0, -68.0 ] ] ] } },
{ "type": "Feature", "properties": { "nome_folha": "Q16" }, "geometry": { "type": "Polygon", "coordinates": [ [ [ -84.0, -68.0 ], [ -84.0, -64.0 ], [ -90.0, -64.0 ], [ -90.0, -68.0 ], [ -84.0, -68.0 ] ] ] } },
{ "type": "Feature", "properties": { "nome_folha": "Q17" }, "geometry": { "type": "Polygon", "coordinates": [ [ [ -78.0, -68.0 ], [ -78.0, -64.0 ], [ -84.0, -64.0 ], [ -84.0, -68.0 ], [ -78.0, -68.0 ] ] ] } },
{ "type": "Feature", "properties": { "nome_folha": "Q18" }, "geometry": { "type": "Polygon", "coordinates": [ [ [ -72.0, -68.0 ], [ -72.0, -64.0 ], [ -78.0, -64.0 ], [ -78.0, -68.0 ], [ -72.0, -68.0 ] ] ] } },
{ "type": "Feature", "properties": { "nome_folha": "Q19" }, "geometry": { "type": "Polygon", "coordinates": [ [ [ -66.0, -68.0 ], [ -66.0, -64.0 ], [ -72.0, -64.0 ], [ -72.0, -68.0 ], [ -66.0, -68.0 ] ] ] } },
{ "type": "Feature", "properties": { "nome_folha": "Q20" }, "geometry": { "type": "Polygon", "coordinates": [ [ [ -60.0, -68.0 ], [ -60.0, -64.0 ], [ -66.0, -64.0 ], [ -66.0, -68.0 ], [ -60.0, -68.0 ] ] ] } },
{ "type": "Feature", "properties": { "nome_folha": "Q21" }, "geometry": { "type": "Polygon", "coordinates": [ [ [ -54.0, -68.0 ], [ -54.0, -64.0 ], [ -60.0, -64.0 ], [ -60.0, -68.0 ], [ -54.0, -68.0 ] ] ] } },
{ "type": "Feature", "properties": { "nome_folha": "Q22" }, "geometry": { "type": "Polygon", "coordinates": [ [ [ -48.0, -68.0 ], [ -48.0, -64.0 ], [ -54.0, -64.0 ], [ -54.0, -68.0 ], [ -48.0, -68.0 ] ] ] } },
{ "type": "Feature", "properties": { "nome_folha": "Q23" }, "geometry": { "type": "Polygon", "coordinates": [ [ [ -42.0, -68.0 ], [ -42.0, -64.0 ], [ -48.0, -64.0 ], [ -48.0, -68.0 ], [ -42.0, -68.0 ] ] ] } },
{ "type": "Feature", "properties": { "nome_folha": "Q24" }, "geometry": { "type": "Polygon", "coordinates": [ [ [ -36.0, -68.0 ], [ -36.0, -64.0 ], [ -42.0, -64.0 ], [ -42.0, -68.0 ], [ -36.0, -68.0 ] ] ] } },
{ "type": "Feature", "properties": { "nome_folha": "Q25" }, "geometry": { "type": "Polygon", "coordinates": [ [ [ -30.0, -68.0 ], [ -30.0, -64.0 ], [ -36.0, -64.0 ], [ -36.0, -68.0 ], [ -30.0, -68.0 ] ] ] } },
{ "type": "Feature", "properties": { "nome_folha": "Q26" }, "geometry": { "type": "Polygon", "coordinates": [ [ [ -24.0, -68.0 ], [ -24.0, -64.0 ], [ -30.0, -64.0 ], [ -30.0, -68.0 ], [ -24.0, -68.0 ] ] ] } },
{ "type": "Feature", "properties": { "nome_folha": "Q27" }, "geometry": { "type": "Polygon", "coordinates": [ [ [ -18.0, -68.0 ], [ -18.0, -64.0 ], [ -24.0, -64.0 ], [ -24.0, -68.0 ], [ -18.0, -68.0 ] ] ] } },
{ "type": "Feature", "properties": { "nome_folha": "Q28" }, "geometry": { "type": "Polygon", "coordinates": [ [ [ -12.0, -68.0 ], [ -12.0, -64.0 ], [ -18.0, -64.0 ], [ -18.0, -68.0 ], [ -12.0, -68.0 ] ] ] } },
{ "type": "Feature", "properties": { "nome_folha": "Q29" }, "geometry": { "type": "Polygon", "coordinates": [ [ [ -6.0, -68.0 ], [ -6.0, -64.0 ], [ -12.0, -64.0 ], [ -12.0, -68.0 ], [ -6.0, -68.0 ] ] ] } },
{ "type": "Feature", "properties": { "nome_folha": "Q30" }, "geometry": { "type": "Polygon", "coordinates": [ [ [ 0.0, -68.0 ], [ 0.0, -64.0 ], [ -6.0, -64.0 ], [ -6.0, -68.0 ], [ 0.0, -68.0 ] ] ] } },
{ "type": "Feature", "properties": { "nome_folha": "Q31" }, "geometry": { "type": "Polygon", "coordinates": [ [ [ 6.0, -68.0 ], [ 6.0, -64.0 ], [ 0.0, -64.0 ], [ 0.0, -68.0 ], [ 6.0, -68.0 ] ] ] } },
{ "type": "Feature", "properties": { "nome_folha": "Q32" }, "geometry": { "type": "Polygon", "coordinates": [ [ [ 12.0, -68.0 ], [ 12.0, -64.0 ], [ 6.0, -64.0 ], [ 6.0, -68.0 ], [ 12.0, -68.0 ] ] ] } },
{ "type": "Feature", "properties": { "nome_folha": "Q33" }, "geometry": { "type": "Polygon", "coordinates": [ [ [ 18.0, -68.0 ], [ 18.0, -64.0 ], [ 12.0, -64.0 ], [ 12.0, -68.0 ], [ 18.0, -68.0 ] ] ] } },
{ "type": "Feature", "properties": { "nome_folha": "Q34" }, "geometry": { "type": "Polygon", "coordinates": [ [ [ 24.0, -68.0 ], [ 24.0, -64.0 ], [ 18.0, -64.0 ], [ 18.0, -68.0 ], [ 24.0, -68.0 ] ] ] } },
{ "type": "Feature", "properties": { "nome_folha": "Q35" }, "geometry": { "type": "Polygon", "coordinates": [ [ [ 30.0, -68.0 ], [ 30.0, -64.0 ], [ 24.0, -64.0 ], [ 24.0, -68.0 ], [ 30.0, -68.0 ] ] ] } },
{ "type": "Feature", "properties": { "nome_folha": "Q36" }, "geometry": { "type": "Polygon", "coordinates": [ [ [ 36.0, -68.0 ], [ 36.0, -64.0 ], [ 30.0, -64.0 ], [ 30.0, -68.0 ], [ 36.0, -68.0 ] ] ] } },
{ "type": "Feature", "properties": { "nome_folha": "Q37" }, "geometry": { "type": "Polygon", "coordinates": [ [ [ 42.0, -68.0 ], [ 42.0, -64.0 ], [ 36.0, -64.0 ], [ 36.0, -68.0 ], [ 42.0, -68.0 ] ] ] } },
{ "type": "Feature", "properties": { "nome_folha": "Q38" }, "geometry": { "type": "Polygon", "coordinates": [ [ [ 48.0, -68.0 ], [ 48.0, -64.0 ], [ 42.0, -64.0 ], [ 42.0, -68.0 ], [ 48.0, -68.0 ] ] ] } },
{ "type": "Feature", "properties": { "nome_folha": "Q39" }, "geometry": { "type": "Polygon", "coordinates": [ [ [ 54.0, -68.0 ], [ 54.0, -64.0 ], [ 48.0, -64.0 ], [ 48.0, -68.0 ], [ 54.0, -68.0 ] ] ] } },
{ "type": "Feature", "properties": { "nome_folha": "Q40" }, "geometry": { "type": "Polygon", "coordinates": [ [ [ 60.0, -68.0 ], [ 60.0, -64.0 ], [ 54.0, -64.0 ], [ 54.0, -68.0 ], [ 60.0, -68.0 ] ] ] } },
{ "type": "Feature", "properties": { "nome_folha": "Q41" }, "geometry": { "type": "Polygon", "coordinates": [ [ [ 66.0, -68.0 ], [ 66.0, -64.0 ], [ 60.0, -64.0 ], [ 60.0, -68.0 ], [ 66.0, -68.0 ] ] ] } },
{ "type": "Feature", "properties": { "nome_folha": "Q42" }, "geometry": { "type": "Polygon", "coordinates": [ [ [ 72.0, -68.0 ], [ 72.0, -64.0 ], [ 66.0, -64.0 ], [ 66.0, -68.0 ], [ 72.0, -68.0 ] ] ] } },
{ "type": "Feature", "properties": { "nome_folha": "Q43" }, "geometry": { "type": "Polygon", "coordinates": [ [ [ 78.0, -68.0 ], [ 78.0, -64.0 ], [ 72.0, -64.0 ], [ 72.0, -68.0 ], [ 78.0, -68.0 ] ] ] } },
{ "type": "Feature", "properties": { "nome_folha": "Q44" }, "geometry": { "type": "Polygon", "coordinates": [ [ [ 84.0, -68.0 ], [ 84.0, -64.0 ], [ 78.0, -64.0 ], [ 78.0, -68.0 ], [ 84.0, -68.0 ] ] ] } },
{ "type": "Feature", "properties": { "nome_folha": "Q45" }, "geometry": { "type": "Polygon", "coordinates": [ [ [ 90.0, -68.0 ], [ 90.0, -64.0 ], [ 84.0, -64.0 ], [ 84.0, -68.0 ], [ 90.0, -68.0 ] ] ] } },
{ "type": "Feature", "properties": { "nome_folha": "Q46" }, "geometry": { "type": "Polygon", "coordinates": [ [ [ 96.0, -68.0 ], [ 96.0, -64.0 ], [ 90.0, -64.0 ], [ 90.0, -68.0 ], [ 96.0, -68.0 ] ] ] } },
{ "type": "Feature", "properties": { "nome_folha": "Q47" }, "geometry": { "type": "Polygon", "coordinates": [ [ [ 102.0, -68.0 ], [ 102.0, -64.0 ], [ 96.0, -64.0 ], [ 96.0, -68.0 ], [ 102.0, -68.0 ] ] ] } },
{ "type": "Feature", "properties": { "nome_folha": "Q48" }, "geometry": { "type": "Polygon", "coordinates": [ [ [ 108.0, -68.0 ], [ 108.0, -64.0 ], [ 102.0, -64.0 ], [ 102.0, -68.0 ], [ 108.0, -68.0 ] ] ] } },
{ "type": "Feature", "properties": { "nome_folha": "Q49" }, "geometry": { "type": "Polygon", "coordinates": [ [ [ 114.0, -68.0 ], [ 114.0, -64.0 ], [ 108.0, -64.0 ], [ 108.0, -68.0 ], [ 114.0, -68.0 ] ] ] } },
{ "type": "Feature", "properties": { "nome_folha": "Q50" }, "geometry": { "type": "Polygon", "coordinates": [ [ [ 120.0, -68.0 ], [ 120.0, -64.0 ], [ 114.0, -64.0 ], [ 114.0, -68.0 ], [ 120.0, -68.0 ] ] ] } },
{ "type": "Feature", "properties": { "nome_folha": "Q51" }, "geometry": { "type": "Polygon", "coordinates": [ [ [ 126.0, -68.0 ], [ 126.0, -64.0 ], [ 120.0, -64.0 ], [ 120.0, -68.0 ], [ 126.0, -68.0 ] ] ] } },
{ "type": "Feature", "properties": { "nome_folha": "Q52" }, "geometry": { "type": "Polygon", "coordinates": [ [ [ 132.0, -68.0 ], [ 132.0, -64.0 ], [ 126.0, -64.0 ], [ 126.0, -68.0 ], [ 132.0, -68.0 ] ] ] } },
{ "type": "Feature", "properties": { "nome_folha": "Q53" }, "geometry": { "type": "Polygon", "coordinates": [ [ [ 138.0, -68.0 ], [ 138.0, -64.0 ], [ 132.0, -64.0 ], [ 132.0, -68.0 ], [ 138.0, -68.0 ] ] ] } },
{ "type": "Feature", "properties": { "nome_folha": "Q54" }, "geometry": { "type": "Polygon", "coordinates": [ [ [ 144.0, -68.0 ], [ 144.0, -64.0 ], [ 138.0, -64.0 ], [ 138.0, -68.0 ], [ 144.0, -68.0 ] ] ] } },
{ "type": "Feature", "properties": { "nome_folha": "Q55" }, "geometry": { "type": "Polygon", "coordinates": [ [ [ 150.0, -68.0 ], [ 150.0, -64.0 ], [ 144.0, -64.0 ], [ 144.0, -68.0 ], [ 150.0, -68.0 ] ] ] } },
{ "type": "Feature", "properties": { "nome_folha": "Q56" }, "geometry": { "type": "Polygon", "coordinates": [ [ [ 156.0, -68.0 ], [ 156.0, -64.0 ], [ 150.0, -64.0 ], [ 150.0, -68.0 ], [ 156.0, -68.0 ] ] ] } },
{ "type": "Feature", "properties": { "nome_folha": "Q57" }, "geometry": { "type": "Polygon", "coordinates": [ [ [ 162.0, -68.0 ], [ 162.0, -64.0 ], [ 156.0, -64.0 ], [ 156.0, -68.0 ], [ 162.0, -68.0 ] ] ] } },
{ "type": "Feature", "properties": { "nome_folha": "Q58" }, "geometry": { "type": "Polygon", "coordinates": [ [ [ 168.0, -68.0 ], [ 168.0, -64.0 ], [ 162.0, -64.0 ], [ 162.0, -68.0 ], [ 168.0, -68.0 ] ] ] } },
{ "type": "Feature", "properties": { "nome_folha": "Q59" }, "geometry": { "type": "Polygon", "coordinates": [ [ [ 174.0, -68.0 ], [ 174.0, -64.0 ], [ 168.0, -64.0 ], [ 168.0, -68.0 ], [ 174.0, -68.0 ] ] ] } },
{ "type": "Feature", "properties": { "nome_folha": "Q60" }, "geometry": { "type": "Polygon", "coordinates": [ [ [ 180.0, -68.0 ], [ 180.0, -64.0 ], [ 174.0, -64.0 ], [ 174.0, -68.0 ], [ 180.0, -68.0 ] ] ] } },
{ "type": "Feature", "properties": { "nome_folha": "P01" }, "geometry": { "type": "Polygon", "coordinates": [ [ [ -174.0, -64.0 ], [ -174.0, -60.0 ], [ -180.0, -60.0 ], [ -180.0, -64.0 ], [ -174.0, -64.0 ] ] ] } },
{ "type": "Feature", "properties": { "nome_folha": "P02" }, "geometry": { "type": "Polygon", "coordinates": [ [ [ -168.0, -64.0 ], [ -168.0, -60.0 ], [ -174.0, -60.0 ], [ -174.0, -64.0 ], [ -168.0, -64.0 ] ] ] } },
{ "type": "Feature", "properties": { "nome_folha": "P03" }, "geometry": { "type": "Polygon", "coordinates": [ [ [ -162.0, -64.0 ], [ -162.0, -60.0 ], [ -168.0, -60.0 ], [ -168.0, -64.0 ], [ -162.0, -64.0 ] ] ] } },
{ "type": "Feature", "properties": { "nome_folha": "P04" }, "geometry": { "type": "Polygon", "coordinates": [ [ [ -156.0, -64.0 ], [ -156.0, -60.0 ], [ -162.0, -60.0 ], [ -162.0, -64.0 ], [ -156.0, -64.0 ] ] ] } },
{ "type": "Feature", "properties": { "nome_folha": "P05" }, "geometry": { "type": "Polygon", "coordinates": [ [ [ -150.0, -64.0 ], [ -150.0, -60.0 ], [ -156.0, -60.0 ], [ -156.0, -64.0 ], [ -150.0, -64.0 ] ] ] } },
{ "type": "Feature", "properties": { "nome_folha": "P06" }, "geometry": { "type": "Polygon", "coordinates": [ [ [ -144.0, -64.0 ], [ -144.0, -60.0 ], [ -150.0, -60.0 ], [ -150.0, -64.0 ], [ -144.0, -64.0 ] ] ] } },
{ "type": "Feature", "properties": { "nome_folha": "P07" }, "geometry": { "type": "Polygon", "coordinates": [ [ [ -138.0, -64.0 ], [ -138.0, -60.0 ], [ -144.0, -60.0 ], [ -144.0, -64.0 ], [ -138.0, -64.0 ] ] ] } },
{ "type": "Feature", "properties": { "nome_folha": "P08" }, "geometry": { "type": "Polygon", "coordinates": [ [ [ -132.0, -64.0 ], [ -132.0, -60.0 ], [ -138.0, -60.0 ], [ -138.0, -64.0 ], [ -132.0, -64.0 ] ] ] } },
{ "type": "Feature", "properties": { "nome_folha": "P09" }, "geometry": { "type": "Polygon", "coordinates": [ [ [ -126.0, -64.0 ], [ -126.0, -60.0 ], [ -132.0, -60.0 ], [ -132.0, -64.0 ], [ -126.0, -64.0 ] ] ] } },
{ "type": "Feature", "properties": { "nome_folha": "P10" }, "geometry": { "type": "Polygon", "coordinates": [ [ [ -120.0, -64.0 ], [ -120.0, -60.0 ], [ -126.0, -60.0 ], [ -126.0, -64.0 ], [ -120.0, -64.0 ] ] ] } },
{ "type": "Feature", "properties": { "nome_folha": "P11" }, "geometry": { "type": "Polygon", "coordinates": [ [ [ -114.0, -64.0 ], [ -114.0, -60.0 ], [ -120.0, -60.0 ], [ -120.0, -64.0 ], [ -114.0, -64.0 ] ] ] } },
{ "type": "Feature", "properties": { "nome_folha": "P12" }, "geometry": { "type": "Polygon", "coordinates": [ [ [ -108.0, -64.0 ], [ -108.0, -60.0 ], [ -114.0, -60.0 ], [ -114.0, -64.0 ], [ -108.0, -64.0 ] ] ] } },
{ "type": "Feature", "properties": { "nome_folha": "P13" }, "geometry": { "type": "Polygon", "coordinates": [ [ [ -102.0, -64.0 ], [ -102.0, -60.0 ], [ -108.0, -60.0 ], [ -108.0, -64.0 ], [ -102.0, -64.0 ] ] ] } },
{ "type": "Feature", "properties": { "nome_folha": "P14" }, "geometry": { "type": "Polygon", "coordinates": [ [ [ -96.0, -64.0 ], [ -96.0, -60.0 ], [ -102.0, -60.0 ], [ -102.0, -64.0 ], [ -96.0, -64.0 ] ] ] } },
{ "type": "Feature", "properties": { "nome_folha": "P15" }, "geometry": { "type": "Polygon", "coordinates": [ [ [ -90.0, -64.0 ], [ -90.0, -60.0 ], [ -96.0, -60.0 ], [ -96.0, -64.0 ], [ -90.0, -64.0 ] ] ] } },
{ "type": "Feature", "properties": { "nome_folha": "P16" }, "geometry": { "type": "Polygon", "coordinates": [ [ [ -84.0, -64.0 ], [ -84.0, -60.0 ], [ -90.0, -60.0 ], [ -90.0, -64.0 ], [ -84.0, -64.0 ] ] ] } },
{ "type": "Feature", "properties": { "nome_folha": "P17" }, "geometry": { "type": "Polygon", "coordinates": [ [ [ -78.0, -64.0 ], [ -78.0, -60.0 ], [ -84.0, -60.0 ], [ -84.0, -64.0 ], [ -78.0, -64.0 ] ] ] } },
{ "type": "Feature", "properties": { "nome_folha": "P18" }, "geometry": { "type": "Polygon", "coordinates": [ [ [ -72.0, -64.0 ], [ -72.0, -60.0 ], [ -78.0, -60.0 ], [ -78.0, -64.0 ], [ -72.0, -64.0 ] ] ] } },
{ "type": "Feature", "properties": { "nome_folha": "P19" }, "geometry": { "type": "Polygon", "coordinates": [ [ [ -66.0, -64.0 ], [ -66.0, -60.0 ], [ -72.0, -60.0 ], [ -72.0, -64.0 ], [ -66.0, -64.0 ] ] ] } },
{ "type": "Feature", "properties": { "nome_folha": "P20" }, "geometry": { "type": "Polygon", "coordinates": [ [ [ -60.0, -64.0 ], [ -60.0, -60.0 ], [ -66.0, -60.0 ], [ -66.0, -64.0 ], [ -60.0, -64.0 ] ] ] } },
{ "type": "Feature", "properties": { "nome_folha": "P21" }, "geometry": { "type": "Polygon", "coordinates": [ [ [ -54.0, -64.0 ], [ -54.0, -60.0 ], [ -60.0, -60.0 ], [ -60.0, -64.0 ], [ -54.0, -64.0 ] ] ] } },
{ "type": "Feature", "properties": { "nome_folha": "P22" }, "geometry": { "type": "Polygon", "coordinates": [ [ [ -48.0, -64.0 ], [ -48.0, -60.0 ], [ -54.0, -60.0 ], [ -54.0, -64.0 ], [ -48.0, -64.0 ] ] ] } },
{ "type": "Feature", "properties": { "nome_folha": "P23" }, "geometry": { "type": "Polygon", "coordinates": [ [ [ -42.0, -64.0 ], [ -42.0, -60.0 ], [ -48.0, -60.0 ], [ -48.0, -64.0 ], [ -42.0, -64.0 ] ] ] } },
{ "type": "Feature", "properties": { "nome_folha": "P24" }, "geometry": { "type": "Polygon", "coordinates": [ [ [ -36.0, -64.0 ], [ -36.0, -60.0 ], [ -42.0, -60.0 ], [ -42.0, -64.0 ], [ -36.0, -64.0 ] ] ] } },
{ "type": "Feature", "properties": { "nome_folha": "P25" }, "geometry": { "type": "Polygon", "coordinates": [ [ [ -30.0, -64.0 ], [ -30.0, -60.0 ], [ -36.0, -60.0 ], [ -36.0, -64.0 ], [ -30.0, -64.0 ] ] ] } },
{ "type": "Feature", "properties": { "nome_folha": "P26" }, "geometry": { "type": "Polygon", "coordinates": [ [ [ -24.0, -64.0 ], [ -24.0, -60.0 ], [ -30.0, -60.0 ], [ -30.0, -64.0 ], [ -24.0, -64.0 ] ] ] } },
{ "type": "Feature", "properties": { "nome_folha": "P27" }, "geometry": { "type": "Polygon", "coordinates": [ [ [ -18.0, -64.0 ], [ -18.0, -60.0 ], [ -24.0, -60.0 ], [ -24.0, -64.0 ], [ -18.0, -64.0 ] ] ] } },
{ "type": "Feature", "properties": { "nome_folha": "P28" }, "geometry": { "type": "Polygon", "coordinates": [ [ [ -12.0, -64.0 ], [ -12.0, -60.0 ], [ -18.0, -60.0 ], [ -18.0, -64.0 ], [ -12.0, -64.0 ] ] ] } },
{ "type": "Feature", "properties": { "nome_folha": "P29" }, "geometry": { "type": "Polygon", "coordinates": [ [ [ -6.0, -64.0 ], [ -6.0, -60.0 ], [ -12.0, -60.0 ], [ -12.0, -64.0 ], [ -6.0, -64.0 ] ] ] } },
{ "type": "Feature", "properties": { "nome_folha": "P30" }, "geometry": { "type": "Polygon", "coordinates": [ [ [ 0.0, -64.0 ], [ 0.0, -60.0 ], [ -6.0, -60.0 ], [ -6.0, -64.0 ], [ 0.0, -64.0 ] ] ] } },
{ "type": "Feature", "properties": { "nome_folha": "P31" }, "geometry": { "type": "Polygon", "coordinates": [ [ [ 6.0, -64.0 ], [ 6.0, -60.0 ], [ 0.0, -60.0 ], [ 0.0, -64.0 ], [ 6.0, -64.0 ] ] ] } },
{ "type": "Feature", "properties": { "nome_folha": "P32" }, "geometry": { "type": "Polygon", "coordinates": [ [ [ 12.0, -64.0 ], [ 12.0, -60.0 ], [ 6.0, -60.0 ], [ 6.0, -64.0 ], [ 12.0, -64.0 ] ] ] } },
{ "type": "Feature", "properties": { "nome_folha": "P33" }, "geometry": { "type": "Polygon", "coordinates": [ [ [ 18.0, -64.0 ], [ 18.0, -60.0 ], [ 12.0, -60.0 ], [ 12.0, -64.0 ], [ 18.0, -64.0 ] ] ] } },
{ "type": "Feature", "properties": { "nome_folha": "P34" }, "geometry": { "type": "Polygon", "coordinates": [ [ [ 24.0, -64.0 ], [ 24.0, -60.0 ], [ 18.0, -60.0 ], [ 18.0, -64.0 ], [ 24.0, -64.0 ] ] ] } },
{ "type": "Feature", "properties": { "nome_folha": "P35" }, "geometry": { "type": "Polygon", "coordinates": [ [ [ 30.0, -64.0 ], [ 30.0, -60.0 ], [ 24.0, -60.0 ], [ 24.0, -64.0 ], [ 30.0, -64.0 ] ] ] } },
{ "type": "Feature", "properties": { "nome_folha": "P36" }, "geometry": { "type": "Polygon", "coordinates": [ [ [ 36.0, -64.0 ], [ 36.0, -60.0 ], [ 30.0, -60.0 ], [ 30.0, -64.0 ], [ 36.0, -64.0 ] ] ] } },
{ "type": "Feature", "properties": { "nome_folha": "P37" }, "geometry": { "type": "Polygon", "coordinates": [ [ [ 42.0, -64.0 ], [ 42.0, -60.0 ], [ 36.0, -60.0 ], [ 36.0, -64.0 ], [ 42.0, -64.0 ] ] ] } },
{ "type": "Feature", "properties": { "nome_folha": "P38" }, "geometry": { "type": "Polygon", "coordinates": [ [ [ 48.0, -64.0 ], [ 48.0, -60.0 ], [ 42.0, -60.0 ], [ 42.0, -64.0 ], [ 48.0, -64.0 ] ] ] } },
{ "type": "Feature", "properties": { "nome_folha": "P39" }, "geometry": { "type": "Polygon", "coordinates": [ [ [ 54.0, -64.0 ], [ 54.0, -60.0 ], [ 48.0, -60.0 ], [ 48.0, -64.0 ], [ 54.0, -64.0 ] ] ] } },
{ "type": "Feature", "properties": { "nome_folha": "P40" }, "geometry": { "type": "Polygon", "coordinates": [ [ [ 60.0, -64.0 ], [ 60.0, -60.0 ], [ 54.0, -60.0 ], [ 54.0, -64.0 ], [ 60.0, -64.0 ] ] ] } },
{ "type": "Feature", "properties": { "nome_folha": "P41" }, "geometry": { "type": "Polygon", "coordinates": [ [ [ 66.0, -64.0 ], [ 66.0, -60.0 ], [ 60.0, -60.0 ], [ 60.0, -64.0 ], [ 66.0, -64.0 ] ] ] } },
{ "type": "Feature", "properties": { "nome_folha": "P42" }, "geometry": { "type": "Polygon", "coordinates": [ [ [ 72.0, -64.0 ], [ 72.0, -60.0 ], [ 66.0, -60.0 ], [ 66.0, -64.0 ], [ 72.0, -64.0 ] ] ] } },
{ "type": "Feature", "properties": { "nome_folha": "P43" }, "geometry": { "type": "Polygon", "coordinates": [ [ [ 78.0, -64.0 ], [ 78.0, -60.0 ], [ 72.0, -60.0 ], [ 72.0, -64.0 ], [ 78.0, -64.0 ] ] ] } },
{ "type": "Feature", "properties": { "nome_folha": "P44" }, "geometry": { "type": "Polygon", "coordinates": [ [ [ 84.0, -64.0 ], [ 84.0, -60.0 ], [ 78.0, -60.0 ], [ 78.0, -64.0 ], [ 84.0, -64.0 ] ] ] } },
{ "type": "Feature", "properties": { "nome_folha": "P45" }, "geometry": { "type": "Polygon", "coordinates": [ [ [ 90.0, -64.0 ], [ 90.0, -60.0 ], [ 84.0, -60.0 ], [ 84.0, -64.0 ], [ 90.0, -64.0 ] ] ] } },
{ "type": "Feature", "properties": { "nome_folha": "P46" }, "geometry": { "type": "Polygon", "coordinates": [ [ [ 96.0, -64.0 ], [ 96.0, -60.0 ], [ 90.0, -60.0 ], [ 90.0, -64.0 ], [ 96.0, -64.0 ] ] ] } },
{ "type": "Feature", "properties": { "nome_folha": "P47" }, "geometry": { "type": "Polygon", "coordinates": [ [ [ 102.0, -64.0 ], [ 102.0, -60.0 ], [ 96.0, -60.0 ], [ 96.0, -64.0 ], [ 102.0, -64.0 ] ] ] } },
{ "type": "Feature", "properties": { "nome_folha": "P48" }, "geometry": { "type": "Polygon", "coordinates": [ [ [ 108.0, -64.0 ], [ 108.0, -60.0 ], [ 102.0, -60.0 ], [ 102.0, -64.0 ], [ 108.0, -64.0 ] ] ] } },
{ "type": "Feature", "properties": { "nome_folha": "P49" }, "geometry": { "type": "Polygon", "coordinates": [ [ [ 114.0, -64.0 ], [ 114.0, -60.0 ], [ 108.0, -60.0 ], [ 108.0, -64.0 ], [ 114.0, -64.0 ] ] ] } },
{ "type": "Feature", "properties": { "nome_folha": "P50" }, "geometry": { "type": "Polygon", "coordinates": [ [ [ 120.0, -64.0 ], [ 120.0, -60.0 ], [ 114.0, -60.0 ], [ 114.0, -64.0 ], [ 120.0, -64.0 ] ] ] } },
{ "type": "Feature", "properties": { "nome_folha": "P51" }, "geometry": { "type": "Polygon", "coordinates": [ [ [ 126.0, -64.0 ], [ 126.0, -60.0 ], [ 120.0, -60.0 ], [ 120.0, -64.0 ], [ 126.0, -64.0 ] ] ] } },
{ "type": "Feature", "properties": { "nome_folha": "P52" }, "geometry": { "type": "Polygon", "coordinates": [ [ [ 132.0, -64.0 ], [ 132.0, -60.0 ], [ 126.0, -60.0 ], [ 126.0, -64.0 ], [ 132.0, -64.0 ] ] ] } },
{ "type": "Feature", "properties": { "nome_folha": "P53" }, "geometry": { "type": "Polygon", "coordinates": [ [ [ 138.0, -64.0 ], [ 138.0, -60.0 ], [ 132.0, -60.0 ], [ 132.0, -64.0 ], [ 138.0, -64.0 ] ] ] } },
{ "type": "Feature", "properties": { "nome_folha": "P54" }, "geometry": { "type": "Polygon", "coordinates": [ [ [ 144.0, -64.0 ], [ 144.0, -60.0 ], [ 138.0, -60.0 ], [ 138.0, -64.0 ], [ 144.0, -64.0 ] ] ] } },
{ "type": "Feature", "properties": { "nome_folha": "P55" }, "geometry": { "type": "Polygon", "coordinates": [ [ [ 150.0, -64.0 ], [ 150.0, -60.0 ], [ 144.0, -60.0 ], [ 144.0, -64.0 ], [ 150.0, -64.0 ] ] ] } },
{ "type": "Feature", "properties": { "nome_folha": "P56" }, "geometry": { "type": "Polygon", "coordinates": [ [ [ 156.0, -64.0 ], [ 156.0, -60.0 ], [ 150.0, -60.0 ], [ 150.0, -64.0 ], [ 156.0, -64.0 ] ] ] } },
{ "type": "Feature", "properties": { "nome_folha": "P57" }, "geometry": { "type": "Polygon", "coordinates": [ [ [ 162.0, -64.0 ], [ 162.0, -60.0 ], [ 156.0, -60.0 ], [ 156.0, -64.0 ], [ 162.0, -64.0 ] ] ] } },
{ "type": "Feature", "properties": { "nome_folha": "P58" }, "geometry": { "type": "Polygon", "coordinates": [ [ [ 168.0, -64.0 ], [ 168.0, -60.0 ], [ 162.0, -60.0 ], [ 162.0, -64.0 ], [ 168.0, -64.0 ] ] ] } },
{ "type": "Feature", "properties": { "nome_folha": "P59" }, "geometry": { "type": "Polygon", "coordinates": [ [ [ 174.0, -64.0 ], [ 174.0, -60.0 ], [ 168.0, -60.0 ], [ 168.0, -64.0 ], [ 174.0, -64.0 ] ] ] } },
{ "type": "Feature", "properties": { "nome_folha": "P60" }, "geometry": { "type": "Polygon", "coordinates": [ [ [ 180.0, -64.0 ], [ 180.0, -60.0 ], [ 174.0, -60.0 ], [ 174.0, -64.0 ], [ 180.0, -64.0 ] ] ] } },
{ "type": "Feature", "properties": { "nome_folha": "O01" }, "geometry": { "type": "Polygon", "coordinates": [ [ [ -174.0, -60.0 ], [ -174.0, -56.0 ], [ -180.0, -56.0 ], [ -180.0, -60.0 ], [ -174.0, -60.0 ] ] ] } },
{ "type": "Feature", "properties": { "nome_folha": "O02" }, "geometry": { "type": "Polygon", "coordinates": [ [ [ -168.0, -60.0 ], [ -168.0, -56.0 ], [ -174.0, -56.0 ], [ -174.0, -60.0 ], [ -168.0, -60.0 ] ] ] } },
{ "type": "Feature", "properties": { "nome_folha": "O03" }, "geometry": { "type": "Polygon", "coordinates": [ [ [ -162.0, -60.0 ], [ -162.0, -56.0 ], [ -168.0, -56.0 ], [ -168.0, -60.0 ], [ -162.0, -60.0 ] ] ] } },
{ "type": "Feature", "properties": { "nome_folha": "O04" }, "geometry": { "type": "Polygon", "coordinates": [ [ [ -156.0, -60.0 ], [ -156.0, -56.0 ], [ -162.0, -56.0 ], [ -162.0, -60.0 ], [ -156.0, -60.0 ] ] ] } },
{ "type": "Feature", "properties": { "nome_folha": "O05" }, "geometry": { "type": "Polygon", "coordinates": [ [ [ -150.0, -60.0 ], [ -150.0, -56.0 ], [ -156.0, -56.0 ], [ -156.0, -60.0 ], [ -150.0, -60.0 ] ] ] } },
{ "type": "Feature", "properties": { "nome_folha": "O06" }, "geometry": { "type": "Polygon", "coordinates": [ [ [ -144.0, -60.0 ], [ -144.0, -56.0 ], [ -150.0, -56.0 ], [ -150.0, -60.0 ], [ -144.0, -60.0 ] ] ] } },
{ "type": "Feature", "properties": { "nome_folha": "O07" }, "geometry": { "type": "Polygon", "coordinates": [ [ [ -138.0, -60.0 ], [ -138.0, -56.0 ], [ -144.0, -56.0 ], [ -144.0, -60.0 ], [ -138.0, -60.0 ] ] ] } },
{ "type": "Feature", "properties": { "nome_folha": "O08" }, "geometry": { "type": "Polygon", "coordinates": [ [ [ -132.0, -60.0 ], [ -132.0, -56.0 ], [ -138.0, -56.0 ], [ -138.0, -60.0 ], [ -132.0, -60.0 ] ] ] } },
{ "type": "Feature", "properties": { "nome_folha": "O09" }, "geometry": { "type": "Polygon", "coordinates": [ [ [ -126.0, -60.0 ], [ -126.0, -56.0 ], [ -132.0, -56.0 ], [ -132.0, -60.0 ], [ -126.0, -60.0 ] ] ] } },
{ "type": "Feature", "properties": { "nome_folha": "O10" }, "geometry": { "type": "Polygon", "coordinates": [ [ [ -120.0, -60.0 ], [ -120.0, -56.0 ], [ -126.0, -56.0 ], [ -126.0, -60.0 ], [ -120.0, -60.0 ] ] ] } },
{ "type": "Feature", "properties": { "nome_folha": "O11" }, "geometry": { "type": "Polygon", "coordinates": [ [ [ -114.0, -60.0 ], [ -114.0, -56.0 ], [ -120.0, -56.0 ], [ -120.0, -60.0 ], [ -114.0, -60.0 ] ] ] } },
{ "type": "Feature", "properties": { "nome_folha": "O12" }, "geometry": { "type": "Polygon", "coordinates": [ [ [ -108.0, -60.0 ], [ -108.0, -56.0 ], [ -114.0, -56.0 ], [ -114.0, -60.0 ], [ -108.0, -60.0 ] ] ] } },
{ "type": "Feature", "properties": { "nome_folha": "O13" }, "geometry": { "type": "Polygon", "coordinates": [ [ [ -102.0, -60.0 ], [ -102.0, -56.0 ], [ -108.0, -56.0 ], [ -108.0, -60.0 ], [ -102.0, -60.0 ] ] ] } },
{ "type": "Feature", "properties": { "nome_folha": "O14" }, "geometry": { "type": "Polygon", "coordinates": [ [ [ -96.0, -60.0 ], [ -96.0, -56.0 ], [ -102.0, -56.0 ], [ -102.0, -60.0 ], [ -96.0, -60.0 ] ] ] } },
{ "type": "Feature", "properties": { "nome_folha": "O15" }, "geometry": { "type": "Polygon", "coordinates": [ [ [ -90.0, -60.0 ], [ -90.0, -56.0 ], [ -96.0, -56.0 ], [ -96.0, -60.0 ], [ -90.0, -60.0 ] ] ] } },
{ "type": "Feature", "properties": { "nome_folha": "O16" }, "geometry": { "type": "Polygon", "coordinates": [ [ [ -84.0, -60.0 ], [ -84.0, -56.0 ], [ -90.0, -56.0 ], [ -90.0, -60.0 ], [ -84.0, -60.0 ] ] ] } },
{ "type": "Feature", "properties": { "nome_folha": "O17" }, "geometry": { "type": "Polygon", "coordinates": [ [ [ -78.0, -60.0 ], [ -78.0, -56.0 ], [ -84.0, -56.0 ], [ -84.0, -60.0 ], [ -78.0, -60.0 ] ] ] } },
{ "type": "Feature", "properties": { "nome_folha": "O18" }, "geometry": { "type": "Polygon", "coordinates": [ [ [ -72.0, -60.0 ], [ -72.0, -56.0 ], [ -78.0, -56.0 ], [ -78.0, -60.0 ], [ -72.0, -60.0 ] ] ] } },
{ "type": "Feature", "properties": { "nome_folha": "O19" }, "geometry": { "type": "Polygon", "coordinates": [ [ [ -66.0, -60.0 ], [ -66.0, -56.0 ], [ -72.0, -56.0 ], [ -72.0, -60.0 ], [ -66.0, -60.0 ] ] ] } },
{ "type": "Feature", "properties": { "nome_folha": "O20" }, "geometry": { "type": "Polygon", "coordinates": [ [ [ -60.0, -60.0 ], [ -60.0, -56.0 ], [ -66.0, -56.0 ], [ -66.0, -60.0 ], [ -60.0, -60.0 ] ] ] } },
{ "type": "Feature", "properties": { "nome_folha": "O21" }, "geometry": { "type": "Polygon", "coordinates": [ [ [ -54.0, -60.0 ], [ -54.0, -56.0 ], [ -60.0, -56.0 ], [ -60.0, -60.0 ], [ -54.0, -60.0 ] ] ] } },
{ "type": "Feature", "properties": { "nome_folha": "O22" }, "geometry": { "type": "Polygon", "coordinates": [ [ [ -48.0, -60.0 ], [ -48.0, -56.0 ], [ -54.0, -56.0 ], [ -54.0, -60.0 ], [ -48.0, -60.0 ] ] ] } },
{ "type": "Feature", "properties": { "nome_folha": "O23" }, "geometry": { "type": "Polygon", "coordinates": [ [ [ -42.0, -60.0 ], [ -42.0, -56.0 ], [ -48.0, -56.0 ], [ -48.0, -60.0 ], [ -42.0, -60.0 ] ] ] } },
{ "type": "Feature", "properties": { "nome_folha": "O24" }, "geometry": { "type": "Polygon", "coordinates": [ [ [ -36.0, -60.0 ], [ -36.0, -56.0 ], [ -42.0, -56.0 ], [ -42.0, -60.0 ], [ -36.0, -60.0 ] ] ] } },
{ "type": "Feature", "properties": { "nome_folha": "O25" }, "geometry": { "type": "Polygon", "coordinates": [ [ [ -30.0, -60.0 ], [ -30.0, -56.0 ], [ -36.0, -56.0 ], [ -36.0, -60.0 ], [ -30.0, -60.0 ] ] ] } },
{ "type": "Feature", "properties": { "nome_folha": "O26" }, "geometry": { "type": "Polygon", "coordinates": [ [ [ -24.0, -60.0 ], [ -24.0, -56.0 ], [ -30.0, -56.0 ], [ -30.0, -60.0 ], [ -24.0, -60.0 ] ] ] } },
{ "type": "Feature", "properties": { "nome_folha": "O27" }, "geometry": { "type": "Polygon", "coordinates": [ [ [ -18.0, -60.0 ], [ -18.0, -56.0 ], [ -24.0, -56.0 ], [ -24.0, -60.0 ], [ -18.0, -60.0 ] ] ] } },
{ "type": "Feature", "properties": { "nome_folha": "O28" }, "geometry": { "type": "Polygon", "coordinates": [ [ [ -12.0, -60.0 ], [ -12.0, -56.0 ], [ -18.0, -56.0 ], [ -18.0, -60.0 ], [ -12.0, -60.0 ] ] ] } },
{ "type": "Feature", "properties": { "nome_folha": "O29" }, "geometry": { "type": "Polygon", "coordinates": [ [ [ -6.0, -60.0 ], [ -6.0, -56.0 ], [ -12.0, -56.0 ], [ -12.0, -60.0 ], [ -6.0, -60.0 ] ] ] } },
{ "type": "Feature", "properties": { "nome_folha": "O30" }, "geometry": { "type": "Polygon", "coordinates": [ [ [ 0.0, -60.0 ], [ 0.0, -56.0 ], [ -6.0, -56.0 ], [ -6.0, -60.0 ], [ 0.0, -60.0 ] ] ] } },
{ "type": "Feature", "properties": { "nome_folha": "O31" }, "geometry": { "type": "Polygon", "coordinates": [ [ [ 6.0, -60.0 ], [ 6.0, -56.0 ], [ 0.0, -56.0 ], [ 0.0, -60.0 ], [ 6.0, -60.0 ] ] ] } },
{ "type": "Feature", "properties": { "nome_folha": "O32" }, "geometry": { "type": "Polygon", "coordinates": [ [ [ 12.0, -60.0 ], [ 12.0, -56.0 ], [ 6.0, -56.0 ], [ 6.0, -60.0 ], [ 12.0, -60.0 ] ] ] } },
{ "type": "Feature", "properties": { "nome_folha": "O33" }, "geometry": { "type": "Polygon", "coordinates": [ [ [ 18.0, -60.0 ], [ 18.0, -56.0 ], [ 12.0, -56.0 ], [ 12.0, -60.0 ], [ 18.0, -60.0 ] ] ] } },
{ "type": "Feature", "properties": { "nome_folha": "O34" }, "geometry": { "type": "Polygon", "coordinates": [ [ [ 24.0, -60.0 ], [ 24.0, -56.0 ], [ 18.0, -56.0 ], [ 18.0, -60.0 ], [ 24.0, -60.0 ] ] ] } },
{ "type": "Feature", "properties": { "nome_folha": "O35" }, "geometry": { "type": "Polygon", "coordinates": [ [ [ 30.0, -60.0 ], [ 30.0, -56.0 ], [ 24.0, -56.0 ], [ 24.0, -60.0 ], [ 30.0, -60.0 ] ] ] } },
{ "type": "Feature", "properties": { "nome_folha": "O36" }, "geometry": { "type": "Polygon", "coordinates": [ [ [ 36.0, -60.0 ], [ 36.0, -56.0 ], [ 30.0, -56.0 ], [ 30.0, -60.0 ], [ 36.0, -60.0 ] ] ] } },
{ "type": "Feature", "properties": { "nome_folha": "O37" }, "geometry": { "type": "Polygon", "coordinates": [ [ [ 42.0, -60.0 ], [ 42.0, -56.0 ], [ 36.0, -56.0 ], [ 36.0, -60.0 ], [ 42.0, -60.0 ] ] ] } },
{ "type": "Feature", "properties": { "nome_folha": "O38" }, "geometry": { "type": "Polygon", "coordinates": [ [ [ 48.0, -60.0 ], [ 48.0, -56.0 ], [ 42.0, -56.0 ], [ 42.0, -60.0 ], [ 48.0, -60.0 ] ] ] } },
{ "type": "Feature", "properties": { "nome_folha": "O39" }, "geometry": { "type": "Polygon", "coordinates": [ [ [ 54.0, -60.0 ], [ 54.0, -56.0 ], [ 48.0, -56.0 ], [ 48.0, -60.0 ], [ 54.0, -60.0 ] ] ] } },
{ "type": "Feature", "properties": { "nome_folha": "O40" }, "geometry": { "type": "Polygon", "coordinates": [ [ [ 60.0, -60.0 ], [ 60.0, -56.0 ], [ 54.0, -56.0 ], [ 54.0, -60.0 ], [ 60.0, -60.0 ] ] ] } },
{ "type": "Feature", "properties": { "nome_folha": "O41" }, "geometry": { "type": "Polygon", "coordinates": [ [ [ 66.0, -60.0 ], [ 66.0, -56.0 ], [ 60.0, -56.0 ], [ 60.0, -60.0 ], [ 66.0, -60.0 ] ] ] } },
{ "type": "Feature", "properties": { "nome_folha": "O42" }, "geometry": { "type": "Polygon", "coordinates": [ [ [ 72.0, -60.0 ], [ 72.0, -56.0 ], [ 66.0, -56.0 ], [ 66.0, -60.0 ], [ 72.0, -60.0 ] ] ] } },
{ "type": "Feature", "properties": { "nome_folha": "O43" }, "geometry": { "type": "Polygon", "coordinates": [ [ [ 78.0, -60.0 ], [ 78.0, -56.0 ], [ 72.0, -56.0 ], [ 72.0, -60.0 ], [ 78.0, -60.0 ] ] ] } },
{ "type": "Feature", "properties": { "nome_folha": "O44" }, "geometry": { "type": "Polygon", "coordinates": [ [ [ 84.0, -60.0 ], [ 84.0, -56.0 ], [ 78.0, -56.0 ], [ 78.0, -60.0 ], [ 84.0, -60.0 ] ] ] } },
{ "type": "Feature", "properties": { "nome_folha": "O45" }, "geometry": { "type": "Polygon", "coordinates": [ [ [ 90.0, -60.0 ], [ 90.0, -56.0 ], [ 84.0, -56.0 ], [ 84.0, -60.0 ], [ 90.0, -60.0 ] ] ] } },
{ "type": "Feature", "properties": { "nome_folha": "O46" }, "geometry": { "type": "Polygon", "coordinates": [ [ [ 96.0, -60.0 ], [ 96.0, -56.0 ], [ 90.0, -56.0 ], [ 90.0, -60.0 ], [ 96.0, -60.0 ] ] ] } },
{ "type": "Feature", "properties": { "nome_folha": "O47" }, "geometry": { "type": "Polygon", "coordinates": [ [ [ 102.0, -60.0 ], [ 102.0, -56.0 ], [ 96.0, -56.0 ], [ 96.0, -60.0 ], [ 102.0, -60.0 ] ] ] } },
{ "type": "Feature", "properties": { "nome_folha": "O48" }, "geometry": { "type": "Polygon", "coordinates": [ [ [ 108.0, -60.0 ], [ 108.0, -56.0 ], [ 102.0, -56.0 ], [ 102.0, -60.0 ], [ 108.0, -60.0 ] ] ] } },
{ "type": "Feature", "properties": { "nome_folha": "O49" }, "geometry": { "type": "Polygon", "coordinates": [ [ [ 114.0, -60.0 ], [ 114.0, -56.0 ], [ 108.0, -56.0 ], [ 108.0, -60.0 ], [ 114.0, -60.0 ] ] ] } },
{ "type": "Feature", "properties": { "nome_folha": "O50" }, "geometry": { "type": "Polygon", "coordinates": [ [ [ 120.0, -60.0 ], [ 120.0, -56.0 ], [ 114.0, -56.0 ], [ 114.0, -60.0 ], [ 120.0, -60.0 ] ] ] } },
{ "type": "Feature", "properties": { "nome_folha": "O51" }, "geometry": { "type": "Polygon", "coordinates": [ [ [ 126.0, -60.0 ], [ 126.0, -56.0 ], [ 120.0, -56.0 ], [ 120.0, -60.0 ], [ 126.0, -60.0 ] ] ] } },
{ "type": "Feature", "properties": { "nome_folha": "O52" }, "geometry": { "type": "Polygon", "coordinates": [ [ [ 132.0, -60.0 ], [ 132.0, -56.0 ], [ 126.0, -56.0 ], [ 126.0, -60.0 ], [ 132.0, -60.0 ] ] ] } },
{ "type": "Feature", "properties": { "nome_folha": "O53" }, "geometry": { "type": "Polygon", "coordinates": [ [ [ 138.0, -60.0 ], [ 138.0, -56.0 ], [ 132.0, -56.0 ], [ 132.0, -60.0 ], [ 138.0, -60.0 ] ] ] } },
{ "type": "Feature", "properties": { "nome_folha": "O54" }, "geometry": { "type": "Polygon", "coordinates": [ [ [ 144.0, -60.0 ], [ 144.0, -56.0 ], [ 138.0, -56.0 ], [ 138.0, -60.0 ], [ 144.0, -60.0 ] ] ] } },
{ "type": "Feature", "properties": { "nome_folha": "O55" }, "geometry": { "type": "Polygon", "coordinates": [ [ [ 150.0, -60.0 ], [ 150.0, -56.0 ], [ 144.0, -56.0 ], [ 144.0, -60.0 ], [ 150.0, -60.0 ] ] ] } },
{ "type": "Feature", "properties": { "nome_folha": "O56" }, "geometry": { "type": "Polygon", "coordinates": [ [ [ 156.0, -60.0 ], [ 156.0, -56.0 ], [ 150.0, -56.0 ], [ 150.0, -60.0 ], [ 156.0, -60.0 ] ] ] } },
{ "type": "Feature", "properties": { "nome_folha": "O57" }, "geometry": { "type": "Polygon", "coordinates": [ [ [ 162.0, -60.0 ], [ 162.0, -56.0 ], [ 156.0, -56.0 ], [ 156.0, -60.0 ], [ 162.0, -60.0 ] ] ] } },
{ "type": "Feature", "properties": { "nome_folha": "O58" }, "geometry": { "type": "Polygon", "coordinates": [ [ [ 168.0, -60.0 ], [ 168.0, -56.0 ], [ 162.0, -56.0 ], [ 162.0, -60.0 ], [ 168.0, -60.0 ] ] ] } },
{ "type": "Feature", "properties": { "nome_folha": "O59" }, "geometry": { "type": "Polygon", "coordinates": [ [ [ 174.0, -60.0 ], [ 174.0, -56.0 ], [ 168.0, -56.0 ], [ 168.0, -60.0 ], [ 174.0, -60.0 ] ] ] } },
{ "type": "Feature", "properties": { "nome_folha": "O60" }, "geometry": { "type": "Polygon", "coordinates": [ [ [ 180.0, -60.0 ], [ 180.0, -56.0 ], [ 174.0, -56.0 ], [ 174.0, -60.0 ], [ 180.0, -60.0 ] ] ] } },
{ "type": "Feature", "properties": { "nome_folha": "N01" }, "geometry": { "type": "Polygon", "coordinates": [ [ [ -174.0, -56.0 ], [ -174.0, -52.0 ], [ -180.0, -52.0 ], [ -180.0, -56.0 ], [ -174.0, -56.0 ] ] ] } },
{ "type": "Feature", "properties": { "nome_folha": "N02" }, "geometry": { "type": "Polygon", "coordinates": [ [ [ -168.0, -56.0 ], [ -168.0, -52.0 ], [ -174.0, -52.0 ], [ -174.0, -56.0 ], [ -168.0, -56.0 ] ] ] } },
{ "type": "Feature", "properties": { "nome_folha": "N03" }, "geometry": { "type": "Polygon", "coordinates": [ [ [ -162.0, -56.0 ], [ -162.0, -52.0 ], [ -168.0, -52.0 ], [ -168.0, -56.0 ], [ -162.0, -56.0 ] ] ] } },
{ "type": "Feature", "properties": { "nome_folha": "N04" }, "geometry": { "type": "Polygon", "coordinates": [ [ [ -156.0, -56.0 ], [ -156.0, -52.0 ], [ -162.0, -52.0 ], [ -162.0, -56.0 ], [ -156.0, -56.0 ] ] ] } },
{ "type": "Feature", "properties": { "nome_folha": "N05" }, "geometry": { "type": "Polygon", "coordinates": [ [ [ -150.0, -56.0 ], [ -150.0, -52.0 ], [ -156.0, -52.0 ], [ -156.0, -56.0 ], [ -150.0, -56.0 ] ] ] } },
{ "type": "Feature", "properties": { "nome_folha": "N06" }, "geometry": { "type": "Polygon", "coordinates": [ [ [ -144.0, -56.0 ], [ -144.0, -52.0 ], [ -150.0, -52.0 ], [ -150.0, -56.0 ], [ -144.0, -56.0 ] ] ] } },
{ "type": "Feature", "properties": { "nome_folha": "N07" }, "geometry": { "type": "Polygon", "coordinates": [ [ [ -138.0, -56.0 ], [ -138.0, -52.0 ], [ -144.0, -52.0 ], [ -144.0, -56.0 ], [ -138.0, -56.0 ] ] ] } },
{ "type": "Feature", "properties": { "nome_folha": "N08" }, "geometry": { "type": "Polygon", "coordinates": [ [ [ -132.0, -56.0 ], [ -132.0, -52.0 ], [ -138.0, -52.0 ], [ -138.0, -56.0 ], [ -132.0, -56.0 ] ] ] } },
{ "type": "Feature", "properties": { "nome_folha": "N09" }, "geometry": { "type": "Polygon", "coordinates": [ [ [ -126.0, -56.0 ], [ -126.0, -52.0 ], [ -132.0, -52.0 ], [ -132.0, -56.0 ], [ -126.0, -56.0 ] ] ] } },
{ "type": "Feature", "properties": { "nome_folha": "N10" }, "geometry": { "type": "Polygon", "coordinates": [ [ [ -120.0, -56.0 ], [ -120.0, -52.0 ], [ -126.0, -52.0 ], [ -126.0, -56.0 ], [ -120.0, -56.0 ] ] ] } },
{ "type": "Feature", "properties": { "nome_folha": "N11" }, "geometry": { "type": "Polygon", "coordinates": [ [ [ -114.0, -56.0 ], [ -114.0, -52.0 ], [ -120.0, -52.0 ], [ -120.0, -56.0 ], [ -114.0, -56.0 ] ] ] } },
{ "type": "Feature", "properties": { "nome_folha": "N12" }, "geometry": { "type": "Polygon", "coordinates": [ [ [ -108.0, -56.0 ], [ -108.0, -52.0 ], [ -114.0, -52.0 ], [ -114.0, -56.0 ], [ -108.0, -56.0 ] ] ] } },
{ "type": "Feature", "properties": { "nome_folha": "N13" }, "geometry": { "type": "Polygon", "coordinates": [ [ [ -102.0, -56.0 ], [ -102.0, -52.0 ], [ -108.0, -52.0 ], [ -108.0, -56.0 ], [ -102.0, -56.0 ] ] ] } },
{ "type": "Feature", "properties": { "nome_folha": "N14" }, "geometry": { "type": "Polygon", "coordinates": [ [ [ -96.0, -56.0 ], [ -96.0, -52.0 ], [ -102.0, -52.0 ], [ -102.0, -56.0 ], [ -96.0, -56.0 ] ] ] } },
{ "type": "Feature", "properties": { "nome_folha": "N15" }, "geometry": { "type": "Polygon", "coordinates": [ [ [ -90.0, -56.0 ], [ -90.0, -52.0 ], [ -96.0, -52.0 ], [ -96.0, -56.0 ], [ -90.0, -56.0 ] ] ] } },
{ "type": "Feature", "properties": { "nome_folha": "N16" }, "geometry": { "type": "Polygon", "coordinates": [ [ [ -84.0, -56.0 ], [ -84.0, -52.0 ], [ -90.0, -52.0 ], [ -90.0, -56.0 ], [ -84.0, -56.0 ] ] ] } },
{ "type": "Feature", "properties": { "nome_folha": "N17" }, "geometry": { "type": "Polygon", "coordinates": [ [ [ -78.0, -56.0 ], [ -78.0, -52.0 ], [ -84.0, -52.0 ], [ -84.0, -56.0 ], [ -78.0, -56.0 ] ] ] } },
{ "type": "Feature", "properties": { "nome_folha": "N18" }, "geometry": { "type": "Polygon", "coordinates": [ [ [ -72.0, -56.0 ], [ -72.0, -52.0 ], [ -78.0, -52.0 ], [ -78.0, -56.0 ], [ -72.0, -56.0 ] ] ] } },
{ "type": "Feature", "properties": { "nome_folha": "N19" }, "geometry": { "type": "Polygon", "coordinates": [ [ [ -66.0, -56.0 ], [ -66.0, -52.0 ], [ -72.0, -52.0 ], [ -72.0, -56.0 ], [ -66.0, -56.0 ] ] ] } },
{ "type": "Feature", "properties": { "nome_folha": "N20" }, "geometry": { "type": "Polygon", "coordinates": [ [ [ -60.0, -56.0 ], [ -60.0, -52.0 ], [ -66.0, -52.0 ], [ -66.0, -56.0 ], [ -60.0, -56.0 ] ] ] } },
{ "type": "Feature", "properties": { "nome_folha": "N21" }, "geometry": { "type": "Polygon", "coordinates": [ [ [ -54.0, -56.0 ], [ -54.0, -52.0 ], [ -60.0, -52.0 ], [ -60.0, -56.0 ], [ -54.0, -56.0 ] ] ] } },
{ "type": "Feature", "properties": { "nome_folha": "N22" }, "geometry": { "type": "Polygon", "coordinates": [ [ [ -48.0, -56.0 ], [ -48.0, -52.0 ], [ -54.0, -52.0 ], [ -54.0, -56.0 ], [ -48.0, -56.0 ] ] ] } },
{ "type": "Feature", "properties": { "nome_folha": "N23" }, "geometry": { "type": "Polygon", "coordinates": [ [ [ -42.0, -56.0 ], [ -42.0, -52.0 ], [ -48.0, -52.0 ], [ -48.0, -56.0 ], [ -42.0, -56.0 ] ] ] } },
{ "type": "Feature", "properties": { "nome_folha": "N24" }, "geometry": { "type": "Polygon", "coordinates": [ [ [ -36.0, -56.0 ], [ -36.0, -52.0 ], [ -42.0, -52.0 ], [ -42.0, -56.0 ], [ -36.0, -56.0 ] ] ] } },
{ "type": "Feature", "properties": { "nome_folha": "N25" }, "geometry": { "type": "Polygon", "coordinates": [ [ [ -30.0, -56.0 ], [ -30.0, -52.0 ], [ -36.0, -52.0 ], [ -36.0, -56.0 ], [ -30.0, -56.0 ] ] ] } },
{ "type": "Feature", "properties": { "nome_folha": "N26" }, "geometry": { "type": "Polygon", "coordinates": [ [ [ -24.0, -56.0 ], [ -24.0, -52.0 ], [ -30.0, -52.0 ], [ -30.0, -56.0 ], [ -24.0, -56.0 ] ] ] } },
{ "type": "Feature", "properties": { "nome_folha": "N27" }, "geometry": { "type": "Polygon", "coordinates": [ [ [ -18.0, -56.0 ], [ -18.0, -52.0 ], [ -24.0, -52.0 ], [ -24.0, -56.0 ], [ -18.0, -56.0 ] ] ] } },
{ "type": "Feature", "properties": { "nome_folha": "N28" }, "geometry": { "type": "Polygon", "coordinates": [ [ [ -12.0, -56.0 ], [ -12.0, -52.0 ], [ -18.0, -52.0 ], [ -18.0, -56.0 ], [ -12.0, -56.0 ] ] ] } },
{ "type": "Feature", "properties": { "nome_folha": "N29" }, "geometry": { "type": "Polygon", "coordinates": [ [ [ -6.0, -56.0 ], [ -6.0, -52.0 ], [ -12.0, -52.0 ], [ -12.0, -56.0 ], [ -6.0, -56.0 ] ] ] } },
{ "type": "Feature", "properties": { "nome_folha": "N30" }, "geometry": { "type": "Polygon", "coordinates": [ [ [ 0.0, -56.0 ], [ 0.0, -52.0 ], [ -6.0, -52.0 ], [ -6.0, -56.0 ], [ 0.0, -56.0 ] ] ] } },
{ "type": "Feature", "properties": { "nome_folha": "N31" }, "geometry": { "type": "Polygon", "coordinates": [ [ [ 6.0, -56.0 ], [ 6.0, -52.0 ], [ 0.0, -52.0 ], [ 0.0, -56.0 ], [ 6.0, -56.0 ] ] ] } },
{ "type": "Feature", "properties": { "nome_folha": "N32" }, "geometry": { "type": "Polygon", "coordinates": [ [ [ 12.0, -56.0 ], [ 12.0, -52.0 ], [ 6.0, -52.0 ], [ 6.0, -56.0 ], [ 12.0, -56.0 ] ] ] } },
{ "type": "Feature", "properties": { "nome_folha": "N33" }, "geometry": { "type": "Polygon", "coordinates": [ [ [ 18.0, -56.0 ], [ 18.0, -52.0 ], [ 12.0, -52.0 ], [ 12.0, -56.0 ], [ 18.0, -56.0 ] ] ] } },
{ "type": "Feature", "properties": { "nome_folha": "N34" }, "geometry": { "type": "Polygon", "coordinates": [ [ [ 24.0, -56.0 ], [ 24.0, -52.0 ], [ 18.0, -52.0 ], [ 18.0, -56.0 ], [ 24.0, -56.0 ] ] ] } },
{ "type": "Feature", "properties": { "nome_folha": "N35" }, "geometry": { "type": "Polygon", "coordinates": [ [ [ 30.0, -56.0 ], [ 30.0, -52.0 ], [ 24.0, -52.0 ], [ 24.0, -56.0 ], [ 30.0, -56.0 ] ] ] } },
{ "type": "Feature", "properties": { "nome_folha": "N36" }, "geometry": { "type": "Polygon", "coordinates": [ [ [ 36.0, -56.0 ], [ 36.0, -52.0 ], [ 30.0, -52.0 ], [ 30.0, -56.0 ], [ 36.0, -56.0 ] ] ] } },
{ "type": "Feature", "properties": { "nome_folha": "N37" }, "geometry": { "type": "Polygon", "coordinates": [ [ [ 42.0, -56.0 ], [ 42.0, -52.0 ], [ 36.0, -52.0 ], [ 36.0, -56.0 ], [ 42.0, -56.0 ] ] ] } },
{ "type": "Feature", "properties": { "nome_folha": "N38" }, "geometry": { "type": "Polygon", "coordinates": [ [ [ 48.0, -56.0 ], [ 48.0, -52.0 ], [ 42.0, -52.0 ], [ 42.0, -56.0 ], [ 48.0, -56.0 ] ] ] } },
{ "type": "Feature", "properties": { "nome_folha": "N39" }, "geometry": { "type": "Polygon", "coordinates": [ [ [ 54.0, -56.0 ], [ 54.0, -52.0 ], [ 48.0, -52.0 ], [ 48.0, -56.0 ], [ 54.0, -56.0 ] ] ] } },
{ "type": "Feature", "properties": { "nome_folha": "N40" }, "geometry": { "type": "Polygon", "coordinates": [ [ [ 60.0, -56.0 ], [ 60.0, -52.0 ], [ 54.0, -52.0 ], [ 54.0, -56.0 ], [ 60.0, -56.0 ] ] ] } },
{ "type": "Feature", "properties": { "nome_folha": "N41" }, "geometry": { "type": "Polygon", "coordinates": [ [ [ 66.0, -56.0 ], [ 66.0, -52.0 ], [ 60.0, -52.0 ], [ 60.0, -56.0 ], [ 66.0, -56.0 ] ] ] } },
{ "type": "Feature", "properties": { "nome_folha": "N42" }, "geometry": { "type": "Polygon", "coordinates": [ [ [ 72.0, -56.0 ], [ 72.0, -52.0 ], [ 66.0, -52.0 ], [ 66.0, -56.0 ], [ 72.0, -56.0 ] ] ] } },
{ "type": "Feature", "properties": { "nome_folha": "N43" }, "geometry": { "type": "Polygon", "coordinates": [ [ [ 78.0, -56.0 ], [ 78.0, -52.0 ], [ 72.0, -52.0 ], [ 72.0, -56.0 ], [ 78.0, -56.0 ] ] ] } },
{ "type": "Feature", "properties": { "nome_folha": "N44" }, "geometry": { "type": "Polygon", "coordinates": [ [ [ 84.0, -56.0 ], [ 84.0, -52.0 ], [ 78.0, -52.0 ], [ 78.0, -56.0 ], [ 84.0, -56.0 ] ] ] } },
{ "type": "Feature", "properties": { "nome_folha": "N45" }, "geometry": { "type": "Polygon", "coordinates": [ [ [ 90.0, -56.0 ], [ 90.0, -52.0 ], [ 84.0, -52.0 ], [ 84.0, -56.0 ], [ 90.0, -56.0 ] ] ] } },
{ "type": "Feature", "properties": { "nome_folha": "N46" }, "geometry": { "type": "Polygon", "coordinates": [ [ [ 96.0, -56.0 ], [ 96.0, -52.0 ], [ 90.0, -52.0 ], [ 90.0, -56.0 ], [ 96.0, -56.0 ] ] ] } },
{ "type": "Feature", "properties": { "nome_folha": "N47" }, "geometry": { "type": "Polygon", "coordinates": [ [ [ 102.0, -56.0 ], [ 102.0, -52.0 ], [ 96.0, -52.0 ], [ 96.0, -56.0 ], [ 102.0, -56.0 ] ] ] } },
{ "type": "Feature", "properties": { "nome_folha": "N48" }, "geometry": { "type": "Polygon", "coordinates": [ [ [ 108.0, -56.0 ], [ 108.0, -52.0 ], [ 102.0, -52.0 ], [ 102.0, -56.0 ], [ 108.0, -56.0 ] ] ] } },
{ "type": "Feature", "properties": { "nome_folha": "N49" }, "geometry": { "type": "Polygon", "coordinates": [ [ [ 114.0, -56.0 ], [ 114.0, -52.0 ], [ 108.0, -52.0 ], [ 108.0, -56.0 ], [ 114.0, -56.0 ] ] ] } },
{ "type": "Feature", "properties": { "nome_folha": "N50" }, "geometry": { "type": "Polygon", "coordinates": [ [ [ 120.0, -56.0 ], [ 120.0, -52.0 ], [ 114.0, -52.0 ], [ 114.0, -56.0 ], [ 120.0, -56.0 ] ] ] } },
{ "type": "Feature", "properties": { "nome_folha": "N51" }, "geometry": { "type": "Polygon", "coordinates": [ [ [ 126.0, -56.0 ], [ 126.0, -52.0 ], [ 120.0, -52.0 ], [ 120.0, -56.0 ], [ 126.0, -56.0 ] ] ] } },
{ "type": "Feature", "properties": { "nome_folha": "N52" }, "geometry": { "type": "Polygon", "coordinates": [ [ [ 132.0, -56.0 ], [ 132.0, -52.0 ], [ 126.0, -52.0 ], [ 126.0, -56.0 ], [ 132.0, -56.0 ] ] ] } },
{ "type": "Feature", "properties": { "nome_folha": "N53" }, "geometry": { "type": "Polygon", "coordinates": [ [ [ 138.0, -56.0 ], [ 138.0, -52.0 ], [ 132.0, -52.0 ], [ 132.0, -56.0 ], [ 138.0, -56.0 ] ] ] } },
{ "type": "Feature", "properties": { "nome_folha": "N54" }, "geometry": { "type": "Polygon", "coordinates": [ [ [ 144.0, -56.0 ], [ 144.0, -52.0 ], [ 138.0, -52.0 ], [ 138.0, -56.0 ], [ 144.0, -56.0 ] ] ] } },
{ "type": "Feature", "properties": { "nome_folha": "N55" }, "geometry": { "type": "Polygon", "coordinates": [ [ [ 150.0, -56.0 ], [ 150.0, -52.0 ], [ 144.0, -52.0 ], [ 144.0, -56.0 ], [ 150.0, -56.0 ] ] ] } },
{ "type": "Feature", "properties": { "nome_folha": "N56" }, "geometry": { "type": "Polygon", "coordinates": [ [ [ 156.0, -56.0 ], [ 156.0, -52.0 ], [ 150.0, -52.0 ], [ 150.0, -56.0 ], [ 156.0, -56.0 ] ] ] } },
{ "type": "Feature", "properties": { "nome_folha": "N57" }, "geometry": { "type": "Polygon", "coordinates": [ [ [ 162.0, -56.0 ], [ 162.0, -52.0 ], [ 156.0, -52.0 ], [ 156.0, -56.0 ], [ 162.0, -56.0 ] ] ] } },
{ "type": "Feature", "properties": { "nome_folha": "N58" }, "geometry": { "type": "Polygon", "coordinates": [ [ [ 168.0, -56.0 ], [ 168.0, -52.0 ], [ 162.0, -52.0 ], [ 162.0, -56.0 ], [ 168.0, -56.0 ] ] ] } },
{ "type": "Feature", "properties": { "nome_folha": "N59" }, "geometry": { "type": "Polygon", "coordinates": [ [ [ 174.0, -56.0 ], [ 174.0, -52.0 ], [ 168.0, -52.0 ], [ 168.0, -56.0 ], [ 174.0, -56.0 ] ] ] } },
{ "type": "Feature", "properties": { "nome_folha": "N60" }, "geometry": { "type": "Polygon", "coordinates": [ [ [ 180.0, -56.0 ], [ 180.0, -52.0 ], [ 174.0, -52.0 ], [ 174.0, -56.0 ], [ 180.0, -56.0 ] ] ] } },
{ "type": "Feature", "properties": { "nome_folha": "M01" }, "geometry": { "type": "Polygon", "coordinates": [ [ [ -174.0, -52.0 ], [ -174.0, -48.0 ], [ -180.0, -48.0 ], [ -180.0, -52.0 ], [ -174.0, -52.0 ] ] ] } },
{ "type": "Feature", "properties": { "nome_folha": "M02" }, "geometry": { "type": "Polygon", "coordinates": [ [ [ -168.0, -52.0 ], [ -168.0, -48.0 ], [ -174.0, -48.0 ], [ -174.0, -52.0 ], [ -168.0, -52.0 ] ] ] } },
{ "type": "Feature", "properties": { "nome_folha": "M03" }, "geometry": { "type": "Polygon", "coordinates": [ [ [ -162.0, -52.0 ], [ -162.0, -48.0 ], [ -168.0, -48.0 ], [ -168.0, -52.0 ], [ -162.0, -52.0 ] ] ] } },
{ "type": "Feature", "properties": { "nome_folha": "M04" }, "geometry": { "type": "Polygon", "coordinates": [ [ [ -156.0, -52.0 ], [ -156.0, -48.0 ], [ -162.0, -48.0 ], [ -162.0, -52.0 ], [ -156.0, -52.0 ] ] ] } },
{ "type": "Feature", "properties": { "nome_folha": "M05" }, "geometry": { "type": "Polygon", "coordinates": [ [ [ -150.0, -52.0 ], [ -150.0, -48.0 ], [ -156.0, -48.0 ], [ -156.0, -52.0 ], [ -150.0, -52.0 ] ] ] } },
{ "type": "Feature", "properties": { "nome_folha": "M06" }, "geometry": { "type": "Polygon", "coordinates": [ [ [ -144.0, -52.0 ], [ -144.0, -48.0 ], [ -150.0, -48.0 ], [ -150.0, -52.0 ], [ -144.0, -52.0 ] ] ] } },
{ "type": "Feature", "properties": { "nome_folha": "M07" }, "geometry": { "type": "Polygon", "coordinates": [ [ [ -138.0, -52.0 ], [ -138.0, -48.0 ], [ -144.0, -48.0 ], [ -144.0, -52.0 ], [ -138.0, -52.0 ] ] ] } },
{ "type": "Feature", "properties": { "nome_folha": "M08" }, "geometry": { "type": "Polygon", "coordinates": [ [ [ -132.0, -52.0 ], [ -132.0, -48.0 ], [ -138.0, -48.0 ], [ -138.0, -52.0 ], [ -132.0, -52.0 ] ] ] } },
{ "type": "Feature", "properties": { "nome_folha": "M09" }, "geometry": { "type": "Polygon", "coordinates": [ [ [ -126.0, -52.0 ], [ -126.0, -48.0 ], [ -132.0, -48.0 ], [ -132.0, -52.0 ], [ -126.0, -52.0 ] ] ] } },
{ "type": "Feature", "properties": { "nome_folha": "M10" }, "geometry": { "type": "Polygon", "coordinates": [ [ [ -120.0, -52.0 ], [ -120.0, -48.0 ], [ -126.0, -48.0 ], [ -126.0, -52.0 ], [ -120.0, -52.0 ] ] ] } },
{ "type": "Feature", "properties": { "nome_folha": "M11" }, "geometry": { "type": "Polygon", "coordinates": [ [ [ -114.0, -52.0 ], [ -114.0, -48.0 ], [ -120.0, -48.0 ], [ -120.0, -52.0 ], [ -114.0, -52.0 ] ] ] } },
{ "type": "Feature", "properties": { "nome_folha": "M12" }, "geometry": { "type": "Polygon", "coordinates": [ [ [ -108.0, -52.0 ], [ -108.0, -48.0 ], [ -114.0, -48.0 ], [ -114.0, -52.0 ], [ -108.0, -52.0 ] ] ] } },
{ "type": "Feature", "properties": { "nome_folha": "M13" }, "geometry": { "type": "Polygon", "coordinates": [ [ [ -102.0, -52.0 ], [ -102.0, -48.0 ], [ -108.0, -48.0 ], [ -108.0, -52.0 ], [ -102.0, -52.0 ] ] ] } },
{ "type": "Feature", "properties": { "nome_folha": "M14" }, "geometry": { "type": "Polygon", "coordinates": [ [ [ -96.0, -52.0 ], [ -96.0, -48.0 ], [ -102.0, -48.0 ], [ -102.0, -52.0 ], [ -96.0, -52.0 ] ] ] } },
{ "type": "Feature", "properties": { "nome_folha": "M15" }, "geometry": { "type": "Polygon", "coordinates": [ [ [ -90.0, -52.0 ], [ -90.0, -48.0 ], [ -96.0, -48.0 ], [ -96.0, -52.0 ], [ -90.0, -52.0 ] ] ] } },
{ "type": "Feature", "properties": { "nome_folha": "M16" }, "geometry": { "type": "Polygon", "coordinates": [ [ [ -84.0, -52.0 ], [ -84.0, -48.0 ], [ -90.0, -48.0 ], [ -90.0, -52.0 ], [ -84.0, -52.0 ] ] ] } },
{ "type": "Feature", "properties": { "nome_folha": "M17" }, "geometry": { "type": "Polygon", "coordinates": [ [ [ -78.0, -52.0 ], [ -78.0, -48.0 ], [ -84.0, -48.0 ], [ -84.0, -52.0 ], [ -78.0, -52.0 ] ] ] } },
{ "type": "Feature", "properties": { "nome_folha": "M18" }, "geometry": { "type": "Polygon", "coordinates": [ [ [ -72.0, -52.0 ], [ -72.0, -48.0 ], [ -78.0, -48.0 ], [ -78.0, -52.0 ], [ -72.0, -52.0 ] ] ] } },
{ "type": "Feature", "properties": { "nome_folha": "M19" }, "geometry": { "type": "Polygon", "coordinates": [ [ [ -66.0, -52.0 ], [ -66.0, -48.0 ], [ -72.0, -48.0 ], [ -72.0, -52.0 ], [ -66.0, -52.0 ] ] ] } },
{ "type": "Feature", "properties": { "nome_folha": "M20" }, "geometry": { "type": "Polygon", "coordinates": [ [ [ -60.0, -52.0 ], [ -60.0, -48.0 ], [ -66.0, -48.0 ], [ -66.0, -52.0 ], [ -60.0, -52.0 ] ] ] } },
{ "type": "Feature", "properties": { "nome_folha": "M21" }, "geometry": { "type": "Polygon", "coordinates": [ [ [ -54.0, -52.0 ], [ -54.0, -48.0 ], [ -60.0, -48.0 ], [ -60.0, -52.0 ], [ -54.0, -52.0 ] ] ] } },
{ "type": "Feature", "properties": { "nome_folha": "M22" }, "geometry": { "type": "Polygon", "coordinates": [ [ [ -48.0, -52.0 ], [ -48.0, -48.0 ], [ -54.0, -48.0 ], [ -54.0, -52.0 ], [ -48.0, -52.0 ] ] ] } },
{ "type": "Feature", "properties": { "nome_folha": "M23" }, "geometry": { "type": "Polygon", "coordinates": [ [ [ -42.0, -52.0 ], [ -42.0, -48.0 ], [ -48.0, -48.0 ], [ -48.0, -52.0 ], [ -42.0, -52.0 ] ] ] } },
{ "type": "Feature", "properties": { "nome_folha": "M24" }, "geometry": { "type": "Polygon", "coordinates": [ [ [ -36.0, -52.0 ], [ -36.0, -48.0 ], [ -42.0, -48.0 ], [ -42.0, -52.0 ], [ -36.0, -52.0 ] ] ] } },
{ "type": "Feature", "properties": { "nome_folha": "M25" }, "geometry": { "type": "Polygon", "coordinates": [ [ [ -30.0, -52.0 ], [ -30.0, -48.0 ], [ -36.0, -48.0 ], [ -36.0, -52.0 ], [ -30.0, -52.0 ] ] ] } },
{ "type": "Feature", "properties": { "nome_folha": "M26" }, "geometry": { "type": "Polygon", "coordinates": [ [ [ -24.0, -52.0 ], [ -24.0, -48.0 ], [ -30.0, -48.0 ], [ -30.0, -52.0 ], [ -24.0, -52.0 ] ] ] } },
{ "type": "Feature", "properties": { "nome_folha": "M27" }, "geometry": { "type": "Polygon", "coordinates": [ [ [ -18.0, -52.0 ], [ -18.0, -48.0 ], [ -24.0, -48.0 ], [ -24.0, -52.0 ], [ -18.0, -52.0 ] ] ] } },
{ "type": "Feature", "properties": { "nome_folha": "M28" }, "geometry": { "type": "Polygon", "coordinates": [ [ [ -12.0, -52.0 ], [ -12.0, -48.0 ], [ -18.0, -48.0 ], [ -18.0, -52.0 ], [ -12.0, -52.0 ] ] ] } },
{ "type": "Feature", "properties": { "nome_folha": "M29" }, "geometry": { "type": "Polygon", "coordinates": [ [ [ -6.0, -52.0 ], [ -6.0, -48.0 ], [ -12.0, -48.0 ], [ -12.0, -52.0 ], [ -6.0, -52.0 ] ] ] } },
{ "type": "Feature", "properties": { "nome_folha": "M30" }, "geometry": { "type": "Polygon", "coordinates": [ [ [ 0.0, -52.0 ], [ 0.0, -48.0 ], [ -6.0, -48.0 ], [ -6.0, -52.0 ], [ 0.0, -52.0 ] ] ] } },
{ "type": "Feature", "properties": { "nome_folha": "M31" }, "geometry": { "type": "Polygon", "coordinates": [ [ [ 6.0, -52.0 ], [ 6.0, -48.0 ], [ 0.0, -48.0 ], [ 0.0, -52.0 ], [ 6.0, -52.0 ] ] ] } },
{ "type": "Feature", "properties": { "nome_folha": "M32" }, "geometry": { "type": "Polygon", "coordinates": [ [ [ 12.0, -52.0 ], [ 12.0, -48.0 ], [ 6.0, -48.0 ], [ 6.0, -52.0 ], [ 12.0, -52.0 ] ] ] } },
{ "type": "Feature", "properties": { "nome_folha": "M33" }, "geometry": { "type": "Polygon", "coordinates": [ [ [ 18.0, -52.0 ], [ 18.0, -48.0 ], [ 12.0, -48.0 ], [ 12.0, -52.0 ], [ 18.0, -52.0 ] ] ] } },
{ "type": "Feature", "properties": { "nome_folha": "M34" }, "geometry": { "type": "Polygon", "coordinates": [ [ [ 24.0, -52.0 ], [ 24.0, -48.0 ], [ 18.0, -48.0 ], [ 18.0, -52.0 ], [ 24.0, -52.0 ] ] ] } },
{ "type": "Feature", "properties": { "nome_folha": "M35" }, "geometry": { "type": "Polygon", "coordinates": [ [ [ 30.0, -52.0 ], [ 30.0, -48.0 ], [ 24.0, -48.0 ], [ 24.0, -52.0 ], [ 30.0, -52.0 ] ] ] } },
{ "type": "Feature", "properties": { "nome_folha": "M36" }, "geometry": { "type": "Polygon", "coordinates": [ [ [ 36.0, -52.0 ], [ 36.0, -48.0 ], [ 30.0, -48.0 ], [ 30.0, -52.0 ], [ 36.0, -52.0 ] ] ] } },
{ "type": "Feature", "properties": { "nome_folha": "M37" }, "geometry": { "type": "Polygon", "coordinates": [ [ [ 42.0, -52.0 ], [ 42.0, -48.0 ], [ 36.0, -48.0 ], [ 36.0, -52.0 ], [ 42.0, -52.0 ] ] ] } },
{ "type": "Feature", "properties": { "nome_folha": "M38" }, "geometry": { "type": "Polygon", "coordinates": [ [ [ 48.0, -52.0 ], [ 48.0, -48.0 ], [ 42.0, -48.0 ], [ 42.0, -52.0 ], [ 48.0, -52.0 ] ] ] } },
{ "type": "Feature", "properties": { "nome_folha": "M39" }, "geometry": { "type": "Polygon", "coordinates": [ [ [ 54.0, -52.0 ], [ 54.0, -48.0 ], [ 48.0, -48.0 ], [ 48.0, -52.0 ], [ 54.0, -52.0 ] ] ] } },
{ "type": "Feature", "properties": { "nome_folha": "M40" }, "geometry": { "type": "Polygon", "coordinates": [ [ [ 60.0, -52.0 ], [ 60.0, -48.0 ], [ 54.0, -48.0 ], [ 54.0, -52.0 ], [ 60.0, -52.0 ] ] ] } },
{ "type": "Feature", "properties": { "nome_folha": "M41" }, "geometry": { "type": "Polygon", "coordinates": [ [ [ 66.0, -52.0 ], [ 66.0, -48.0 ], [ 60.0, -48.0 ], [ 60.0, -52.0 ], [ 66.0, -52.0 ] ] ] } },
{ "type": "Feature", "properties": { "nome_folha": "M42" }, "geometry": { "type": "Polygon", "coordinates": [ [ [ 72.0, -52.0 ], [ 72.0, -48.0 ], [ 66.0, -48.0 ], [ 66.0, -52.0 ], [ 72.0, -52.0 ] ] ] } },
{ "type": "Feature", "properties": { "nome_folha": "M43" }, "geometry": { "type": "Polygon", "coordinates": [ [ [ 78.0, -52.0 ], [ 78.0, -48.0 ], [ 72.0, -48.0 ], [ 72.0, -52.0 ], [ 78.0, -52.0 ] ] ] } },
{ "type": "Feature", "properties": { "nome_folha": "M44" }, "geometry": { "type": "Polygon", "coordinates": [ [ [ 84.0, -52.0 ], [ 84.0, -48.0 ], [ 78.0, -48.0 ], [ 78.0, -52.0 ], [ 84.0, -52.0 ] ] ] } },
{ "type": "Feature", "properties": { "nome_folha": "M45" }, "geometry": { "type": "Polygon", "coordinates": [ [ [ 90.0, -52.0 ], [ 90.0, -48.0 ], [ 84.0, -48.0 ], [ 84.0, -52.0 ], [ 90.0, -52.0 ] ] ] } },
{ "type": "Feature", "properties": { "nome_folha": "M46" }, "geometry": { "type": "Polygon", "coordinates": [ [ [ 96.0, -52.0 ], [ 96.0, -48.0 ], [ 90.0, -48.0 ], [ 90.0, -52.0 ], [ 96.0, -52.0 ] ] ] } },
{ "type": "Feature", "properties": { "nome_folha": "M47" }, "geometry": { "type": "Polygon", "coordinates": [ [ [ 102.0, -52.0 ], [ 102.0, -48.0 ], [ 96.0, -48.0 ], [ 96.0, -52.0 ], [ 102.0, -52.0 ] ] ] } },
{ "type": "Feature", "properties": { "nome_folha": "M48" }, "geometry": { "type": "Polygon", "coordinates": [ [ [ 108.0, -52.0 ], [ 108.0, -48.0 ], [ 102.0, -48.0 ], [ 102.0, -52.0 ], [ 108.0, -52.0 ] ] ] } },
{ "type": "Feature", "properties": { "nome_folha": "M49" }, "geometry": { "type": "Polygon", "coordinates": [ [ [ 114.0, -52.0 ], [ 114.0, -48.0 ], [ 108.0, -48.0 ], [ 108.0, -52.0 ], [ 114.0, -52.0 ] ] ] } },
{ "type": "Feature", "properties": { "nome_folha": "M50" }, "geometry": { "type": "Polygon", "coordinates": [ [ [ 120.0, -52.0 ], [ 120.0, -48.0 ], [ 114.0, -48.0 ], [ 114.0, -52.0 ], [ 120.0, -52.0 ] ] ] } },
{ "type": "Feature", "properties": { "nome_folha": "M51" }, "geometry": { "type": "Polygon", "coordinates": [ [ [ 126.0, -52.0 ], [ 126.0, -48.0 ], [ 120.0, -48.0 ], [ 120.0, -52.0 ], [ 126.0, -52.0 ] ] ] } },
{ "type": "Feature", "properties": { "nome_folha": "M52" }, "geometry": { "type": "Polygon", "coordinates": [ [ [ 132.0, -52.0 ], [ 132.0, -48.0 ], [ 126.0, -48.0 ], [ 126.0, -52.0 ], [ 132.0, -52.0 ] ] ] } },
{ "type": "Feature", "properties": { "nome_folha": "M53" }, "geometry": { "type": "Polygon", "coordinates": [ [ [ 138.0, -52.0 ], [ 138.0, -48.0 ], [ 132.0, -48.0 ], [ 132.0, -52.0 ], [ 138.0, -52.0 ] ] ] } },
{ "type": "Feature", "properties": { "nome_folha": "M54" }, "geometry": { "type": "Polygon", "coordinates": [ [ [ 144.0, -52.0 ], [ 144.0, -48.0 ], [ 138.0, -48.0 ], [ 138.0, -52.0 ], [ 144.0, -52.0 ] ] ] } },
{ "type": "Feature", "properties": { "nome_folha": "M55" }, "geometry": { "type": "Polygon", "coordinates": [ [ [ 150.0, -52.0 ], [ 150.0, -48.0 ], [ 144.0, -48.0 ], [ 144.0, -52.0 ], [ 150.0, -52.0 ] ] ] } },
{ "type": "Feature", "properties": { "nome_folha": "M56" }, "geometry": { "type": "Polygon", "coordinates": [ [ [ 156.0, -52.0 ], [ 156.0, -48.0 ], [ 150.0, -48.0 ], [ 150.0, -52.0 ], [ 156.0, -52.0 ] ] ] } },
{ "type": "Feature", "properties": { "nome_folha": "M57" }, "geometry": { "type": "Polygon", "coordinates": [ [ [ 162.0, -52.0 ], [ 162.0, -48.0 ], [ 156.0, -48.0 ], [ 156.0, -52.0 ], [ 162.0, -52.0 ] ] ] } },
{ "type": "Feature", "properties": { "nome_folha": "M58" }, "geometry": { "type": "Polygon", "coordinates": [ [ [ 168.0, -52.0 ], [ 168.0, -48.0 ], [ 162.0, -48.0 ], [ 162.0, -52.0 ], [ 168.0, -52.0 ] ] ] } },
{ "type": "Feature", "properties": { "nome_folha": "M59" }, "geometry": { "type": "Polygon", "coordinates": [ [ [ 174.0, -52.0 ], [ 174.0, -48.0 ], [ 168.0, -48.0 ], [ 168.0, -52.0 ], [ 174.0, -52.0 ] ] ] } },
{ "type": "Feature", "properties": { "nome_folha": "M60" }, "geometry": { "type": "Polygon", "coordinates": [ [ [ 180.0, -52.0 ], [ 180.0, -48.0 ], [ 174.0, -48.0 ], [ 174.0, -52.0 ], [ 180.0, -52.0 ] ] ] } },
{ "type": "Feature", "properties": { "nome_folha": "L01" }, "geometry": { "type": "Polygon", "coordinates": [ [ [ -174.0, -48.0 ], [ -174.0, -44.0 ], [ -180.0, -44.0 ], [ -180.0, -48.0 ], [ -174.0, -48.0 ] ] ] } },
{ "type": "Feature", "properties": { "nome_folha": "L02" }, "geometry": { "type": "Polygon", "coordinates": [ [ [ -168.0, -48.0 ], [ -168.0, -44.0 ], [ -174.0, -44.0 ], [ -174.0, -48.0 ], [ -168.0, -48.0 ] ] ] } },
{ "type": "Feature", "properties": { "nome_folha": "L03" }, "geometry": { "type": "Polygon", "coordinates": [ [ [ -162.0, -48.0 ], [ -162.0, -44.0 ], [ -168.0, -44.0 ], [ -168.0, -48.0 ], [ -162.0, -48.0 ] ] ] } },
{ "type": "Feature", "properties": { "nome_folha": "L04" }, "geometry": { "type": "Polygon", "coordinates": [ [ [ -156.0, -48.0 ], [ -156.0, -44.0 ], [ -162.0, -44.0 ], [ -162.0, -48.0 ], [ -156.0, -48.0 ] ] ] } },
{ "type": "Feature", "properties": { "nome_folha": "L05" }, "geometry": { "type": "Polygon", "coordinates": [ [ [ -150.0, -48.0 ], [ -150.0, -44.0 ], [ -156.0, -44.0 ], [ -156.0, -48.0 ], [ -150.0, -48.0 ] ] ] } },
{ "type": "Feature", "properties": { "nome_folha": "L06" }, "geometry": { "type": "Polygon", "coordinates": [ [ [ -144.0, -48.0 ], [ -144.0, -44.0 ], [ -150.0, -44.0 ], [ -150.0, -48.0 ], [ -144.0, -48.0 ] ] ] } },
{ "type": "Feature", "properties": { "nome_folha": "L07" }, "geometry": { "type": "Polygon", "coordinates": [ [ [ -138.0, -48.0 ], [ -138.0, -44.0 ], [ -144.0, -44.0 ], [ -144.0, -48.0 ], [ -138.0, -48.0 ] ] ] } },
{ "type": "Feature", "properties": { "nome_folha": "L08" }, "geometry": { "type": "Polygon", "coordinates": [ [ [ -132.0, -48.0 ], [ -132.0, -44.0 ], [ -138.0, -44.0 ], [ -138.0, -48.0 ], [ -132.0, -48.0 ] ] ] } },
{ "type": "Feature", "properties": { "nome_folha": "L09" }, "geometry": { "type": "Polygon", "coordinates": [ [ [ -126.0, -48.0 ], [ -126.0, -44.0 ], [ -132.0, -44.0 ], [ -132.0, -48.0 ], [ -126.0, -48.0 ] ] ] } },
{ "type": "Feature", "properties": { "nome_folha": "L10" }, "geometry": { "type": "Polygon", "coordinates": [ [ [ -120.0, -48.0 ], [ -120.0, -44.0 ], [ -126.0, -44.0 ], [ -126.0, -48.0 ], [ -120.0, -48.0 ] ] ] } },
{ "type": "Feature", "properties": { "nome_folha": "L11" }, "geometry": { "type": "Polygon", "coordinates": [ [ [ -114.0, -48.0 ], [ -114.0, -44.0 ], [ -120.0, -44.0 ], [ -120.0, -48.0 ], [ -114.0, -48.0 ] ] ] } },
{ "type": "Feature", "properties": { "nome_folha": "L12" }, "geometry": { "type": "Polygon", "coordinates": [ [ [ -108.0, -48.0 ], [ -108.0, -44.0 ], [ -114.0, -44.0 ], [ -114.0, -48.0 ], [ -108.0, -48.0 ] ] ] } },
{ "type": "Feature", "properties": { "nome_folha": "L13" }, "geometry": { "type": "Polygon", "coordinates": [ [ [ -102.0, -48.0 ], [ -102.0, -44.0 ], [ -108.0, -44.0 ], [ -108.0, -48.0 ], [ -102.0, -48.0 ] ] ] } },
{ "type": "Feature", "properties": { "nome_folha": "L14" }, "geometry": { "type": "Polygon", "coordinates": [ [ [ -96.0, -48.0 ], [ -96.0, -44.0 ], [ -102.0, -44.0 ], [ -102.0, -48.0 ], [ -96.0, -48.0 ] ] ] } },
{ "type": "Feature", "properties": { "nome_folha": "L15" }, "geometry": { "type": "Polygon", "coordinates": [ [ [ -90.0, -48.0 ], [ -90.0, -44.0 ], [ -96.0, -44.0 ], [ -96.0, -48.0 ], [ -90.0, -48.0 ] ] ] } },
{ "type": "Feature", "properties": { "nome_folha": "L16" }, "geometry": { "type": "Polygon", "coordinates": [ [ [ -84.0, -48.0 ], [ -84.0, -44.0 ], [ -90.0, -44.0 ], [ -90.0, -48.0 ], [ -84.0, -48.0 ] ] ] } },
{ "type": "Feature", "properties": { "nome_folha": "L17" }, "geometry": { "type": "Polygon", "coordinates": [ [ [ -78.0, -48.0 ], [ -78.0, -44.0 ], [ -84.0, -44.0 ], [ -84.0, -48.0 ], [ -78.0, -48.0 ] ] ] } },
{ "type": "Feature", "properties": { "nome_folha": "L18" }, "geometry": { "type": "Polygon", "coordinates": [ [ [ -72.0, -48.0 ], [ -72.0, -44.0 ], [ -78.0, -44.0 ], [ -78.0, -48.0 ], [ -72.0, -48.0 ] ] ] } },
{ "type": "Feature", "properties": { "nome_folha": "L19" }, "geometry": { "type": "Polygon", "coordinates": [ [ [ -66.0, -48.0 ], [ -66.0, -44.0 ], [ -72.0, -44.0 ], [ -72.0, -48.0 ], [ -66.0, -48.0 ] ] ] } },
{ "type": "Feature", "properties": { "nome_folha": "L20" }, "geometry": { "type": "Polygon", "coordinates": [ [ [ -60.0, -48.0 ], [ -60.0, -44.0 ], [ -66.0, -44.0 ], [ -66.0, -48.0 ], [ -60.0, -48.0 ] ] ] } },
{ "type": "Feature", "properties": { "nome_folha": "L21" }, "geometry": { "type": "Polygon", "coordinates": [ [ [ -54.0, -48.0 ], [ -54.0, -44.0 ], [ -60.0, -44.0 ], [ -60.0, -48.0 ], [ -54.0, -48.0 ] ] ] } },
{ "type": "Feature", "properties": { "nome_folha": "L22" }, "geometry": { "type": "Polygon", "coordinates": [ [ [ -48.0, -48.0 ], [ -48.0, -44.0 ], [ -54.0, -44.0 ], [ -54.0, -48.0 ], [ -48.0, -48.0 ] ] ] } },
{ "type": "Feature", "properties": { "nome_folha": "L23" }, "geometry": { "type": "Polygon", "coordinates": [ [ [ -42.0, -48.0 ], [ -42.0, -44.0 ], [ -48.0, -44.0 ], [ -48.0, -48.0 ], [ -42.0, -48.0 ] ] ] } },
{ "type": "Feature", "properties": { "nome_folha": "L24" }, "geometry": { "type": "Polygon", "coordinates": [ [ [ -36.0, -48.0 ], [ -36.0, -44.0 ], [ -42.0, -44.0 ], [ -42.0, -48.0 ], [ -36.0, -48.0 ] ] ] } },
{ "type": "Feature", "properties": { "nome_folha": "L25" }, "geometry": { "type": "Polygon", "coordinates": [ [ [ -30.0, -48.0 ], [ -30.0, -44.0 ], [ -36.0, -44.0 ], [ -36.0, -48.0 ], [ -30.0, -48.0 ] ] ] } },
{ "type": "Feature", "properties": { "nome_folha": "L26" }, "geometry": { "type": "Polygon", "coordinates": [ [ [ -24.0, -48.0 ], [ -24.0, -44.0 ], [ -30.0, -44.0 ], [ -30.0, -48.0 ], [ -24.0, -48.0 ] ] ] } },
{ "type": "Feature", "properties": { "nome_folha": "L27" }, "geometry": { "type": "Polygon", "coordinates": [ [ [ -18.0, -48.0 ], [ -18.0, -44.0 ], [ -24.0, -44.0 ], [ -24.0, -48.0 ], [ -18.0, -48.0 ] ] ] } },
{ "type": "Feature", "properties": { "nome_folha": "L28" }, "geometry": { "type": "Polygon", "coordinates": [ [ [ -12.0, -48.0 ], [ -12.0, -44.0 ], [ -18.0, -44.0 ], [ -18.0, -48.0 ], [ -12.0, -48.0 ] ] ] } },
{ "type": "Feature", "properties": { "nome_folha": "L29" }, "geometry": { "type": "Polygon", "coordinates": [ [ [ -6.0, -48.0 ], [ -6.0, -44.0 ], [ -12.0, -44.0 ], [ -12.0, -48.0 ], [ -6.0, -48.0 ] ] ] } },
{ "type": "Feature", "properties": { "nome_folha": "L30" }, "geometry": { "type": "Polygon", "coordinates": [ [ [ 0.0, -48.0 ], [ 0.0, -44.0 ], [ -6.0, -44.0 ], [ -6.0, -48.0 ], [ 0.0, -48.0 ] ] ] } },
{ "type": "Feature", "properties": { "nome_folha": "L31" }, "geometry": { "type": "Polygon", "coordinates": [ [ [ 6.0, -48.0 ], [ 6.0, -44.0 ], [ 0.0, -44.0 ], [ 0.0, -48.0 ], [ 6.0, -48.0 ] ] ] } },
{ "type": "Feature", "properties": { "nome_folha": "L32" }, "geometry": { "type": "Polygon", "coordinates": [ [ [ 12.0, -48.0 ], [ 12.0, -44.0 ], [ 6.0, -44.0 ], [ 6.0, -48.0 ], [ 12.0, -48.0 ] ] ] } },
{ "type": "Feature", "properties": { "nome_folha": "L33" }, "geometry": { "type": "Polygon", "coordinates": [ [ [ 18.0, -48.0 ], [ 18.0, -44.0 ], [ 12.0, -44.0 ], [ 12.0, -48.0 ], [ 18.0, -48.0 ] ] ] } },
{ "type": "Feature", "properties": { "nome_folha": "L34" }, "geometry": { "type": "Polygon", "coordinates": [ [ [ 24.0, -48.0 ], [ 24.0, -44.0 ], [ 18.0, -44.0 ], [ 18.0, -48.0 ], [ 24.0, -48.0 ] ] ] } },
{ "type": "Feature", "properties": { "nome_folha": "L35" }, "geometry": { "type": "Polygon", "coordinates": [ [ [ 30.0, -48.0 ], [ 30.0, -44.0 ], [ 24.0, -44.0 ], [ 24.0, -48.0 ], [ 30.0, -48.0 ] ] ] } },
{ "type": "Feature", "properties": { "nome_folha": "L36" }, "geometry": { "type": "Polygon", "coordinates": [ [ [ 36.0, -48.0 ], [ 36.0, -44.0 ], [ 30.0, -44.0 ], [ 30.0, -48.0 ], [ 36.0, -48.0 ] ] ] } },
{ "type": "Feature", "properties": { "nome_folha": "L37" }, "geometry": { "type": "Polygon", "coordinates": [ [ [ 42.0, -48.0 ], [ 42.0, -44.0 ], [ 36.0, -44.0 ], [ 36.0, -48.0 ], [ 42.0, -48.0 ] ] ] } },
{ "type": "Feature", "properties": { "nome_folha": "L38" }, "geometry": { "type": "Polygon", "coordinates": [ [ [ 48.0, -48.0 ], [ 48.0, -44.0 ], [ 42.0, -44.0 ], [ 42.0, -48.0 ], [ 48.0, -48.0 ] ] ] } },
{ "type": "Feature", "properties": { "nome_folha": "L39" }, "geometry": { "type": "Polygon", "coordinates": [ [ [ 54.0, -48.0 ], [ 54.0, -44.0 ], [ 48.0, -44.0 ], [ 48.0, -48.0 ], [ 54.0, -48.0 ] ] ] } },
{ "type": "Feature", "properties": { "nome_folha": "L40" }, "geometry": { "type": "Polygon", "coordinates": [ [ [ 60.0, -48.0 ], [ 60.0, -44.0 ], [ 54.0, -44.0 ], [ 54.0, -48.0 ], [ 60.0, -48.0 ] ] ] } },
{ "type": "Feature", "properties": { "nome_folha": "L41" }, "geometry": { "type": "Polygon", "coordinates": [ [ [ 66.0, -48.0 ], [ 66.0, -44.0 ], [ 60.0, -44.0 ], [ 60.0, -48.0 ], [ 66.0, -48.0 ] ] ] } },
{ "type": "Feature", "properties": { "nome_folha": "L42" }, "geometry": { "type": "Polygon", "coordinates": [ [ [ 72.0, -48.0 ], [ 72.0, -44.0 ], [ 66.0, -44.0 ], [ 66.0, -48.0 ], [ 72.0, -48.0 ] ] ] } },
{ "type": "Feature", "properties": { "nome_folha": "L43" }, "geometry": { "type": "Polygon", "coordinates": [ [ [ 78.0, -48.0 ], [ 78.0, -44.0 ], [ 72.0, -44.0 ], [ 72.0, -48.0 ], [ 78.0, -48.0 ] ] ] } },
{ "type": "Feature", "properties": { "nome_folha": "L44" }, "geometry": { "type": "Polygon", "coordinates": [ [ [ 84.0, -48.0 ], [ 84.0, -44.0 ], [ 78.0, -44.0 ], [ 78.0, -48.0 ], [ 84.0, -48.0 ] ] ] } },
{ "type": "Feature", "properties": { "nome_folha": "L45" }, "geometry": { "type": "Polygon", "coordinates": [ [ [ 90.0, -48.0 ], [ 90.0, -44.0 ], [ 84.0, -44.0 ], [ 84.0, -48.0 ], [ 90.0, -48.0 ] ] ] } },
{ "type": "Feature", "properties": { "nome_folha": "L46" }, "geometry": { "type": "Polygon", "coordinates": [ [ [ 96.0, -48.0 ], [ 96.0, -44.0 ], [ 90.0, -44.0 ], [ 90.0, -48.0 ], [ 96.0, -48.0 ] ] ] } },
{ "type": "Feature", "properties": { "nome_folha": "L47" }, "geometry": { "type": "Polygon", "coordinates": [ [ [ 102.0, -48.0 ], [ 102.0, -44.0 ], [ 96.0, -44.0 ], [ 96.0, -48.0 ], [ 102.0, -48.0 ] ] ] } },
{ "type": "Feature", "properties": { "nome_folha": "L48" }, "geometry": { "type": "Polygon", "coordinates": [ [ [ 108.0, -48.0 ], [ 108.0, -44.0 ], [ 102.0, -44.0 ], [ 102.0, -48.0 ], [ 108.0, -48.0 ] ] ] } },
{ "type": "Feature", "properties": { "nome_folha": "L49" }, "geometry": { "type": "Polygon", "coordinates": [ [ [ 114.0, -48.0 ], [ 114.0, -44.0 ], [ 108.0, -44.0 ], [ 108.0, -48.0 ], [ 114.0, -48.0 ] ] ] } },
{ "type": "Feature", "properties": { "nome_folha": "L50" }, "geometry": { "type": "Polygon", "coordinates": [ [ [ 120.0, -48.0 ], [ 120.0, -44.0 ], [ 114.0, -44.0 ], [ 114.0, -48.0 ], [ 120.0, -48.0 ] ] ] } },
{ "type": "Feature", "properties": { "nome_folha": "L51" }, "geometry": { "type": "Polygon", "coordinates": [ [ [ 126.0, -48.0 ], [ 126.0, -44.0 ], [ 120.0, -44.0 ], [ 120.0, -48.0 ], [ 126.0, -48.0 ] ] ] } },
{ "type": "Feature", "properties": { "nome_folha": "L52" }, "geometry": { "type": "Polygon", "coordinates": [ [ [ 132.0, -48.0 ], [ 132.0, -44.0 ], [ 126.0, -44.0 ], [ 126.0, -48.0 ], [ 132.0, -48.0 ] ] ] } },
{ "type": "Feature", "properties": { "nome_folha": "L53" }, "geometry": { "type": "Polygon", "coordinates": [ [ [ 138.0, -48.0 ], [ 138.0, -44.0 ], [ 132.0, -44.0 ], [ 132.0, -48.0 ], [ 138.0, -48.0 ] ] ] } },
{ "type": "Feature", "properties": { "nome_folha": "L54" }, "geometry": { "type": "Polygon", "coordinates": [ [ [ 144.0, -48.0 ], [ 144.0, -44.0 ], [ 138.0, -44.0 ], [ 138.0, -48.0 ], [ 144.0, -48.0 ] ] ] } },
{ "type": "Feature", "properties": { "nome_folha": "L55" }, "geometry": { "type": "Polygon", "coordinates": [ [ [ 150.0, -48.0 ], [ 150.0, -44.0 ], [ 144.0, -44.0 ], [ 144.0, -48.0 ], [ 150.0, -48.0 ] ] ] } },
{ "type": "Feature", "properties": { "nome_folha": "L56" }, "geometry": { "type": "Polygon", "coordinates": [ [ [ 156.0, -48.0 ], [ 156.0, -44.0 ], [ 150.0, -44.0 ], [ 150.0, -48.0 ], [ 156.0, -48.0 ] ] ] } },
{ "type": "Feature", "properties": { "nome_folha": "L57" }, "geometry": { "type": "Polygon", "coordinates": [ [ [ 162.0, -48.0 ], [ 162.0, -44.0 ], [ 156.0, -44.0 ], [ 156.0, -48.0 ], [ 162.0, -48.0 ] ] ] } },
{ "type": "Feature", "properties": { "nome_folha": "L58" }, "geometry": { "type": "Polygon", "coordinates": [ [ [ 168.0, -48.0 ], [ 168.0, -44.0 ], [ 162.0, -44.0 ], [ 162.0, -48.0 ], [ 168.0, -48.0 ] ] ] } },
{ "type": "Feature", "properties": { "nome_folha": "L59" }, "geometry": { "type": "Polygon", "coordinates": [ [ [ 174.0, -48.0 ], [ 174.0, -44.0 ], [ 168.0, -44.0 ], [ 168.0, -48.0 ], [ 174.0, -48.0 ] ] ] } },
{ "type": "Feature", "properties": { "nome_folha": "L60" }, "geometry": { "type": "Polygon", "coordinates": [ [ [ 180.0, -48.0 ], [ 180.0, -44.0 ], [ 174.0, -44.0 ], [ 174.0, -48.0 ], [ 180.0, -48.0 ] ] ] } },
{ "type": "Feature", "properties": { "nome_folha": "K01" }, "geometry": { "type": "Polygon", "coordinates": [ [ [ -174.0, -44.0 ], [ -174.0, -40.0 ], [ -180.0, -40.0 ], [ -180.0, -44.0 ], [ -174.0, -44.0 ] ] ] } },
{ "type": "Feature", "properties": { "nome_folha": "K02" }, "geometry": { "type": "Polygon", "coordinates": [ [ [ -168.0, -44.0 ], [ -168.0, -40.0 ], [ -174.0, -40.0 ], [ -174.0, -44.0 ], [ -168.0, -44.0 ] ] ] } },
{ "type": "Feature", "properties": { "nome_folha": "K03" }, "geometry": { "type": "Polygon", "coordinates": [ [ [ -162.0, -44.0 ], [ -162.0, -40.0 ], [ -168.0, -40.0 ], [ -168.0, -44.0 ], [ -162.0, -44.0 ] ] ] } },
{ "type": "Feature", "properties": { "nome_folha": "K04" }, "geometry": { "type": "Polygon", "coordinates": [ [ [ -156.0, -44.0 ], [ -156.0, -40.0 ], [ -162.0, -40.0 ], [ -162.0, -44.0 ], [ -156.0, -44.0 ] ] ] } },
{ "type": "Feature", "properties": { "nome_folha": "K05" }, "geometry": { "type": "Polygon", "coordinates": [ [ [ -150.0, -44.0 ], [ -150.0, -40.0 ], [ -156.0, -40.0 ], [ -156.0, -44.0 ], [ -150.0, -44.0 ] ] ] } },
{ "type": "Feature", "properties": { "nome_folha": "K06" }, "geometry": { "type": "Polygon", "coordinates": [ [ [ -144.0, -44.0 ], [ -144.0, -40.0 ], [ -150.0, -40.0 ], [ -150.0, -44.0 ], [ -144.0, -44.0 ] ] ] } },
{ "type": "Feature", "properties": { "nome_folha": "K07" }, "geometry": { "type": "Polygon", "coordinates": [ [ [ -138.0, -44.0 ], [ -138.0, -40.0 ], [ -144.0, -40.0 ], [ -144.0, -44.0 ], [ -138.0, -44.0 ] ] ] } },
{ "type": "Feature", "properties": { "nome_folha": "K08" }, "geometry": { "type": "Polygon", "coordinates": [ [ [ -132.0, -44.0 ], [ -132.0, -40.0 ], [ -138.0, -40.0 ], [ -138.0, -44.0 ], [ -132.0, -44.0 ] ] ] } },
{ "type": "Feature", "properties": { "nome_folha": "K09" }, "geometry": { "type": "Polygon", "coordinates": [ [ [ -126.0, -44.0 ], [ -126.0, -40.0 ], [ -132.0, -40.0 ], [ -132.0, -44.0 ], [ -126.0, -44.0 ] ] ] } },
{ "type": "Feature", "properties": { "nome_folha": "K10" }, "geometry": { "type": "Polygon", "coordinates": [ [ [ -120.0, -44.0 ], [ -120.0, -40.0 ], [ -126.0, -40.0 ], [ -126.0, -44.0 ], [ -120.0, -44.0 ] ] ] } },
{ "type": "Feature", "properties": { "nome_folha": "K11" }, "geometry": { "type": "Polygon", "coordinates": [ [ [ -114.0, -44.0 ], [ -114.0, -40.0 ], [ -120.0, -40.0 ], [ -120.0, -44.0 ], [ -114.0, -44.0 ] ] ] } },
{ "type": "Feature", "properties": { "nome_folha": "K12" }, "geometry": { "type": "Polygon", "coordinates": [ [ [ -108.0, -44.0 ], [ -108.0, -40.0 ], [ -114.0, -40.0 ], [ -114.0, -44.0 ], [ -108.0, -44.0 ] ] ] } },
{ "type": "Feature", "properties": { "nome_folha": "K13" }, "geometry": { "type": "Polygon", "coordinates": [ [ [ -102.0, -44.0 ], [ -102.0, -40.0 ], [ -108.0, -40.0 ], [ -108.0, -44.0 ], [ -102.0, -44.0 ] ] ] } },
{ "type": "Feature", "properties": { "nome_folha": "K14" }, "geometry": { "type": "Polygon", "coordinates": [ [ [ -96.0, -44.0 ], [ -96.0, -40.0 ], [ -102.0, -40.0 ], [ -102.0, -44.0 ], [ -96.0, -44.0 ] ] ] } },
{ "type": "Feature", "properties": { "nome_folha": "K15" }, "geometry": { "type": "Polygon", "coordinates": [ [ [ -90.0, -44.0 ], [ -90.0, -40.0 ], [ -96.0, -40.0 ], [ -96.0, -44.0 ], [ -90.0, -44.0 ] ] ] } },
{ "type": "Feature", "properties": { "nome_folha": "K16" }, "geometry": { "type": "Polygon", "coordinates": [ [ [ -84.0, -44.0 ], [ -84.0, -40.0 ], [ -90.0, -40.0 ], [ -90.0, -44.0 ], [ -84.0, -44.0 ] ] ] } },
{ "type": "Feature", "properties": { "nome_folha": "K17" }, "geometry": { "type": "Polygon", "coordinates": [ [ [ -78.0, -44.0 ], [ -78.0, -40.0 ], [ -84.0, -40.0 ], [ -84.0, -44.0 ], [ -78.0, -44.0 ] ] ] } },
{ "type": "Feature", "properties": { "nome_folha": "K18" }, "geometry": { "type": "Polygon", "coordinates": [ [ [ -72.0, -44.0 ], [ -72.0, -40.0 ], [ -78.0, -40.0 ], [ -78.0, -44.0 ], [ -72.0, -44.0 ] ] ] } },
{ "type": "Feature", "properties": { "nome_folha": "K19" }, "geometry": { "type": "Polygon", "coordinates": [ [ [ -66.0, -44.0 ], [ -66.0, -40.0 ], [ -72.0, -40.0 ], [ -72.0, -44.0 ], [ -66.0, -44.0 ] ] ] } },
{ "type": "Feature", "properties": { "nome_folha": "K20" }, "geometry": { "type": "Polygon", "coordinates": [ [ [ -60.0, -44.0 ], [ -60.0, -40.0 ], [ -66.0, -40.0 ], [ -66.0, -44.0 ], [ -60.0, -44.0 ] ] ] } },
{ "type": "Feature", "properties": { "nome_folha": "K21" }, "geometry": { "type": "Polygon", "coordinates": [ [ [ -54.0, -44.0 ], [ -54.0, -40.0 ], [ -60.0, -40.0 ], [ -60.0, -44.0 ], [ -54.0, -44.0 ] ] ] } },
{ "type": "Feature", "properties": { "nome_folha": "K22" }, "geometry": { "type": "Polygon", "coordinates": [ [ [ -48.0, -44.0 ], [ -48.0, -40.0 ], [ -54.0, -40.0 ], [ -54.0, -44.0 ], [ -48.0, -44.0 ] ] ] } },
{ "type": "Feature", "properties": { "nome_folha": "K23" }, "geometry": { "type": "Polygon", "coordinates": [ [ [ -42.0, -44.0 ], [ -42.0, -40.0 ], [ -48.0, -40.0 ], [ -48.0, -44.0 ], [ -42.0, -44.0 ] ] ] } },
{ "type": "Feature", "properties": { "nome_folha": "K24" }, "geometry": { "type": "Polygon", "coordinates": [ [ [ -36.0, -44.0 ], [ -36.0, -40.0 ], [ -42.0, -40.0 ], [ -42.0, -44.0 ], [ -36.0, -44.0 ] ] ] } },
{ "type": "Feature", "properties": { "nome_folha": "K25" }, "geometry": { "type": "Polygon", "coordinates": [ [ [ -30.0, -44.0 ], [ -30.0, -40.0 ], [ -36.0, -40.0 ], [ -36.0, -44.0 ], [ -30.0, -44.0 ] ] ] } },
{ "type": "Feature", "properties": { "nome_folha": "K26" }, "geometry": { "type": "Polygon", "coordinates": [ [ [ -24.0, -44.0 ], [ -24.0, -40.0 ], [ -30.0, -40.0 ], [ -30.0, -44.0 ], [ -24.0, -44.0 ] ] ] } },
{ "type": "Feature", "properties": { "nome_folha": "K27" }, "geometry": { "type": "Polygon", "coordinates": [ [ [ -18.0, -44.0 ], [ -18.0, -40.0 ], [ -24.0, -40.0 ], [ -24.0, -44.0 ], [ -18.0, -44.0 ] ] ] } },
{ "type": "Feature", "properties": { "nome_folha": "K28" }, "geometry": { "type": "Polygon", "coordinates": [ [ [ -12.0, -44.0 ], [ -12.0, -40.0 ], [ -18.0, -40.0 ], [ -18.0, -44.0 ], [ -12.0, -44.0 ] ] ] } },
{ "type": "Feature", "properties": { "nome_folha": "K29" }, "geometry": { "type": "Polygon", "coordinates": [ [ [ -6.0, -44.0 ], [ -6.0, -40.0 ], [ -12.0, -40.0 ], [ -12.0, -44.0 ], [ -6.0, -44.0 ] ] ] } },
{ "type": "Feature", "properties": { "nome_folha": "K30" }, "geometry": { "type": "Polygon", "coordinates": [ [ [ 0.0, -44.0 ], [ 0.0, -40.0 ], [ -6.0, -40.0 ], [ -6.0, -44.0 ], [ 0.0, -44.0 ] ] ] } },
{ "type": "Feature", "properties": { "nome_folha": "K31" }, "geometry": { "type": "Polygon", "coordinates": [ [ [ 6.0, -44.0 ], [ 6.0, -40.0 ], [ 0.0, -40.0 ], [ 0.0, -44.0 ], [ 6.0, -44.0 ] ] ] } },
{ "type": "Feature", "properties": { "nome_folha": "K32" }, "geometry": { "type": "Polygon", "coordinates": [ [ [ 12.0, -44.0 ], [ 12.0, -40.0 ], [ 6.0, -40.0 ], [ 6.0, -44.0 ], [ 12.0, -44.0 ] ] ] } },
{ "type": "Feature", "properties": { "nome_folha": "K33" }, "geometry": { "type": "Polygon", "coordinates": [ [ [ 18.0, -44.0 ], [ 18.0, -40.0 ], [ 12.0, -40.0 ], [ 12.0, -44.0 ], [ 18.0, -44.0 ] ] ] } },
{ "type": "Feature", "properties": { "nome_folha": "K34" }, "geometry": { "type": "Polygon", "coordinates": [ [ [ 24.0, -44.0 ], [ 24.0, -40.0 ], [ 18.0, -40.0 ], [ 18.0, -44.0 ], [ 24.0, -44.0 ] ] ] } },
{ "type": "Feature", "properties": { "nome_folha": "K35" }, "geometry": { "type": "Polygon", "coordinates": [ [ [ 30.0, -44.0 ], [ 30.0, -40.0 ], [ 24.0, -40.0 ], [ 24.0, -44.0 ], [ 30.0, -44.0 ] ] ] } },
{ "type": "Feature", "properties": { "nome_folha": "K36" }, "geometry": { "type": "Polygon", "coordinates": [ [ [ 36.0, -44.0 ], [ 36.0, -40.0 ], [ 30.0, -40.0 ], [ 30.0, -44.0 ], [ 36.0, -44.0 ] ] ] } },
{ "type": "Feature", "properties": { "nome_folha": "K37" }, "geometry": { "type": "Polygon", "coordinates": [ [ [ 42.0, -44.0 ], [ 42.0, -40.0 ], [ 36.0, -40.0 ], [ 36.0, -44.0 ], [ 42.0, -44.0 ] ] ] } },
{ "type": "Feature", "properties": { "nome_folha": "K38" }, "geometry": { "type": "Polygon", "coordinates": [ [ [ 48.0, -44.0 ], [ 48.0, -40.0 ], [ 42.0, -40.0 ], [ 42.0, -44.0 ], [ 48.0, -44.0 ] ] ] } },
{ "type": "Feature", "properties": { "nome_folha": "K39" }, "geometry": { "type": "Polygon", "coordinates": [ [ [ 54.0, -44.0 ], [ 54.0, -40.0 ], [ 48.0, -40.0 ], [ 48.0, -44.0 ], [ 54.0, -44.0 ] ] ] } },
{ "type": "Feature", "properties": { "nome_folha": "K40" }, "geometry": { "type": "Polygon", "coordinates": [ [ [ 60.0, -44.0 ], [ 60.0, -40.0 ], [ 54.0, -40.0 ], [ 54.0, -44.0 ], [ 60.0, -44.0 ] ] ] } },
{ "type": "Feature", "properties": { "nome_folha": "K41" }, "geometry": { "type": "Polygon", "coordinates": [ [ [ 66.0, -44.0 ], [ 66.0, -40.0 ], [ 60.0, -40.0 ], [ 60.0, -44.0 ], [ 66.0, -44.0 ] ] ] } },
{ "type": "Feature", "properties": { "nome_folha": "K42" }, "geometry": { "type": "Polygon", "coordinates": [ [ [ 72.0, -44.0 ], [ 72.0, -40.0 ], [ 66.0, -40.0 ], [ 66.0, -44.0 ], [ 72.0, -44.0 ] ] ] } },
{ "type": "Feature", "properties": { "nome_folha": "K43" }, "geometry": { "type": "Polygon", "coordinates": [ [ [ 78.0, -44.0 ], [ 78.0, -40.0 ], [ 72.0, -40.0 ], [ 72.0, -44.0 ], [ 78.0, -44.0 ] ] ] } },
{ "type": "Feature", "properties": { "nome_folha": "K44" }, "geometry": { "type": "Polygon", "coordinates": [ [ [ 84.0, -44.0 ], [ 84.0, -40.0 ], [ 78.0, -40.0 ], [ 78.0, -44.0 ], [ 84.0, -44.0 ] ] ] } },
{ "type": "Feature", "properties": { "nome_folha": "K45" }, "geometry": { "type": "Polygon", "coordinates": [ [ [ 90.0, -44.0 ], [ 90.0, -40.0 ], [ 84.0, -40.0 ], [ 84.0, -44.0 ], [ 90.0, -44.0 ] ] ] } },
{ "type": "Feature", "properties": { "nome_folha": "K46" }, "geometry": { "type": "Polygon", "coordinates": [ [ [ 96.0, -44.0 ], [ 96.0, -40.0 ], [ 90.0, -40.0 ], [ 90.0, -44.0 ], [ 96.0, -44.0 ] ] ] } },
{ "type": "Feature", "properties": { "nome_folha": "K47" }, "geometry": { "type": "Polygon", "coordinates": [ [ [ 102.0, -44.0 ], [ 102.0, -40.0 ], [ 96.0, -40.0 ], [ 96.0, -44.0 ], [ 102.0, -44.0 ] ] ] } },
{ "type": "Feature", "properties": { "nome_folha": "K48" }, "geometry": { "type": "Polygon", "coordinates": [ [ [ 108.0, -44.0 ], [ 108.0, -40.0 ], [ 102.0, -40.0 ], [ 102.0, -44.0 ], [ 108.0, -44.0 ] ] ] } },
{ "type": "Feature", "properties": { "nome_folha": "K49" }, "geometry": { "type": "Polygon", "coordinates": [ [ [ 114.0, -44.0 ], [ 114.0, -40.0 ], [ 108.0, -40.0 ], [ 108.0, -44.0 ], [ 114.0, -44.0 ] ] ] } },
{ "type": "Feature", "properties": { "nome_folha": "K50" }, "geometry": { "type": "Polygon", "coordinates": [ [ [ 120.0, -44.0 ], [ 120.0, -40.0 ], [ 114.0, -40.0 ], [ 114.0, -44.0 ], [ 120.0, -44.0 ] ] ] } },
{ "type": "Feature", "properties": { "nome_folha": "K51" }, "geometry": { "type": "Polygon", "coordinates": [ [ [ 126.0, -44.0 ], [ 126.0, -40.0 ], [ 120.0, -40.0 ], [ 120.0, -44.0 ], [ 126.0, -44.0 ] ] ] } },
{ "type": "Feature", "properties": { "nome_folha": "K52" }, "geometry": { "type": "Polygon", "coordinates": [ [ [ 132.0, -44.0 ], [ 132.0, -40.0 ], [ 126.0, -40.0 ], [ 126.0, -44.0 ], [ 132.0, -44.0 ] ] ] } },
{ "type": "Feature", "properties": { "nome_folha": "K53" }, "geometry": { "type": "Polygon", "coordinates": [ [ [ 138.0, -44.0 ], [ 138.0, -40.0 ], [ 132.0, -40.0 ], [ 132.0, -44.0 ], [ 138.0, -44.0 ] ] ] } },
{ "type": "Feature", "properties": { "nome_folha": "K54" }, "geometry": { "type": "Polygon", "coordinates": [ [ [ 144.0, -44.0 ], [ 144.0, -40.0 ], [ 138.0, -40.0 ], [ 138.0, -44.0 ], [ 144.0, -44.0 ] ] ] } },
{ "type": "Feature", "properties": { "nome_folha": "K55" }, "geometry": { "type": "Polygon", "coordinates": [ [ [ 150.0, -44.0 ], [ 150.0, -40.0 ], [ 144.0, -40.0 ], [ 144.0, -44.0 ], [ 150.0, -44.0 ] ] ] } },
{ "type": "Feature", "properties": { "nome_folha": "K56" }, "geometry": { "type": "Polygon", "coordinates": [ [ [ 156.0, -44.0 ], [ 156.0, -40.0 ], [ 150.0, -40.0 ], [ 150.0, -44.0 ], [ 156.0, -44.0 ] ] ] } },
{ "type": "Feature", "properties": { "nome_folha": "K57" }, "geometry": { "type": "Polygon", "coordinates": [ [ [ 162.0, -44.0 ], [ 162.0, -40.0 ], [ 156.0, -40.0 ], [ 156.0, -44.0 ], [ 162.0, -44.0 ] ] ] } },
{ "type": "Feature", "properties": { "nome_folha": "K58" }, "geometry": { "type": "Polygon", "coordinates": [ [ [ 168.0, -44.0 ], [ 168.0, -40.0 ], [ 162.0, -40.0 ], [ 162.0, -44.0 ], [ 168.0, -44.0 ] ] ] } },
{ "type": "Feature", "properties": { "nome_folha": "K59" }, "geometry": { "type": "Polygon", "coordinates": [ [ [ 174.0, -44.0 ], [ 174.0, -40.0 ], [ 168.0, -40.0 ], [ 168.0, -44.0 ], [ 174.0, -44.0 ] ] ] } },
{ "type": "Feature", "properties": { "nome_folha": "K60" }, "geometry": { "type": "Polygon", "coordinates": [ [ [ 180.0, -44.0 ], [ 180.0, -40.0 ], [ 174.0, -40.0 ], [ 174.0, -44.0 ], [ 180.0, -44.0 ] ] ] } },
{ "type": "Feature", "properties": { "nome_folha": "J01" }, "geometry": { "type": "Polygon", "coordinates": [ [ [ -174.0, -40.0 ], [ -174.0, -36.0 ], [ -180.0, -36.0 ], [ -180.0, -40.0 ], [ -174.0, -40.0 ] ] ] } },
{ "type": "Feature", "properties": { "nome_folha": "J02" }, "geometry": { "type": "Polygon", "coordinates": [ [ [ -168.0, -40.0 ], [ -168.0, -36.0 ], [ -174.0, -36.0 ], [ -174.0, -40.0 ], [ -168.0, -40.0 ] ] ] } },
{ "type": "Feature", "properties": { "nome_folha": "J03" }, "geometry": { "type": "Polygon", "coordinates": [ [ [ -162.0, -40.0 ], [ -162.0, -36.0 ], [ -168.0, -36.0 ], [ -168.0, -40.0 ], [ -162.0, -40.0 ] ] ] } },
{ "type": "Feature", "properties": { "nome_folha": "J04" }, "geometry": { "type": "Polygon", "coordinates": [ [ [ -156.0, -40.0 ], [ -156.0, -36.0 ], [ -162.0, -36.0 ], [ -162.0, -40.0 ], [ -156.0, -40.0 ] ] ] } },
{ "type": "Feature", "properties": { "nome_folha": "J05" }, "geometry": { "type": "Polygon", "coordinates": [ [ [ -150.0, -40.0 ], [ -150.0, -36.0 ], [ -156.0, -36.0 ], [ -156.0, -40.0 ], [ -150.0, -40.0 ] ] ] } },
{ "type": "Feature", "properties": { "nome_folha": "J06" }, "geometry": { "type": "Polygon", "coordinates": [ [ [ -144.0, -40.0 ], [ -144.0, -36.0 ], [ -150.0, -36.0 ], [ -150.0, -40.0 ], [ -144.0, -40.0 ] ] ] } },
{ "type": "Feature", "properties": { "nome_folha": "J07" }, "geometry": { "type": "Polygon", "coordinates": [ [ [ -138.0, -40.0 ], [ -138.0, -36.0 ], [ -144.0, -36.0 ], [ -144.0, -40.0 ], [ -138.0, -40.0 ] ] ] } },
{ "type": "Feature", "properties": { "nome_folha": "J08" }, "geometry": { "type": "Polygon", "coordinates": [ [ [ -132.0, -40.0 ], [ -132.0, -36.0 ], [ -138.0, -36.0 ], [ -138.0, -40.0 ], [ -132.0, -40.0 ] ] ] } },
{ "type": "Feature", "properties": { "nome_folha": "J09" }, "geometry": { "type": "Polygon", "coordinates": [ [ [ -126.0, -40.0 ], [ -126.0, -36.0 ], [ -132.0, -36.0 ], [ -132.0, -40.0 ], [ -126.0, -40.0 ] ] ] } },
{ "type": "Feature", "properties": { "nome_folha": "J10" }, "geometry": { "type": "Polygon", "coordinates": [ [ [ -120.0, -40.0 ], [ -120.0, -36.0 ], [ -126.0, -36.0 ], [ -126.0, -40.0 ], [ -120.0, -40.0 ] ] ] } },
{ "type": "Feature", "properties": { "nome_folha": "J11" }, "geometry": { "type": "Polygon", "coordinates": [ [ [ -114.0, -40.0 ], [ -114.0, -36.0 ], [ -120.0, -36.0 ], [ -120.0, -40.0 ], [ -114.0, -40.0 ] ] ] } },
{ "type": "Feature", "properties": { "nome_folha": "J12" }, "geometry": { "type": "Polygon", "coordinates": [ [ [ -108.0, -40.0 ], [ -108.0, -36.0 ], [ -114.0, -36.0 ], [ -114.0, -40.0 ], [ -108.0, -40.0 ] ] ] } },
{ "type": "Feature", "properties": { "nome_folha": "J13" }, "geometry": { "type": "Polygon", "coordinates": [ [ [ -102.0, -40.0 ], [ -102.0, -36.0 ], [ -108.0, -36.0 ], [ -108.0, -40.0 ], [ -102.0, -40.0 ] ] ] } },
{ "type": "Feature", "properties": { "nome_folha": "J14" }, "geometry": { "type": "Polygon", "coordinates": [ [ [ -96.0, -40.0 ], [ -96.0, -36.0 ], [ -102.0, -36.0 ], [ -102.0, -40.0 ], [ -96.0, -40.0 ] ] ] } },
{ "type": "Feature", "properties": { "nome_folha": "J15" }, "geometry": { "type": "Polygon", "coordinates": [ [ [ -90.0, -40.0 ], [ -90.0, -36.0 ], [ -96.0, -36.0 ], [ -96.0, -40.0 ], [ -90.0, -40.0 ] ] ] } },
{ "type": "Feature", "properties": { "nome_folha": "J16" }, "geometry": { "type": "Polygon", "coordinates": [ [ [ -84.0, -40.0 ], [ -84.0, -36.0 ], [ -90.0, -36.0 ], [ -90.0, -40.0 ], [ -84.0, -40.0 ] ] ] } },
{ "type": "Feature", "properties": { "nome_folha": "J17" }, "geometry": { "type": "Polygon", "coordinates": [ [ [ -78.0, -40.0 ], [ -78.0, -36.0 ], [ -84.0, -36.0 ], [ -84.0, -40.0 ], [ -78.0, -40.0 ] ] ] } },
{ "type": "Feature", "properties": { "nome_folha": "J18" }, "geometry": { "type": "Polygon", "coordinates": [ [ [ -72.0, -40.0 ], [ -72.0, -36.0 ], [ -78.0, -36.0 ], [ -78.0, -40.0 ], [ -72.0, -40.0 ] ] ] } },
{ "type": "Feature", "properties": { "nome_folha": "J19" }, "geometry": { "type": "Polygon", "coordinates": [ [ [ -66.0, -40.0 ], [ -66.0, -36.0 ], [ -72.0, -36.0 ], [ -72.0, -40.0 ], [ -66.0, -40.0 ] ] ] } },
{ "type": "Feature", "properties": { "nome_folha": "J20" }, "geometry": { "type": "Polygon", "coordinates": [ [ [ -60.0, -40.0 ], [ -60.0, -36.0 ], [ -66.0, -36.0 ], [ -66.0, -40.0 ], [ -60.0, -40.0 ] ] ] } },
{ "type": "Feature", "properties": { "nome_folha": "J21" }, "geometry": { "type": "Polygon", "coordinates": [ [ [ -54.0, -40.0 ], [ -54.0, -36.0 ], [ -60.0, -36.0 ], [ -60.0, -40.0 ], [ -54.0, -40.0 ] ] ] } },
{ "type": "Feature", "properties": { "nome_folha": "J22" }, "geometry": { "type": "Polygon", "coordinates": [ [ [ -48.0, -40.0 ], [ -48.0, -36.0 ], [ -54.0, -36.0 ], [ -54.0, -40.0 ], [ -48.0, -40.0 ] ] ] } },
{ "type": "Feature", "properties": { "nome_folha": "J23" }, "geometry": { "type": "Polygon", "coordinates": [ [ [ -42.0, -40.0 ], [ -42.0, -36.0 ], [ -48.0, -36.0 ], [ -48.0, -40.0 ], [ -42.0, -40.0 ] ] ] } },
{ "type": "Feature", "properties": { "nome_folha": "J24" }, "geometry": { "type": "Polygon", "coordinates": [ [ [ -36.0, -40.0 ], [ -36.0, -36.0 ], [ -42.0, -36.0 ], [ -42.0, -40.0 ], [ -36.0, -40.0 ] ] ] } },
{ "type": "Feature", "properties": { "nome_folha": "J25" }, "geometry": { "type": "Polygon", "coordinates": [ [ [ -30.0, -40.0 ], [ -30.0, -36.0 ], [ -36.0, -36.0 ], [ -36.0, -40.0 ], [ -30.0, -40.0 ] ] ] } },
{ "type": "Feature", "properties": { "nome_folha": "J26" }, "geometry": { "type": "Polygon", "coordinates": [ [ [ -24.0, -40.0 ], [ -24.0, -36.0 ], [ -30.0, -36.0 ], [ -30.0, -40.0 ], [ -24.0, -40.0 ] ] ] } },
{ "type": "Feature", "properties": { "nome_folha": "J27" }, "geometry": { "type": "Polygon", "coordinates": [ [ [ -18.0, -40.0 ], [ -18.0, -36.0 ], [ -24.0, -36.0 ], [ -24.0, -40.0 ], [ -18.0, -40.0 ] ] ] } },
{ "type": "Feature", "properties": { "nome_folha": "J28" }, "geometry": { "type": "Polygon", "coordinates": [ [ [ -12.0, -40.0 ], [ -12.0, -36.0 ], [ -18.0, -36.0 ], [ -18.0, -40.0 ], [ -12.0, -40.0 ] ] ] } },
{ "type": "Feature", "properties": { "nome_folha": "J29" }, "geometry": { "type": "Polygon", "coordinates": [ [ [ -6.0, -40.0 ], [ -6.0, -36.0 ], [ -12.0, -36.0 ], [ -12.0, -40.0 ], [ -6.0, -40.0 ] ] ] } },
{ "type": "Feature", "properties": { "nome_folha": "J30" }, "geometry": { "type": "Polygon", "coordinates": [ [ [ 0.0, -40.0 ], [ 0.0, -36.0 ], [ -6.0, -36.0 ], [ -6.0, -40.0 ], [ 0.0, -40.0 ] ] ] } },
{ "type": "Feature", "properties": { "nome_folha": "J31" }, "geometry": { "type": "Polygon", "coordinates": [ [ [ 6.0, -40.0 ], [ 6.0, -36.0 ], [ 0.0, -36.0 ], [ 0.0, -40.0 ], [ 6.0, -40.0 ] ] ] } },
{ "type": "Feature", "properties": { "nome_folha": "J32" }, "geometry": { "type": "Polygon", "coordinates": [ [ [ 12.0, -40.0 ], [ 12.0, -36.0 ], [ 6.0, -36.0 ], [ 6.0, -40.0 ], [ 12.0, -40.0 ] ] ] } },
{ "type": "Feature", "properties": { "nome_folha": "J33" }, "geometry": { "type": "Polygon", "coordinates": [ [ [ 18.0, -40.0 ], [ 18.0, -36.0 ], [ 12.0, -36.0 ], [ 12.0, -40.0 ], [ 18.0, -40.0 ] ] ] } },
{ "type": "Feature", "properties": { "nome_folha": "J34" }, "geometry": { "type": "Polygon", "coordinates": [ [ [ 24.0, -40.0 ], [ 24.0, -36.0 ], [ 18.0, -36.0 ], [ 18.0, -40.0 ], [ 24.0, -40.0 ] ] ] } },
{ "type": "Feature", "properties": { "nome_folha": "J35" }, "geometry": { "type": "Polygon", "coordinates": [ [ [ 30.0, -40.0 ], [ 30.0, -36.0 ], [ 24.0, -36.0 ], [ 24.0, -40.0 ], [ 30.0, -40.0 ] ] ] } },
{ "type": "Feature", "properties": { "nome_folha": "J36" }, "geometry": { "type": "Polygon", "coordinates": [ [ [ 36.0, -40.0 ], [ 36.0, -36.0 ], [ 30.0, -36.0 ], [ 30.0, -40.0 ], [ 36.0, -40.0 ] ] ] } },
{ "type": "Feature", "properties": { "nome_folha": "J37" }, "geometry": { "type": "Polygon", "coordinates": [ [ [ 42.0, -40.0 ], [ 42.0, -36.0 ], [ 36.0, -36.0 ], [ 36.0, -40.0 ], [ 42.0, -40.0 ] ] ] } },
{ "type": "Feature", "properties": { "nome_folha": "J38" }, "geometry": { "type": "Polygon", "coordinates": [ [ [ 48.0, -40.0 ], [ 48.0, -36.0 ], [ 42.0, -36.0 ], [ 42.0, -40.0 ], [ 48.0, -40.0 ] ] ] } },
{ "type": "Feature", "properties": { "nome_folha": "J39" }, "geometry": { "type": "Polygon", "coordinates": [ [ [ 54.0, -40.0 ], [ 54.0, -36.0 ], [ 48.0, -36.0 ], [ 48.0, -40.0 ], [ 54.0, -40.0 ] ] ] } },
{ "type": "Feature", "properties": { "nome_folha": "J40" }, "geometry": { "type": "Polygon", "coordinates": [ [ [ 60.0, -40.0 ], [ 60.0, -36.0 ], [ 54.0, -36.0 ], [ 54.0, -40.0 ], [ 60.0, -40.0 ] ] ] } },
{ "type": "Feature", "properties": { "nome_folha": "J41" }, "geometry": { "type": "Polygon", "coordinates": [ [ [ 66.0, -40.0 ], [ 66.0, -36.0 ], [ 60.0, -36.0 ], [ 60.0, -40.0 ], [ 66.0, -40.0 ] ] ] } },
{ "type": "Feature", "properties": { "nome_folha": "J42" }, "geometry": { "type": "Polygon", "coordinates": [ [ [ 72.0, -40.0 ], [ 72.0, -36.0 ], [ 66.0, -36.0 ], [ 66.0, -40.0 ], [ 72.0, -40.0 ] ] ] } },
{ "type": "Feature", "properties": { "nome_folha": "J43" }, "geometry": { "type": "Polygon", "coordinates": [ [ [ 78.0, -40.0 ], [ 78.0, -36.0 ], [ 72.0, -36.0 ], [ 72.0, -40.0 ], [ 78.0, -40.0 ] ] ] } },
{ "type": "Feature", "properties": { "nome_folha": "J44" }, "geometry": { "type": "Polygon", "coordinates": [ [ [ 84.0, -40.0 ], [ 84.0, -36.0 ], [ 78.0, -36.0 ], [ 78.0, -40.0 ], [ 84.0, -40.0 ] ] ] } },
{ "type": "Feature", "properties": { "nome_folha": "J45" }, "geometry": { "type": "Polygon", "coordinates": [ [ [ 90.0, -40.0 ], [ 90.0, -36.0 ], [ 84.0, -36.0 ], [ 84.0, -40.0 ], [ 90.0, -40.0 ] ] ] } },
{ "type": "Feature", "properties": { "nome_folha": "J46" }, "geometry": { "type": "Polygon", "coordinates": [ [ [ 96.0, -40.0 ], [ 96.0, -36.0 ], [ 90.0, -36.0 ], [ 90.0, -40.0 ], [ 96.0, -40.0 ] ] ] } },
{ "type": "Feature", "properties": { "nome_folha": "J47" }, "geometry": { "type": "Polygon", "coordinates": [ [ [ 102.0, -40.0 ], [ 102.0, -36.0 ], [ 96.0, -36.0 ], [ 96.0, -40.0 ], [ 102.0, -40.0 ] ] ] } },
{ "type": "Feature", "properties": { "nome_folha": "J48" }, "geometry": { "type": "Polygon", "coordinates": [ [ [ 108.0, -40.0 ], [ 108.0, -36.0 ], [ 102.0, -36.0 ], [ 102.0, -40.0 ], [ 108.0, -40.0 ] ] ] } },
{ "type": "Feature", "properties": { "nome_folha": "J49" }, "geometry": { "type": "Polygon", "coordinates": [ [ [ 114.0, -40.0 ], [ 114.0, -36.0 ], [ 108.0, -36.0 ], [ 108.0, -40.0 ], [ 114.0, -40.0 ] ] ] } },
{ "type": "Feature", "properties": { "nome_folha": "J50" }, "geometry": { "type": "Polygon", "coordinates": [ [ [ 120.0, -40.0 ], [ 120.0, -36.0 ], [ 114.0, -36.0 ], [ 114.0, -40.0 ], [ 120.0, -40.0 ] ] ] } },
{ "type": "Feature", "properties": { "nome_folha": "J51" }, "geometry": { "type": "Polygon", "coordinates": [ [ [ 126.0, -40.0 ], [ 126.0, -36.0 ], [ 120.0, -36.0 ], [ 120.0, -40.0 ], [ 126.0, -40.0 ] ] ] } },
{ "type": "Feature", "properties": { "nome_folha": "J52" }, "geometry": { "type": "Polygon", "coordinates": [ [ [ 132.0, -40.0 ], [ 132.0, -36.0 ], [ 126.0, -36.0 ], [ 126.0, -40.0 ], [ 132.0, -40.0 ] ] ] } },
{ "type": "Feature", "properties": { "nome_folha": "J53" }, "geometry": { "type": "Polygon", "coordinates": [ [ [ 138.0, -40.0 ], [ 138.0, -36.0 ], [ 132.0, -36.0 ], [ 132.0, -40.0 ], [ 138.0, -40.0 ] ] ] } },
{ "type": "Feature", "properties": { "nome_folha": "J54" }, "geometry": { "type": "Polygon", "coordinates": [ [ [ 144.0, -40.0 ], [ 144.0, -36.0 ], [ 138.0, -36.0 ], [ 138.0, -40.0 ], [ 144.0, -40.0 ] ] ] } },
{ "type": "Feature", "properties": { "nome_folha": "J55" }, "geometry": { "type": "Polygon", "coordinates": [ [ [ 150.0, -40.0 ], [ 150.0, -36.0 ], [ 144.0, -36.0 ], [ 144.0, -40.0 ], [ 150.0, -40.0 ] ] ] } },
{ "type": "Feature", "properties": { "nome_folha": "J56" }, "geometry": { "type": "Polygon", "coordinates": [ [ [ 156.0, -40.0 ], [ 156.0, -36.0 ], [ 150.0, -36.0 ], [ 150.0, -40.0 ], [ 156.0, -40.0 ] ] ] } },
{ "type": "Feature", "properties": { "nome_folha": "J57" }, "geometry": { "type": "Polygon", "coordinates": [ [ [ 162.0, -40.0 ], [ 162.0, -36.0 ], [ 156.0, -36.0 ], [ 156.0, -40.0 ], [ 162.0, -40.0 ] ] ] } },
{ "type": "Feature", "properties": { "nome_folha": "J58" }, "geometry": { "type": "Polygon", "coordinates": [ [ [ 168.0, -40.0 ], [ 168.0, -36.0 ], [ 162.0, -36.0 ], [ 162.0, -40.0 ], [ 168.0, -40.0 ] ] ] } },
{ "type": "Feature", "properties": { "nome_folha": "J59" }, "geometry": { "type": "Polygon", "coordinates": [ [ [ 174.0, -40.0 ], [ 174.0, -36.0 ], [ 168.0, -36.0 ], [ 168.0, -40.0 ], [ 174.0, -40.0 ] ] ] } },
{ "type": "Feature", "properties": { "nome_folha": "J60" }, "geometry": { "type": "Polygon", "coordinates": [ [ [ 180.0, -40.0 ], [ 180.0, -36.0 ], [ 174.0, -36.0 ], [ 174.0, -40.0 ], [ 180.0, -40.0 ] ] ] } },
{ "type": "Feature", "properties": { "nome_folha": "I01" }, "geometry": { "type": "Polygon", "coordinates": [ [ [ -174.0, -36.0 ], [ -174.0, -32.0 ], [ -180.0, -32.0 ], [ -180.0, -36.0 ], [ -174.0, -36.0 ] ] ] } },
{ "type": "Feature", "properties": { "nome_folha": "I02" }, "geometry": { "type": "Polygon", "coordinates": [ [ [ -168.0, -36.0 ], [ -168.0, -32.0 ], [ -174.0, -32.0 ], [ -174.0, -36.0 ], [ -168.0, -36.0 ] ] ] } },
{ "type": "Feature", "properties": { "nome_folha": "I03" }, "geometry": { "type": "Polygon", "coordinates": [ [ [ -162.0, -36.0 ], [ -162.0, -32.0 ], [ -168.0, -32.0 ], [ -168.0, -36.0 ], [ -162.0, -36.0 ] ] ] } },
{ "type": "Feature", "properties": { "nome_folha": "I04" }, "geometry": { "type": "Polygon", "coordinates": [ [ [ -156.0, -36.0 ], [ -156.0, -32.0 ], [ -162.0, -32.0 ], [ -162.0, -36.0 ], [ -156.0, -36.0 ] ] ] } },
{ "type": "Feature", "properties": { "nome_folha": "I05" }, "geometry": { "type": "Polygon", "coordinates": [ [ [ -150.0, -36.0 ], [ -150.0, -32.0 ], [ -156.0, -32.0 ], [ -156.0, -36.0 ], [ -150.0, -36.0 ] ] ] } },
{ "type": "Feature", "properties": { "nome_folha": "I06" }, "geometry": { "type": "Polygon", "coordinates": [ [ [ -144.0, -36.0 ], [ -144.0, -32.0 ], [ -150.0, -32.0 ], [ -150.0, -36.0 ], [ -144.0, -36.0 ] ] ] } },
{ "type": "Feature", "properties": { "nome_folha": "I07" }, "geometry": { "type": "Polygon", "coordinates": [ [ [ -138.0, -36.0 ], [ -138.0, -32.0 ], [ -144.0, -32.0 ], [ -144.0, -36.0 ], [ -138.0, -36.0 ] ] ] } },
{ "type": "Feature", "properties": { "nome_folha": "I08" }, "geometry": { "type": "Polygon", "coordinates": [ [ [ -132.0, -36.0 ], [ -132.0, -32.0 ], [ -138.0, -32.0 ], [ -138.0, -36.0 ], [ -132.0, -36.0 ] ] ] } },
{ "type": "Feature", "properties": { "nome_folha": "I09" }, "geometry": { "type": "Polygon", "coordinates": [ [ [ -126.0, -36.0 ], [ -126.0, -32.0 ], [ -132.0, -32.0 ], [ -132.0, -36.0 ], [ -126.0, -36.0 ] ] ] } },
{ "type": "Feature", "properties": { "nome_folha": "I10" }, "geometry": { "type": "Polygon", "coordinates": [ [ [ -120.0, -36.0 ], [ -120.0, -32.0 ], [ -126.0, -32.0 ], [ -126.0, -36.0 ], [ -120.0, -36.0 ] ] ] } },
{ "type": "Feature", "properties": { "nome_folha": "I11" }, "geometry": { "type": "Polygon", "coordinates": [ [ [ -114.0, -36.0 ], [ -114.0, -32.0 ], [ -120.0, -32.0 ], [ -120.0, -36.0 ], [ -114.0, -36.0 ] ] ] } },
{ "type": "Feature", "properties": { "nome_folha": "I12" }, "geometry": { "type": "Polygon", "coordinates": [ [ [ -108.0, -36.0 ], [ -108.0, -32.0 ], [ -114.0, -32.0 ], [ -114.0, -36.0 ], [ -108.0, -36.0 ] ] ] } },
{ "type": "Feature", "properties": { "nome_folha": "I13" }, "geometry": { "type": "Polygon", "coordinates": [ [ [ -102.0, -36.0 ], [ -102.0, -32.0 ], [ -108.0, -32.0 ], [ -108.0, -36.0 ], [ -102.0, -36.0 ] ] ] } },
{ "type": "Feature", "properties": { "nome_folha": "I14" }, "geometry": { "type": "Polygon", "coordinates": [ [ [ -96.0, -36.0 ], [ -96.0, -32.0 ], [ -102.0, -32.0 ], [ -102.0, -36.0 ], [ -96.0, -36.0 ] ] ] } },
{ "type": "Feature", "properties": { "nome_folha": "I15" }, "geometry": { "type": "Polygon", "coordinates": [ [ [ -90.0, -36.0 ], [ -90.0, -32.0 ], [ -96.0, -32.0 ], [ -96.0, -36.0 ], [ -90.0, -36.0 ] ] ] } },
{ "type": "Feature", "properties": { "nome_folha": "I16" }, "geometry": { "type": "Polygon", "coordinates": [ [ [ -84.0, -36.0 ], [ -84.0, -32.0 ], [ -90.0, -32.0 ], [ -90.0, -36.0 ], [ -84.0, -36.0 ] ] ] } },
{ "type": "Feature", "properties": { "nome_folha": "I17" }, "geometry": { "type": "Polygon", "coordinates": [ [ [ -78.0, -36.0 ], [ -78.0, -32.0 ], [ -84.0, -32.0 ], [ -84.0, -36.0 ], [ -78.0, -36.0 ] ] ] } },
{ "type": "Feature", "properties": { "nome_folha": "I18" }, "geometry": { "type": "Polygon", "coordinates": [ [ [ -72.0, -36.0 ], [ -72.0, -32.0 ], [ -78.0, -32.0 ], [ -78.0, -36.0 ], [ -72.0, -36.0 ] ] ] } },
{ "type": "Feature", "properties": { "nome_folha": "I19" }, "geometry": { "type": "Polygon", "coordinates": [ [ [ -66.0, -36.0 ], [ -66.0, -32.0 ], [ -72.0, -32.0 ], [ -72.0, -36.0 ], [ -66.0, -36.0 ] ] ] } },
{ "type": "Feature", "properties": { "nome_folha": "I20" }, "geometry": { "type": "Polygon", "coordinates": [ [ [ -60.0, -36.0 ], [ -60.0, -32.0 ], [ -66.0, -32.0 ], [ -66.0, -36.0 ], [ -60.0, -36.0 ] ] ] } },
{ "type": "Feature", "properties": { "nome_folha": "I21" }, "geometry": { "type": "Polygon", "coordinates": [ [ [ -54.0, -36.0 ], [ -54.0, -32.0 ], [ -60.0, -32.0 ], [ -60.0, -36.0 ], [ -54.0, -36.0 ] ] ] } },
{ "type": "Feature", "properties": { "nome_folha": "I22" }, "geometry": { "type": "Polygon", "coordinates": [ [ [ -48.0, -36.0 ], [ -48.0, -32.0 ], [ -54.0, -32.0 ], [ -54.0, -36.0 ], [ -48.0, -36.0 ] ] ] } },
{ "type": "Feature", "properties": { "nome_folha": "I23" }, "geometry": { "type": "Polygon", "coordinates": [ [ [ -42.0, -36.0 ], [ -42.0, -32.0 ], [ -48.0, -32.0 ], [ -48.0, -36.0 ], [ -42.0, -36.0 ] ] ] } },
{ "type": "Feature", "properties": { "nome_folha": "I24" }, "geometry": { "type": "Polygon", "coordinates": [ [ [ -36.0, -36.0 ], [ -36.0, -32.0 ], [ -42.0, -32.0 ], [ -42.0, -36.0 ], [ -36.0, -36.0 ] ] ] } },
{ "type": "Feature", "properties": { "nome_folha": "I25" }, "geometry": { "type": "Polygon", "coordinates": [ [ [ -30.0, -36.0 ], [ -30.0, -32.0 ], [ -36.0, -32.0 ], [ -36.0, -36.0 ], [ -30.0, -36.0 ] ] ] } },
{ "type": "Feature", "properties": { "nome_folha": "I26" }, "geometry": { "type": "Polygon", "coordinates": [ [ [ -24.0, -36.0 ], [ -24.0, -32.0 ], [ -30.0, -32.0 ], [ -30.0, -36.0 ], [ -24.0, -36.0 ] ] ] } },
{ "type": "Feature", "properties": { "nome_folha": "I27" }, "geometry": { "type": "Polygon", "coordinates": [ [ [ -18.0, -36.0 ], [ -18.0, -32.0 ], [ -24.0, -32.0 ], [ -24.0, -36.0 ], [ -18.0, -36.0 ] ] ] } },
{ "type": "Feature", "properties": { "nome_folha": "I28" }, "geometry": { "type": "Polygon", "coordinates": [ [ [ -12.0, -36.0 ], [ -12.0, -32.0 ], [ -18.0, -32.0 ], [ -18.0, -36.0 ], [ -12.0, -36.0 ] ] ] } },
{ "type": "Feature", "properties": { "nome_folha": "I29" }, "geometry": { "type": "Polygon", "coordinates": [ [ [ -6.0, -36.0 ], [ -6.0, -32.0 ], [ -12.0, -32.0 ], [ -12.0, -36.0 ], [ -6.0, -36.0 ] ] ] } },
{ "type": "Feature", "properties": { "nome_folha": "I30" }, "geometry": { "type": "Polygon", "coordinates": [ [ [ 0.0, -36.0 ], [ 0.0, -32.0 ], [ -6.0, -32.0 ], [ -6.0, -36.0 ], [ 0.0, -36.0 ] ] ] } },
{ "type": "Feature", "properties": { "nome_folha": "I31" }, "geometry": { "type": "Polygon", "coordinates": [ [ [ 6.0, -36.0 ], [ 6.0, -32.0 ], [ 0.0, -32.0 ], [ 0.0, -36.0 ], [ 6.0, -36.0 ] ] ] } },
{ "type": "Feature", "properties": { "nome_folha": "I32" }, "geometry": { "type": "Polygon", "coordinates": [ [ [ 12.0, -36.0 ], [ 12.0, -32.0 ], [ 6.0, -32.0 ], [ 6.0, -36.0 ], [ 12.0, -36.0 ] ] ] } },
{ "type": "Feature", "properties": { "nome_folha": "I33" }, "geometry": { "type": "Polygon", "coordinates": [ [ [ 18.0, -36.0 ], [ 18.0, -32.0 ], [ 12.0, -32.0 ], [ 12.0, -36.0 ], [ 18.0, -36.0 ] ] ] } },
{ "type": "Feature", "properties": { "nome_folha": "I34" }, "geometry": { "type": "Polygon", "coordinates": [ [ [ 24.0, -36.0 ], [ 24.0, -32.0 ], [ 18.0, -32.0 ], [ 18.0, -36.0 ], [ 24.0, -36.0 ] ] ] } },
{ "type": "Feature", "properties": { "nome_folha": "I35" }, "geometry": { "type": "Polygon", "coordinates": [ [ [ 30.0, -36.0 ], [ 30.0, -32.0 ], [ 24.0, -32.0 ], [ 24.0, -36.0 ], [ 30.0, -36.0 ] ] ] } },
{ "type": "Feature", "properties": { "nome_folha": "I36" }, "geometry": { "type": "Polygon", "coordinates": [ [ [ 36.0, -36.0 ], [ 36.0, -32.0 ], [ 30.0, -32.0 ], [ 30.0, -36.0 ], [ 36.0, -36.0 ] ] ] } },
{ "type": "Feature", "properties": { "nome_folha": "I37" }, "geometry": { "type": "Polygon", "coordinates": [ [ [ 42.0, -36.0 ], [ 42.0, -32.0 ], [ 36.0, -32.0 ], [ 36.0, -36.0 ], [ 42.0, -36.0 ] ] ] } },
{ "type": "Feature", "properties": { "nome_folha": "I38" }, "geometry": { "type": "Polygon", "coordinates": [ [ [ 48.0, -36.0 ], [ 48.0, -32.0 ], [ 42.0, -32.0 ], [ 42.0, -36.0 ], [ 48.0, -36.0 ] ] ] } },
{ "type": "Feature", "properties": { "nome_folha": "I39" }, "geometry": { "type": "Polygon", "coordinates": [ [ [ 54.0, -36.0 ], [ 54.0, -32.0 ], [ 48.0, -32.0 ], [ 48.0, -36.0 ], [ 54.0, -36.0 ] ] ] } },
{ "type": "Feature", "properties": { "nome_folha": "I40" }, "geometry": { "type": "Polygon", "coordinates": [ [ [ 60.0, -36.0 ], [ 60.0, -32.0 ], [ 54.0, -32.0 ], [ 54.0, -36.0 ], [ 60.0, -36.0 ] ] ] } },
{ "type": "Feature", "properties": { "nome_folha": "I41" }, "geometry": { "type": "Polygon", "coordinates": [ [ [ 66.0, -36.0 ], [ 66.0, -32.0 ], [ 60.0, -32.0 ], [ 60.0, -36.0 ], [ 66.0, -36.0 ] ] ] } },
{ "type": "Feature", "properties": { "nome_folha": "I42" }, "geometry": { "type": "Polygon", "coordinates": [ [ [ 72.0, -36.0 ], [ 72.0, -32.0 ], [ 66.0, -32.0 ], [ 66.0, -36.0 ], [ 72.0, -36.0 ] ] ] } },
{ "type": "Feature", "properties": { "nome_folha": "I43" }, "geometry": { "type": "Polygon", "coordinates": [ [ [ 78.0, -36.0 ], [ 78.0, -32.0 ], [ 72.0, -32.0 ], [ 72.0, -36.0 ], [ 78.0, -36.0 ] ] ] } },
{ "type": "Feature", "properties": { "nome_folha": "I44" }, "geometry": { "type": "Polygon", "coordinates": [ [ [ 84.0, -36.0 ], [ 84.0, -32.0 ], [ 78.0, -32.0 ], [ 78.0, -36.0 ], [ 84.0, -36.0 ] ] ] } },
{ "type": "Feature", "properties": { "nome_folha": "I45" }, "geometry": { "type": "Polygon", "coordinates": [ [ [ 90.0, -36.0 ], [ 90.0, -32.0 ], [ 84.0, -32.0 ], [ 84.0, -36.0 ], [ 90.0, -36.0 ] ] ] } },
{ "type": "Feature", "properties": { "nome_folha": "I46" }, "geometry": { "type": "Polygon", "coordinates": [ [ [ 96.0, -36.0 ], [ 96.0, -32.0 ], [ 90.0, -32.0 ], [ 90.0, -36.0 ], [ 96.0, -36.0 ] ] ] } },
{ "type": "Feature", "properties": { "nome_folha": "I47" }, "geometry": { "type": "Polygon", "coordinates": [ [ [ 102.0, -36.0 ], [ 102.0, -32.0 ], [ 96.0, -32.0 ], [ 96.0, -36.0 ], [ 102.0, -36.0 ] ] ] } },
{ "type": "Feature", "properties": { "nome_folha": "I48" }, "geometry": { "type": "Polygon", "coordinates": [ [ [ 108.0, -36.0 ], [ 108.0, -32.0 ], [ 102.0, -32.0 ], [ 102.0, -36.0 ], [ 108.0, -36.0 ] ] ] } },
{ "type": "Feature", "properties": { "nome_folha": "I49" }, "geometry": { "type": "Polygon", "coordinates": [ [ [ 114.0, -36.0 ], [ 114.0, -32.0 ], [ 108.0, -32.0 ], [ 108.0, -36.0 ], [ 114.0, -36.0 ] ] ] } },
{ "type": "Feature", "properties": { "nome_folha": "I50" }, "geometry": { "type": "Polygon", "coordinates": [ [ [ 120.0, -36.0 ], [ 120.0, -32.0 ], [ 114.0, -32.0 ], [ 114.0, -36.0 ], [ 120.0, -36.0 ] ] ] } },
{ "type": "Feature", "properties": { "nome_folha": "I51" }, "geometry": { "type": "Polygon", "coordinates": [ [ [ 126.0, -36.0 ], [ 126.0, -32.0 ], [ 120.0, -32.0 ], [ 120.0, -36.0 ], [ 126.0, -36.0 ] ] ] } },
{ "type": "Feature", "properties": { "nome_folha": "I52" }, "geometry": { "type": "Polygon", "coordinates": [ [ [ 132.0, -36.0 ], [ 132.0, -32.0 ], [ 126.0, -32.0 ], [ 126.0, -36.0 ], [ 132.0, -36.0 ] ] ] } },
{ "type": "Feature", "properties": { "nome_folha": "I53" }, "geometry": { "type": "Polygon", "coordinates": [ [ [ 138.0, -36.0 ], [ 138.0, -32.0 ], [ 132.0, -32.0 ], [ 132.0, -36.0 ], [ 138.0, -36.0 ] ] ] } },
{ "type": "Feature", "properties": { "nome_folha": "I54" }, "geometry": { "type": "Polygon", "coordinates": [ [ [ 144.0, -36.0 ], [ 144.0, -32.0 ], [ 138.0, -32.0 ], [ 138.0, -36.0 ], [ 144.0, -36.0 ] ] ] } },
{ "type": "Feature", "properties": { "nome_folha": "I55" }, "geometry": { "type": "Polygon", "coordinates": [ [ [ 150.0, -36.0 ], [ 150.0, -32.0 ], [ 144.0, -32.0 ], [ 144.0, -36.0 ], [ 150.0, -36.0 ] ] ] } },
{ "type": "Feature", "properties": { "nome_folha": "I56" }, "geometry": { "type": "Polygon", "coordinates": [ [ [ 156.0, -36.0 ], [ 156.0, -32.0 ], [ 150.0, -32.0 ], [ 150.0, -36.0 ], [ 156.0, -36.0 ] ] ] } },
{ "type": "Feature", "properties": { "nome_folha": "I57" }, "geometry": { "type": "Polygon", "coordinates": [ [ [ 162.0, -36.0 ], [ 162.0, -32.0 ], [ 156.0, -32.0 ], [ 156.0, -36.0 ], [ 162.0, -36.0 ] ] ] } },
{ "type": "Feature", "properties": { "nome_folha": "I58" }, "geometry": { "type": "Polygon", "coordinates": [ [ [ 168.0, -36.0 ], [ 168.0, -32.0 ], [ 162.0, -32.0 ], [ 162.0, -36.0 ], [ 168.0, -36.0 ] ] ] } },
{ "type": "Feature", "properties": { "nome_folha": "I59" }, "geometry": { "type": "Polygon", "coordinates": [ [ [ 174.0, -36.0 ], [ 174.0, -32.0 ], [ 168.0, -32.0 ], [ 168.0, -36.0 ], [ 174.0, -36.0 ] ] ] } },
{ "type": "Feature", "properties": { "nome_folha": "I60" }, "geometry": { "type": "Polygon", "coordinates": [ [ [ 180.0, -36.0 ], [ 180.0, -32.0 ], [ 174.0, -32.0 ], [ 174.0, -36.0 ], [ 180.0, -36.0 ] ] ] } },
{ "type": "Feature", "properties": { "nome_folha": "H01" }, "geometry": { "type": "Polygon", "coordinates": [ [ [ -174.0, -32.0 ], [ -174.0, -28.0 ], [ -180.0, -28.0 ], [ -180.0, -32.0 ], [ -174.0, -32.0 ] ] ] } },
{ "type": "Feature", "properties": { "nome_folha": "H02" }, "geometry": { "type": "Polygon", "coordinates": [ [ [ -168.0, -32.0 ], [ -168.0, -28.0 ], [ -174.0, -28.0 ], [ -174.0, -32.0 ], [ -168.0, -32.0 ] ] ] } },
{ "type": "Feature", "properties": { "nome_folha": "H03" }, "geometry": { "type": "Polygon", "coordinates": [ [ [ -162.0, -32.0 ], [ -162.0, -28.0 ], [ -168.0, -28.0 ], [ -168.0, -32.0 ], [ -162.0, -32.0 ] ] ] } },
{ "type": "Feature", "properties": { "nome_folha": "H04" }, "geometry": { "type": "Polygon", "coordinates": [ [ [ -156.0, -32.0 ], [ -156.0, -28.0 ], [ -162.0, -28.0 ], [ -162.0, -32.0 ], [ -156.0, -32.0 ] ] ] } },
{ "type": "Feature", "properties": { "nome_folha": "H05" }, "geometry": { "type": "Polygon", "coordinates": [ [ [ -150.0, -32.0 ], [ -150.0, -28.0 ], [ -156.0, -28.0 ], [ -156.0, -32.0 ], [ -150.0, -32.0 ] ] ] } },
{ "type": "Feature", "properties": { "nome_folha": "H06" }, "geometry": { "type": "Polygon", "coordinates": [ [ [ -144.0, -32.0 ], [ -144.0, -28.0 ], [ -150.0, -28.0 ], [ -150.0, -32.0 ], [ -144.0, -32.0 ] ] ] } },
{ "type": "Feature", "properties": { "nome_folha": "H07" }, "geometry": { "type": "Polygon", "coordinates": [ [ [ -138.0, -32.0 ], [ -138.0, -28.0 ], [ -144.0, -28.0 ], [ -144.0, -32.0 ], [ -138.0, -32.0 ] ] ] } },
{ "type": "Feature", "properties": { "nome_folha": "H08" }, "geometry": { "type": "Polygon", "coordinates": [ [ [ -132.0, -32.0 ], [ -132.0, -28.0 ], [ -138.0, -28.0 ], [ -138.0, -32.0 ], [ -132.0, -32.0 ] ] ] } },
{ "type": "Feature", "properties": { "nome_folha": "H09" }, "geometry": { "type": "Polygon", "coordinates": [ [ [ -126.0, -32.0 ], [ -126.0, -28.0 ], [ -132.0, -28.0 ], [ -132.0, -32.0 ], [ -126.0, -32.0 ] ] ] } },
{ "type": "Feature", "properties": { "nome_folha": "H10" }, "geometry": { "type": "Polygon", "coordinates": [ [ [ -120.0, -32.0 ], [ -120.0, -28.0 ], [ -126.0, -28.0 ], [ -126.0, -32.0 ], [ -120.0, -32.0 ] ] ] } },
{ "type": "Feature", "properties": { "nome_folha": "H11" }, "geometry": { "type": "Polygon", "coordinates": [ [ [ -114.0, -32.0 ], [ -114.0, -28.0 ], [ -120.0, -28.0 ], [ -120.0, -32.0 ], [ -114.0, -32.0 ] ] ] } },
{ "type": "Feature", "properties": { "nome_folha": "H12" }, "geometry": { "type": "Polygon", "coordinates": [ [ [ -108.0, -32.0 ], [ -108.0, -28.0 ], [ -114.0, -28.0 ], [ -114.0, -32.0 ], [ -108.0, -32.0 ] ] ] } },
{ "type": "Feature", "properties": { "nome_folha": "H13" }, "geometry": { "type": "Polygon", "coordinates": [ [ [ -102.0, -32.0 ], [ -102.0, -28.0 ], [ -108.0, -28.0 ], [ -108.0, -32.0 ], [ -102.0, -32.0 ] ] ] } },
{ "type": "Feature", "properties": { "nome_folha": "H14" }, "geometry": { "type": "Polygon", "coordinates": [ [ [ -96.0, -32.0 ], [ -96.0, -28.0 ], [ -102.0, -28.0 ], [ -102.0, -32.0 ], [ -96.0, -32.0 ] ] ] } },
{ "type": "Feature", "properties": { "nome_folha": "H15" }, "geometry": { "type": "Polygon", "coordinates": [ [ [ -90.0, -32.0 ], [ -90.0, -28.0 ], [ -96.0, -28.0 ], [ -96.0, -32.0 ], [ -90.0, -32.0 ] ] ] } },
{ "type": "Feature", "properties": { "nome_folha": "H16" }, "geometry": { "type": "Polygon", "coordinates": [ [ [ -84.0, -32.0 ], [ -84.0, -28.0 ], [ -90.0, -28.0 ], [ -90.0, -32.0 ], [ -84.0, -32.0 ] ] ] } },
{ "type": "Feature", "properties": { "nome_folha": "H17" }, "geometry": { "type": "Polygon", "coordinates": [ [ [ -78.0, -32.0 ], [ -78.0, -28.0 ], [ -84.0, -28.0 ], [ -84.0, -32.0 ], [ -78.0, -32.0 ] ] ] } },
{ "type": "Feature", "properties": { "nome_folha": "H18" }, "geometry": { "type": "Polygon", "coordinates": [ [ [ -72.0, -32.0 ], [ -72.0, -28.0 ], [ -78.0, -28.0 ], [ -78.0, -32.0 ], [ -72.0, -32.0 ] ] ] } },
{ "type": "Feature", "properties": { "nome_folha": "H19" }, "geometry": { "type": "Polygon", "coordinates": [ [ [ -66.0, -32.0 ], [ -66.0, -28.0 ], [ -72.0, -28.0 ], [ -72.0, -32.0 ], [ -66.0, -32.0 ] ] ] } },
{ "type": "Feature", "properties": { "nome_folha": "H20" }, "geometry": { "type": "Polygon", "coordinates": [ [ [ -60.0, -32.0 ], [ -60.0, -28.0 ], [ -66.0, -28.0 ], [ -66.0, -32.0 ], [ -60.0, -32.0 ] ] ] } },
{ "type": "Feature", "properties": { "nome_folha": "H21" }, "geometry": { "type": "Polygon", "coordinates": [ [ [ -54.0, -32.0 ], [ -54.0, -28.0 ], [ -60.0, -28.0 ], [ -60.0, -32.0 ], [ -54.0, -32.0 ] ] ] } },
{ "type": "Feature", "properties": { "nome_folha": "H22" }, "geometry": { "type": "Polygon", "coordinates": [ [ [ -48.0, -32.0 ], [ -48.0, -28.0 ], [ -54.0, -28.0 ], [ -54.0, -32.0 ], [ -48.0, -32.0 ] ] ] } },
{ "type": "Feature", "properties": { "nome_folha": "H23" }, "geometry": { "type": "Polygon", "coordinates": [ [ [ -42.0, -32.0 ], [ -42.0, -28.0 ], [ -48.0, -28.0 ], [ -48.0, -32.0 ], [ -42.0, -32.0 ] ] ] } },
{ "type": "Feature", "properties": { "nome_folha": "H24" }, "geometry": { "type": "Polygon", "coordinates": [ [ [ -36.0, -32.0 ], [ -36.0, -28.0 ], [ -42.0, -28.0 ], [ -42.0, -32.0 ], [ -36.0, -32.0 ] ] ] } },
{ "type": "Feature", "properties": { "nome_folha": "H25" }, "geometry": { "type": "Polygon", "coordinates": [ [ [ -30.0, -32.0 ], [ -30.0, -28.0 ], [ -36.0, -28.0 ], [ -36.0, -32.0 ], [ -30.0, -32.0 ] ] ] } },
{ "type": "Feature", "properties": { "nome_folha": "H26" }, "geometry": { "type": "Polygon", "coordinates": [ [ [ -24.0, -32.0 ], [ -24.0, -28.0 ], [ -30.0, -28.0 ], [ -30.0, -32.0 ], [ -24.0, -32.0 ] ] ] } },
{ "type": "Feature", "properties": { "nome_folha": "H27" }, "geometry": { "type": "Polygon", "coordinates": [ [ [ -18.0, -32.0 ], [ -18.0, -28.0 ], [ -24.0, -28.0 ], [ -24.0, -32.0 ], [ -18.0, -32.0 ] ] ] } },
{ "type": "Feature", "properties": { "nome_folha": "H28" }, "geometry": { "type": "Polygon", "coordinates": [ [ [ -12.0, -32.0 ], [ -12.0, -28.0 ], [ -18.0, -28.0 ], [ -18.0, -32.0 ], [ -12.0, -32.0 ] ] ] } },
{ "type": "Feature", "properties": { "nome_folha": "H29" }, "geometry": { "type": "Polygon", "coordinates": [ [ [ -6.0, -32.0 ], [ -6.0, -28.0 ], [ -12.0, -28.0 ], [ -12.0, -32.0 ], [ -6.0, -32.0 ] ] ] } },
{ "type": "Feature", "properties": { "nome_folha": "H30" }, "geometry": { "type": "Polygon", "coordinates": [ [ [ 0.0, -32.0 ], [ 0.0, -28.0 ], [ -6.0, -28.0 ], [ -6.0, -32.0 ], [ 0.0, -32.0 ] ] ] } },
{ "type": "Feature", "properties": { "nome_folha": "H31" }, "geometry": { "type": "Polygon", "coordinates": [ [ [ 6.0, -32.0 ], [ 6.0, -28.0 ], [ 0.0, -28.0 ], [ 0.0, -32.0 ], [ 6.0, -32.0 ] ] ] } },
{ "type": "Feature", "properties": { "nome_folha": "H32" }, "geometry": { "type": "Polygon", "coordinates": [ [ [ 12.0, -32.0 ], [ 12.0, -28.0 ], [ 6.0, -28.0 ], [ 6.0, -32.0 ], [ 12.0, -32.0 ] ] ] } },
{ "type": "Feature", "properties": { "nome_folha": "H33" }, "geometry": { "type": "Polygon", "coordinates": [ [ [ 18.0, -32.0 ], [ 18.0, -28.0 ], [ 12.0, -28.0 ], [ 12.0, -32.0 ], [ 18.0, -32.0 ] ] ] } },
{ "type": "Feature", "properties": { "nome_folha": "H34" }, "geometry": { "type": "Polygon", "coordinates": [ [ [ 24.0, -32.0 ], [ 24.0, -28.0 ], [ 18.0, -28.0 ], [ 18.0, -32.0 ], [ 24.0, -32.0 ] ] ] } },
{ "type": "Feature", "properties": { "nome_folha": "H35" }, "geometry": { "type": "Polygon", "coordinates": [ [ [ 30.0, -32.0 ], [ 30.0, -28.0 ], [ 24.0, -28.0 ], [ 24.0, -32.0 ], [ 30.0, -32.0 ] ] ] } },
{ "type": "Feature", "properties": { "nome_folha": "H36" }, "geometry": { "type": "Polygon", "coordinates": [ [ [ 36.0, -32.0 ], [ 36.0, -28.0 ], [ 30.0, -28.0 ], [ 30.0, -32.0 ], [ 36.0, -32.0 ] ] ] } },
{ "type": "Feature", "properties": { "nome_folha": "H37" }, "geometry": { "type": "Polygon", "coordinates": [ [ [ 42.0, -32.0 ], [ 42.0, -28.0 ], [ 36.0, -28.0 ], [ 36.0, -32.0 ], [ 42.0, -32.0 ] ] ] } },
{ "type": "Feature", "properties": { "nome_folha": "H38" }, "geometry": { "type": "Polygon", "coordinates": [ [ [ 48.0, -32.0 ], [ 48.0, -28.0 ], [ 42.0, -28.0 ], [ 42.0, -32.0 ], [ 48.0, -32.0 ] ] ] } },
{ "type": "Feature", "properties": { "nome_folha": "H39" }, "geometry": { "type": "Polygon", "coordinates": [ [ [ 54.0, -32.0 ], [ 54.0, -28.0 ], [ 48.0, -28.0 ], [ 48.0, -32.0 ], [ 54.0, -32.0 ] ] ] } },
{ "type": "Feature", "properties": { "nome_folha": "H40" }, "geometry": { "type": "Polygon", "coordinates": [ [ [ 60.0, -32.0 ], [ 60.0, -28.0 ], [ 54.0, -28.0 ], [ 54.0, -32.0 ], [ 60.0, -32.0 ] ] ] } },
{ "type": "Feature", "properties": { "nome_folha": "H41" }, "geometry": { "type": "Polygon", "coordinates": [ [ [ 66.0, -32.0 ], [ 66.0, -28.0 ], [ 60.0, -28.0 ], [ 60.0, -32.0 ], [ 66.0, -32.0 ] ] ] } },
{ "type": "Feature", "properties": { "nome_folha": "H42" }, "geometry": { "type": "Polygon", "coordinates": [ [ [ 72.0, -32.0 ], [ 72.0, -28.0 ], [ 66.0, -28.0 ], [ 66.0, -32.0 ], [ 72.0, -32.0 ] ] ] } },
{ "type": "Feature", "properties": { "nome_folha": "H43" }, "geometry": { "type": "Polygon", "coordinates": [ [ [ 78.0, -32.0 ], [ 78.0, -28.0 ], [ 72.0, -28.0 ], [ 72.0, -32.0 ], [ 78.0, -32.0 ] ] ] } },
{ "type": "Feature", "properties": { "nome_folha": "H44" }, "geometry": { "type": "Polygon", "coordinates": [ [ [ 84.0, -32.0 ], [ 84.0, -28.0 ], [ 78.0, -28.0 ], [ 78.0, -32.0 ], [ 84.0, -32.0 ] ] ] } },
{ "type": "Feature", "properties": { "nome_folha": "H45" }, "geometry": { "type": "Polygon", "coordinates": [ [ [ 90.0, -32.0 ], [ 90.0, -28.0 ], [ 84.0, -28.0 ], [ 84.0, -32.0 ], [ 90.0, -32.0 ] ] ] } },
{ "type": "Feature", "properties": { "nome_folha": "H46" }, "geometry": { "type": "Polygon", "coordinates": [ [ [ 96.0, -32.0 ], [ 96.0, -28.0 ], [ 90.0, -28.0 ], [ 90.0, -32.0 ], [ 96.0, -32.0 ] ] ] } },
{ "type": "Feature", "properties": { "nome_folha": "H47" }, "geometry": { "type": "Polygon", "coordinates": [ [ [ 102.0, -32.0 ], [ 102.0, -28.0 ], [ 96.0, -28.0 ], [ 96.0, -32.0 ], [ 102.0, -32.0 ] ] ] } },
{ "type": "Feature", "properties": { "nome_folha": "H48" }, "geometry": { "type": "Polygon", "coordinates": [ [ [ 108.0, -32.0 ], [ 108.0, -28.0 ], [ 102.0, -28.0 ], [ 102.0, -32.0 ], [ 108.0, -32.0 ] ] ] } },
{ "type": "Feature", "properties": { "nome_folha": "H49" }, "geometry": { "type": "Polygon", "coordinates": [ [ [ 114.0, -32.0 ], [ 114.0, -28.0 ], [ 108.0, -28.0 ], [ 108.0, -32.0 ], [ 114.0, -32.0 ] ] ] } },
{ "type": "Feature", "properties": { "nome_folha": "H50" }, "geometry": { "type": "Polygon", "coordinates": [ [ [ 120.0, -32.0 ], [ 120.0, -28.0 ], [ 114.0, -28.0 ], [ 114.0, -32.0 ], [ 120.0, -32.0 ] ] ] } },
{ "type": "Feature", "properties": { "nome_folha": "H51" }, "geometry": { "type": "Polygon", "coordinates": [ [ [ 126.0, -32.0 ], [ 126.0, -28.0 ], [ 120.0, -28.0 ], [ 120.0, -32.0 ], [ 126.0, -32.0 ] ] ] } },
{ "type": "Feature", "properties": { "nome_folha": "H52" }, "geometry": { "type": "Polygon", "coordinates": [ [ [ 132.0, -32.0 ], [ 132.0, -28.0 ], [ 126.0, -28.0 ], [ 126.0, -32.0 ], [ 132.0, -32.0 ] ] ] } },
{ "type": "Feature", "properties": { "nome_folha": "H53" }, "geometry": { "type": "Polygon", "coordinates": [ [ [ 138.0, -32.0 ], [ 138.0, -28.0 ], [ 132.0, -28.0 ], [ 132.0, -32.0 ], [ 138.0, -32.0 ] ] ] } },
{ "type": "Feature", "properties": { "nome_folha": "H54" }, "geometry": { "type": "Polygon", "coordinates": [ [ [ 144.0, -32.0 ], [ 144.0, -28.0 ], [ 138.0, -28.0 ], [ 138.0, -32.0 ], [ 144.0, -32.0 ] ] ] } },
{ "type": "Feature", "properties": { "nome_folha": "H55" }, "geometry": { "type": "Polygon", "coordinates": [ [ [ 150.0, -32.0 ], [ 150.0, -28.0 ], [ 144.0, -28.0 ], [ 144.0, -32.0 ], [ 150.0, -32.0 ] ] ] } },
{ "type": "Feature", "properties": { "nome_folha": "H56" }, "geometry": { "type": "Polygon", "coordinates": [ [ [ 156.0, -32.0 ], [ 156.0, -28.0 ], [ 150.0, -28.0 ], [ 150.0, -32.0 ], [ 156.0, -32.0 ] ] ] } },
{ "type": "Feature", "properties": { "nome_folha": "H57" }, "geometry": { "type": "Polygon", "coordinates": [ [ [ 162.0, -32.0 ], [ 162.0, -28.0 ], [ 156.0, -28.0 ], [ 156.0, -32.0 ], [ 162.0, -32.0 ] ] ] } },
{ "type": "Feature", "properties": { "nome_folha": "H58" }, "geometry": { "type": "Polygon", "coordinates": [ [ [ 168.0, -32.0 ], [ 168.0, -28.0 ], [ 162.0, -28.0 ], [ 162.0, -32.0 ], [ 168.0, -32.0 ] ] ] } },
{ "type": "Feature", "properties": { "nome_folha": "H59" }, "geometry": { "type": "Polygon", "coordinates": [ [ [ 174.0, -32.0 ], [ 174.0, -28.0 ], [ 168.0, -28.0 ], [ 168.0, -32.0 ], [ 174.0, -32.0 ] ] ] } },
{ "type": "Feature", "properties": { "nome_folha": "H60" }, "geometry": { "type": "Polygon", "coordinates": [ [ [ 180.0, -32.0 ], [ 180.0, -28.0 ], [ 174.0, -28.0 ], [ 174.0, -32.0 ], [ 180.0, -32.0 ] ] ] } },
{ "type": "Feature", "properties": { "nome_folha": "G01" }, "geometry": { "type": "Polygon", "coordinates": [ [ [ -174.0, -28.0 ], [ -174.0, -24.0 ], [ -180.0, -24.0 ], [ -180.0, -28.0 ], [ -174.0, -28.0 ] ] ] } },
{ "type": "Feature", "properties": { "nome_folha": "G02" }, "geometry": { "type": "Polygon", "coordinates": [ [ [ -168.0, -28.0 ], [ -168.0, -24.0 ], [ -174.0, -24.0 ], [ -174.0, -28.0 ], [ -168.0, -28.0 ] ] ] } },
{ "type": "Feature", "properties": { "nome_folha": "G03" }, "geometry": { "type": "Polygon", "coordinates": [ [ [ -162.0, -28.0 ], [ -162.0, -24.0 ], [ -168.0, -24.0 ], [ -168.0, -28.0 ], [ -162.0, -28.0 ] ] ] } },
{ "type": "Feature", "properties": { "nome_folha": "G04" }, "geometry": { "type": "Polygon", "coordinates": [ [ [ -156.0, -28.0 ], [ -156.0, -24.0 ], [ -162.0, -24.0 ], [ -162.0, -28.0 ], [ -156.0, -28.0 ] ] ] } },
{ "type": "Feature", "properties": { "nome_folha": "G05" }, "geometry": { "type": "Polygon", "coordinates": [ [ [ -150.0, -28.0 ], [ -150.0, -24.0 ], [ -156.0, -24.0 ], [ -156.0, -28.0 ], [ -150.0, -28.0 ] ] ] } },
{ "type": "Feature", "properties": { "nome_folha": "G06" }, "geometry": { "type": "Polygon", "coordinates": [ [ [ -144.0, -28.0 ], [ -144.0, -24.0 ], [ -150.0, -24.0 ], [ -150.0, -28.0 ], [ -144.0, -28.0 ] ] ] } },
{ "type": "Feature", "properties": { "nome_folha": "G07" }, "geometry": { "type": "Polygon", "coordinates": [ [ [ -138.0, -28.0 ], [ -138.0, -24.0 ], [ -144.0, -24.0 ], [ -144.0, -28.0 ], [ -138.0, -28.0 ] ] ] } },
{ "type": "Feature", "properties": { "nome_folha": "G08" }, "geometry": { "type": "Polygon", "coordinates": [ [ [ -132.0, -28.0 ], [ -132.0, -24.0 ], [ -138.0, -24.0 ], [ -138.0, -28.0 ], [ -132.0, -28.0 ] ] ] } },
{ "type": "Feature", "properties": { "nome_folha": "G09" }, "geometry": { "type": "Polygon", "coordinates": [ [ [ -126.0, -28.0 ], [ -126.0, -24.0 ], [ -132.0, -24.0 ], [ -132.0, -28.0 ], [ -126.0, -28.0 ] ] ] } },
{ "type": "Feature", "properties": { "nome_folha": "G10" }, "geometry": { "type": "Polygon", "coordinates": [ [ [ -120.0, -28.0 ], [ -120.0, -24.0 ], [ -126.0, -24.0 ], [ -126.0, -28.0 ], [ -120.0, -28.0 ] ] ] } },
{ "type": "Feature", "properties": { "nome_folha": "G11" }, "geometry": { "type": "Polygon", "coordinates": [ [ [ -114.0, -28.0 ], [ -114.0, -24.0 ], [ -120.0, -24.0 ], [ -120.0, -28.0 ], [ -114.0, -28.0 ] ] ] } },
{ "type": "Feature", "properties": { "nome_folha": "G12" }, "geometry": { "type": "Polygon", "coordinates": [ [ [ -108.0, -28.0 ], [ -108.0, -24.0 ], [ -114.0, -24.0 ], [ -114.0, -28.0 ], [ -108.0, -28.0 ] ] ] } },
{ "type": "Feature", "properties": { "nome_folha": "G13" }, "geometry": { "type": "Polygon", "coordinates": [ [ [ -102.0, -28.0 ], [ -102.0, -24.0 ], [ -108.0, -24.0 ], [ -108.0, -28.0 ], [ -102.0, -28.0 ] ] ] } },
{ "type": "Feature", "properties": { "nome_folha": "G14" }, "geometry": { "type": "Polygon", "coordinates": [ [ [ -96.0, -28.0 ], [ -96.0, -24.0 ], [ -102.0, -24.0 ], [ -102.0, -28.0 ], [ -96.0, -28.0 ] ] ] } },
{ "type": "Feature", "properties": { "nome_folha": "G15" }, "geometry": { "type": "Polygon", "coordinates": [ [ [ -90.0, -28.0 ], [ -90.0, -24.0 ], [ -96.0, -24.0 ], [ -96.0, -28.0 ], [ -90.0, -28.0 ] ] ] } },
{ "type": "Feature", "properties": { "nome_folha": "G16" }, "geometry": { "type": "Polygon", "coordinates": [ [ [ -84.0, -28.0 ], [ -84.0, -24.0 ], [ -90.0, -24.0 ], [ -90.0, -28.0 ], [ -84.0, -28.0 ] ] ] } },
{ "type": "Feature", "properties": { "nome_folha": "G17" }, "geometry": { "type": "Polygon", "coordinates": [ [ [ -78.0, -28.0 ], [ -78.0, -24.0 ], [ -84.0, -24.0 ], [ -84.0, -28.0 ], [ -78.0, -28.0 ] ] ] } },
{ "type": "Feature", "properties": { "nome_folha": "G18" }, "geometry": { "type": "Polygon", "coordinates": [ [ [ -72.0, -28.0 ], [ -72.0, -24.0 ], [ -78.0, -24.0 ], [ -78.0, -28.0 ], [ -72.0, -28.0 ] ] ] } },
{ "type": "Feature", "properties": { "nome_folha": "G19" }, "geometry": { "type": "Polygon", "coordinates": [ [ [ -66.0, -28.0 ], [ -66.0, -24.0 ], [ -72.0, -24.0 ], [ -72.0, -28.0 ], [ -66.0, -28.0 ] ] ] } },
{ "type": "Feature", "properties": { "nome_folha": "G20" }, "geometry": { "type": "Polygon", "coordinates": [ [ [ -60.0, -28.0 ], [ -60.0, -24.0 ], [ -66.0, -24.0 ], [ -66.0, -28.0 ], [ -60.0, -28.0 ] ] ] } },
{ "type": "Feature", "properties": { "nome_folha": "G21" }, "geometry": { "type": "Polygon", "coordinates": [ [ [ -54.0, -28.0 ], [ -54.0, -24.0 ], [ -60.0, -24.0 ], [ -60.0, -28.0 ], [ -54.0, -28.0 ] ] ] } },
{ "type": "Feature", "properties": { "nome_folha": "G22" }, "geometry": { "type": "Polygon", "coordinates": [ [ [ -48.0, -28.0 ], [ -48.0, -24.0 ], [ -54.0, -24.0 ], [ -54.0, -28.0 ], [ -48.0, -28.0 ] ] ] } },
{ "type": "Feature", "properties": { "nome_folha": "G23" }, "geometry": { "type": "Polygon", "coordinates": [ [ [ -42.0, -28.0 ], [ -42.0, -24.0 ], [ -48.0, -24.0 ], [ -48.0, -28.0 ], [ -42.0, -28.0 ] ] ] } },
{ "type": "Feature", "properties": { "nome_folha": "G24" }, "geometry": { "type": "Polygon", "coordinates": [ [ [ -36.0, -28.0 ], [ -36.0, -24.0 ], [ -42.0, -24.0 ], [ -42.0, -28.0 ], [ -36.0, -28.0 ] ] ] } },
{ "type": "Feature", "properties": { "nome_folha": "G25" }, "geometry": { "type": "Polygon", "coordinates": [ [ [ -30.0, -28.0 ], [ -30.0, -24.0 ], [ -36.0, -24.0 ], [ -36.0, -28.0 ], [ -30.0, -28.0 ] ] ] } },
{ "type": "Feature", "properties": { "nome_folha": "G26" }, "geometry": { "type": "Polygon", "coordinates": [ [ [ -24.0, -28.0 ], [ -24.0, -24.0 ], [ -30.0, -24.0 ], [ -30.0, -28.0 ], [ -24.0, -28.0 ] ] ] } },
{ "type": "Feature", "properties": { "nome_folha": "G27" }, "geometry": { "type": "Polygon", "coordinates": [ [ [ -18.0, -28.0 ], [ -18.0, -24.0 ], [ -24.0, -24.0 ], [ -24.0, -28.0 ], [ -18.0, -28.0 ] ] ] } },
{ "type": "Feature", "properties": { "nome_folha": "G28" }, "geometry": { "type": "Polygon", "coordinates": [ [ [ -12.0, -28.0 ], [ -12.0, -24.0 ], [ -18.0, -24.0 ], [ -18.0, -28.0 ], [ -12.0, -28.0 ] ] ] } },
{ "type": "Feature", "properties": { "nome_folha": "G29" }, "geometry": { "type": "Polygon", "coordinates": [ [ [ -6.0, -28.0 ], [ -6.0, -24.0 ], [ -12.0, -24.0 ], [ -12.0, -28.0 ], [ -6.0, -28.0 ] ] ] } },
{ "type": "Feature", "properties": { "nome_folha": "G30" }, "geometry": { "type": "Polygon", "coordinates": [ [ [ 0.0, -28.0 ], [ 0.0, -24.0 ], [ -6.0, -24.0 ], [ -6.0, -28.0 ], [ 0.0, -28.0 ] ] ] } },
{ "type": "Feature", "properties": { "nome_folha": "G31" }, "geometry": { "type": "Polygon", "coordinates": [ [ [ 6.0, -28.0 ], [ 6.0, -24.0 ], [ 0.0, -24.0 ], [ 0.0, -28.0 ], [ 6.0, -28.0 ] ] ] } },
{ "type": "Feature", "properties": { "nome_folha": "G32" }, "geometry": { "type": "Polygon", "coordinates": [ [ [ 12.0, -28.0 ], [ 12.0, -24.0 ], [ 6.0, -24.0 ], [ 6.0, -28.0 ], [ 12.0, -28.0 ] ] ] } },
{ "type": "Feature", "properties": { "nome_folha": "G33" }, "geometry": { "type": "Polygon", "coordinates": [ [ [ 18.0, -28.0 ], [ 18.0, -24.0 ], [ 12.0, -24.0 ], [ 12.0, -28.0 ], [ 18.0, -28.0 ] ] ] } },
{ "type": "Feature", "properties": { "nome_folha": "G34" }, "geometry": { "type": "Polygon", "coordinates": [ [ [ 24.0, -28.0 ], [ 24.0, -24.0 ], [ 18.0, -24.0 ], [ 18.0, -28.0 ], [ 24.0, -28.0 ] ] ] } },
{ "type": "Feature", "properties": { "nome_folha": "G35" }, "geometry": { "type": "Polygon", "coordinates": [ [ [ 30.0, -28.0 ], [ 30.0, -24.0 ], [ 24.0, -24.0 ], [ 24.0, -28.0 ], [ 30.0, -28.0 ] ] ] } },
{ "type": "Feature", "properties": { "nome_folha": "G36" }, "geometry": { "type": "Polygon", "coordinates": [ [ [ 36.0, -28.0 ], [ 36.0, -24.0 ], [ 30.0, -24.0 ], [ 30.0, -28.0 ], [ 36.0, -28.0 ] ] ] } },
{ "type": "Feature", "properties": { "nome_folha": "G37" }, "geometry": { "type": "Polygon", "coordinates": [ [ [ 42.0, -28.0 ], [ 42.0, -24.0 ], [ 36.0, -24.0 ], [ 36.0, -28.0 ], [ 42.0, -28.0 ] ] ] } },
{ "type": "Feature", "properties": { "nome_folha": "G38" }, "geometry": { "type": "Polygon", "coordinates": [ [ [ 48.0, -28.0 ], [ 48.0, -24.0 ], [ 42.0, -24.0 ], [ 42.0, -28.0 ], [ 48.0, -28.0 ] ] ] } },
{ "type": "Feature", "properties": { "nome_folha": "G39" }, "geometry": { "type": "Polygon", "coordinates": [ [ [ 54.0, -28.0 ], [ 54.0, -24.0 ], [ 48.0, -24.0 ], [ 48.0, -28.0 ], [ 54.0, -28.0 ] ] ] } },
{ "type": "Feature", "properties": { "nome_folha": "G40" }, "geometry": { "type": "Polygon", "coordinates": [ [ [ 60.0, -28.0 ], [ 60.0, -24.0 ], [ 54.0, -24.0 ], [ 54.0, -28.0 ], [ 60.0, -28.0 ] ] ] } },
{ "type": "Feature", "properties": { "nome_folha": "G41" }, "geometry": { "type": "Polygon", "coordinates": [ [ [ 66.0, -28.0 ], [ 66.0, -24.0 ], [ 60.0, -24.0 ], [ 60.0, -28.0 ], [ 66.0, -28.0 ] ] ] } },
{ "type": "Feature", "properties": { "nome_folha": "G42" }, "geometry": { "type": "Polygon", "coordinates": [ [ [ 72.0, -28.0 ], [ 72.0, -24.0 ], [ 66.0, -24.0 ], [ 66.0, -28.0 ], [ 72.0, -28.0 ] ] ] } },
{ "type": "Feature", "properties": { "nome_folha": "G43" }, "geometry": { "type": "Polygon", "coordinates": [ [ [ 78.0, -28.0 ], [ 78.0, -24.0 ], [ 72.0, -24.0 ], [ 72.0, -28.0 ], [ 78.0, -28.0 ] ] ] } },
{ "type": "Feature", "properties": { "nome_folha": "G44" }, "geometry": { "type": "Polygon", "coordinates": [ [ [ 84.0, -28.0 ], [ 84.0, -24.0 ], [ 78.0, -24.0 ], [ 78.0, -28.0 ], [ 84.0, -28.0 ] ] ] } },
{ "type": "Feature", "properties": { "nome_folha": "G45" }, "geometry": { "type": "Polygon", "coordinates": [ [ [ 90.0, -28.0 ], [ 90.0, -24.0 ], [ 84.0, -24.0 ], [ 84.0, -28.0 ], [ 90.0, -28.0 ] ] ] } },
{ "type": "Feature", "properties": { "nome_folha": "G46" }, "geometry": { "type": "Polygon", "coordinates": [ [ [ 96.0, -28.0 ], [ 96.0, -24.0 ], [ 90.0, -24.0 ], [ 90.0, -28.0 ], [ 96.0, -28.0 ] ] ] } },
{ "type": "Feature", "properties": { "nome_folha": "G47" }, "geometry": { "type": "Polygon", "coordinates": [ [ [ 102.0, -28.0 ], [ 102.0, -24.0 ], [ 96.0, -24.0 ], [ 96.0, -28.0 ], [ 102.0, -28.0 ] ] ] } },
{ "type": "Feature", "properties": { "nome_folha": "G48" }, "geometry": { "type": "Polygon", "coordinates": [ [ [ 108.0, -28.0 ], [ 108.0, -24.0 ], [ 102.0, -24.0 ], [ 102.0, -28.0 ], [ 108.0, -28.0 ] ] ] } },
{ "type": "Feature", "properties": { "nome_folha": "G49" }, "geometry": { "type": "Polygon", "coordinates": [ [ [ 114.0, -28.0 ], [ 114.0, -24.0 ], [ 108.0, -24.0 ], [ 108.0, -28.0 ], [ 114.0, -28.0 ] ] ] } },
{ "type": "Feature", "properties": { "nome_folha": "G50" }, "geometry": { "type": "Polygon", "coordinates": [ [ [ 120.0, -28.0 ], [ 120.0, -24.0 ], [ 114.0, -24.0 ], [ 114.0, -28.0 ], [ 120.0, -28.0 ] ] ] } },
{ "type": "Feature", "properties": { "nome_folha": "G51" }, "geometry": { "type": "Polygon", "coordinates": [ [ [ 126.0, -28.0 ], [ 126.0, -24.0 ], [ 120.0, -24.0 ], [ 120.0, -28.0 ], [ 126.0, -28.0 ] ] ] } },
{ "type": "Feature", "properties": { "nome_folha": "G52" }, "geometry": { "type": "Polygon", "coordinates": [ [ [ 132.0, -28.0 ], [ 132.0, -24.0 ], [ 126.0, -24.0 ], [ 126.0, -28.0 ], [ 132.0, -28.0 ] ] ] } },
{ "type": "Feature", "properties": { "nome_folha": "G53" }, "geometry": { "type": "Polygon", "coordinates": [ [ [ 138.0, -28.0 ], [ 138.0, -24.0 ], [ 132.0, -24.0 ], [ 132.0, -28.0 ], [ 138.0, -28.0 ] ] ] } },
{ "type": "Feature", "properties": { "nome_folha": "G54" }, "geometry": { "type": "Polygon", "coordinates": [ [ [ 144.0, -28.0 ], [ 144.0, -24.0 ], [ 138.0, -24.0 ], [ 138.0, -28.0 ], [ 144.0, -28.0 ] ] ] } },
{ "type": "Feature", "properties": { "nome_folha": "G55" }, "geometry": { "type": "Polygon", "coordinates": [ [ [ 150.0, -28.0 ], [ 150.0, -24.0 ], [ 144.0, -24.0 ], [ 144.0, -28.0 ], [ 150.0, -28.0 ] ] ] } },
{ "type": "Feature", "properties": { "nome_folha": "G56" }, "geometry": { "type": "Polygon", "coordinates": [ [ [ 156.0, -28.0 ], [ 156.0, -24.0 ], [ 150.0, -24.0 ], [ 150.0, -28.0 ], [ 156.0, -28.0 ] ] ] } },
{ "type": "Feature", "properties": { "nome_folha": "G57" }, "geometry": { "type": "Polygon", "coordinates": [ [ [ 162.0, -28.0 ], [ 162.0, -24.0 ], [ 156.0, -24.0 ], [ 156.0, -28.0 ], [ 162.0, -28.0 ] ] ] } },
{ "type": "Feature", "properties": { "nome_folha": "G58" }, "geometry": { "type": "Polygon", "coordinates": [ [ [ 168.0, -28.0 ], [ 168.0, -24.0 ], [ 162.0, -24.0 ], [ 162.0, -28.0 ], [ 168.0, -28.0 ] ] ] } },
{ "type": "Feature", "properties": { "nome_folha": "G59" }, "geometry": { "type": "Polygon", "coordinates": [ [ [ 174.0, -28.0 ], [ 174.0, -24.0 ], [ 168.0, -24.0 ], [ 168.0, -28.0 ], [ 174.0, -28.0 ] ] ] } },
{ "type": "Feature", "properties": { "nome_folha": "G60" }, "geometry": { "type": "Polygon", "coordinates": [ [ [ 180.0, -28.0 ], [ 180.0, -24.0 ], [ 174.0, -24.0 ], [ 174.0, -28.0 ], [ 180.0, -28.0 ] ] ] } },
{ "type": "Feature", "properties": { "nome_folha": "F01" }, "geometry": { "type": "Polygon", "coordinates": [ [ [ -174.0, -24.0 ], [ -174.0, -20.0 ], [ -180.0, -20.0 ], [ -180.0, -24.0 ], [ -174.0, -24.0 ] ] ] } },
{ "type": "Feature", "properties": { "nome_folha": "F02" }, "geometry": { "type": "Polygon", "coordinates": [ [ [ -168.0, -24.0 ], [ -168.0, -20.0 ], [ -174.0, -20.0 ], [ -174.0, -24.0 ], [ -168.0, -24.0 ] ] ] } },
{ "type": "Feature", "properties": { "nome_folha": "F03" }, "geometry": { "type": "Polygon", "coordinates": [ [ [ -162.0, -24.0 ], [ -162.0, -20.0 ], [ -168.0, -20.0 ], [ -168.0, -24.0 ], [ -162.0, -24.0 ] ] ] } },
{ "type": "Feature", "properties": { "nome_folha": "F04" }, "geometry": { "type": "Polygon", "coordinates": [ [ [ -156.0, -24.0 ], [ -156.0, -20.0 ], [ -162.0, -20.0 ], [ -162.0, -24.0 ], [ -156.0, -24.0 ] ] ] } },
{ "type": "Feature", "properties": { "nome_folha": "F05" }, "geometry": { "type": "Polygon", "coordinates": [ [ [ -150.0, -24.0 ], [ -150.0, -20.0 ], [ -156.0, -20.0 ], [ -156.0, -24.0 ], [ -150.0, -24.0 ] ] ] } },
{ "type": "Feature", "properties": { "nome_folha": "F06" }, "geometry": { "type": "Polygon", "coordinates": [ [ [ -144.0, -24.0 ], [ -144.0, -20.0 ], [ -150.0, -20.0 ], [ -150.0, -24.0 ], [ -144.0, -24.0 ] ] ] } },
{ "type": "Feature", "properties": { "nome_folha": "F07" }, "geometry": { "type": "Polygon", "coordinates": [ [ [ -138.0, -24.0 ], [ -138.0, -20.0 ], [ -144.0, -20.0 ], [ -144.0, -24.0 ], [ -138.0, -24.0 ] ] ] } },
{ "type": "Feature", "properties": { "nome_folha": "F08" }, "geometry": { "type": "Polygon", "coordinates": [ [ [ -132.0, -24.0 ], [ -132.0, -20.0 ], [ -138.0, -20.0 ], [ -138.0, -24.0 ], [ -132.0, -24.0 ] ] ] } },
{ "type": "Feature", "properties": { "nome_folha": "F09" }, "geometry": { "type": "Polygon", "coordinates": [ [ [ -126.0, -24.0 ], [ -126.0, -20.0 ], [ -132.0, -20.0 ], [ -132.0, -24.0 ], [ -126.0, -24.0 ] ] ] } },
{ "type": "Feature", "properties": { "nome_folha": "F10" }, "geometry": { "type": "Polygon", "coordinates": [ [ [ -120.0, -24.0 ], [ -120.0, -20.0 ], [ -126.0, -20.0 ], [ -126.0, -24.0 ], [ -120.0, -24.0 ] ] ] } },
{ "type": "Feature", "properties": { "nome_folha": "F11" }, "geometry": { "type": "Polygon", "coordinates": [ [ [ -114.0, -24.0 ], [ -114.0, -20.0 ], [ -120.0, -20.0 ], [ -120.0, -24.0 ], [ -114.0, -24.0 ] ] ] } },
{ "type": "Feature", "properties": { "nome_folha": "F12" }, "geometry": { "type": "Polygon", "coordinates": [ [ [ -108.0, -24.0 ], [ -108.0, -20.0 ], [ -114.0, -20.0 ], [ -114.0, -24.0 ], [ -108.0, -24.0 ] ] ] } },
{ "type": "Feature", "properties": { "nome_folha": "F13" }, "geometry": { "type": "Polygon", "coordinates": [ [ [ -102.0, -24.0 ], [ -102.0, -20.0 ], [ -108.0, -20.0 ], [ -108.0, -24.0 ], [ -102.0, -24.0 ] ] ] } },
{ "type": "Feature", "properties": { "nome_folha": "F14" }, "geometry": { "type": "Polygon", "coordinates": [ [ [ -96.0, -24.0 ], [ -96.0, -20.0 ], [ -102.0, -20.0 ], [ -102.0, -24.0 ], [ -96.0, -24.0 ] ] ] } },
{ "type": "Feature", "properties": { "nome_folha": "F15" }, "geometry": { "type": "Polygon", "coordinates": [ [ [ -90.0, -24.0 ], [ -90.0, -20.0 ], [ -96.0, -20.0 ], [ -96.0, -24.0 ], [ -90.0, -24.0 ] ] ] } },
{ "type": "Feature", "properties": { "nome_folha": "F16" }, "geometry": { "type": "Polygon", "coordinates": [ [ [ -84.0, -24.0 ], [ -84.0, -20.0 ], [ -90.0, -20.0 ], [ -90.0, -24.0 ], [ -84.0, -24.0 ] ] ] } },
{ "type": "Feature", "properties": { "nome_folha": "F17" }, "geometry": { "type": "Polygon", "coordinates": [ [ [ -78.0, -24.0 ], [ -78.0, -20.0 ], [ -84.0, -20.0 ], [ -84.0, -24.0 ], [ -78.0, -24.0 ] ] ] } },
{ "type": "Feature", "properties": { "nome_folha": "F18" }, "geometry": { "type": "Polygon", "coordinates": [ [ [ -72.0, -24.0 ], [ -72.0, -20.0 ], [ -78.0, -20.0 ], [ -78.0, -24.0 ], [ -72.0, -24.0 ] ] ] } },
{ "type": "Feature", "properties": { "nome_folha": "F19" }, "geometry": { "type": "Polygon", "coordinates": [ [ [ -66.0, -24.0 ], [ -66.0, -20.0 ], [ -72.0, -20.0 ], [ -72.0, -24.0 ], [ -66.0, -24.0 ] ] ] } },
{ "type": "Feature", "properties": { "nome_folha": "F20" }, "geometry": { "type": "Polygon", "coordinates": [ [ [ -60.0, -24.0 ], [ -60.0, -20.0 ], [ -66.0, -20.0 ], [ -66.0, -24.0 ], [ -60.0, -24.0 ] ] ] } },
{ "type": "Feature", "properties": { "nome_folha": "F21" }, "geometry": { "type": "Polygon", "coordinates": [ [ [ -54.0, -24.0 ], [ -54.0, -20.0 ], [ -60.0, -20.0 ], [ -60.0, -24.0 ], [ -54.0, -24.0 ] ] ] } },
{ "type": "Feature", "properties": { "nome_folha": "F22" }, "geometry": { "type": "Polygon", "coordinates": [ [ [ -48.0, -24.0 ], [ -48.0, -20.0 ], [ -54.0, -20.0 ], [ -54.0, -24.0 ], [ -48.0, -24.0 ] ] ] } },
{ "type": "Feature", "properties": { "nome_folha": "F23" }, "geometry": { "type": "Polygon", "coordinates": [ [ [ -42.0, -24.0 ], [ -42.0, -20.0 ], [ -48.0, -20.0 ], [ -48.0, -24.0 ], [ -42.0, -24.0 ] ] ] } },
{ "type": "Feature", "properties": { "nome_folha": "F24" }, "geometry": { "type": "Polygon", "coordinates": [ [ [ -36.0, -24.0 ], [ -36.0, -20.0 ], [ -42.0, -20.0 ], [ -42.0, -24.0 ], [ -36.0, -24.0 ] ] ] } },
{ "type": "Feature", "properties": { "nome_folha": "F25" }, "geometry": { "type": "Polygon", "coordinates": [ [ [ -30.0, -24.0 ], [ -30.0, -20.0 ], [ -36.0, -20.0 ], [ -36.0, -24.0 ], [ -30.0, -24.0 ] ] ] } },
{ "type": "Feature", "properties": { "nome_folha": "F26" }, "geometry": { "type": "Polygon", "coordinates": [ [ [ -24.0, -24.0 ], [ -24.0, -20.0 ], [ -30.0, -20.0 ], [ -30.0, -24.0 ], [ -24.0, -24.0 ] ] ] } },
{ "type": "Feature", "properties": { "nome_folha": "F27" }, "geometry": { "type": "Polygon", "coordinates": [ [ [ -18.0, -24.0 ], [ -18.0, -20.0 ], [ -24.0, -20.0 ], [ -24.0, -24.0 ], [ -18.0, -24.0 ] ] ] } },
{ "type": "Feature", "properties": { "nome_folha": "F28" }, "geometry": { "type": "Polygon", "coordinates": [ [ [ -12.0, -24.0 ], [ -12.0, -20.0 ], [ -18.0, -20.0 ], [ -18.0, -24.0 ], [ -12.0, -24.0 ] ] ] } },
{ "type": "Feature", "properties": { "nome_folha": "F29" }, "geometry": { "type": "Polygon", "coordinates": [ [ [ -6.0, -24.0 ], [ -6.0, -20.0 ], [ -12.0, -20.0 ], [ -12.0, -24.0 ], [ -6.0, -24.0 ] ] ] } },
{ "type": "Feature", "properties": { "nome_folha": "F30" }, "geometry": { "type": "Polygon", "coordinates": [ [ [ 0.0, -24.0 ], [ 0.0, -20.0 ], [ -6.0, -20.0 ], [ -6.0, -24.0 ], [ 0.0, -24.0 ] ] ] } },
{ "type": "Feature", "properties": { "nome_folha": "F31" }, "geometry": { "type": "Polygon", "coordinates": [ [ [ 6.0, -24.0 ], [ 6.0, -20.0 ], [ 0.0, -20.0 ], [ 0.0, -24.0 ], [ 6.0, -24.0 ] ] ] } },
{ "type": "Feature", "properties": { "nome_folha": "F32" }, "geometry": { "type": "Polygon", "coordinates": [ [ [ 12.0, -24.0 ], [ 12.0, -20.0 ], [ 6.0, -20.0 ], [ 6.0, -24.0 ], [ 12.0, -24.0 ] ] ] } },
{ "type": "Feature", "properties": { "nome_folha": "F33" }, "geometry": { "type": "Polygon", "coordinates": [ [ [ 18.0, -24.0 ], [ 18.0, -20.0 ], [ 12.0, -20.0 ], [ 12.0, -24.0 ], [ 18.0, -24.0 ] ] ] } },
{ "type": "Feature", "properties": { "nome_folha": "F34" }, "geometry": { "type": "Polygon", "coordinates": [ [ [ 24.0, -24.0 ], [ 24.0, -20.0 ], [ 18.0, -20.0 ], [ 18.0, -24.0 ], [ 24.0, -24.0 ] ] ] } },
{ "type": "Feature", "properties": { "nome_folha": "F35" }, "geometry": { "type": "Polygon", "coordinates": [ [ [ 30.0, -24.0 ], [ 30.0, -20.0 ], [ 24.0, -20.0 ], [ 24.0, -24.0 ], [ 30.0, -24.0 ] ] ] } },
{ "type": "Feature", "properties": { "nome_folha": "F36" }, "geometry": { "type": "Polygon", "coordinates": [ [ [ 36.0, -24.0 ], [ 36.0, -20.0 ], [ 30.0, -20.0 ], [ 30.0, -24.0 ], [ 36.0, -24.0 ] ] ] } },
{ "type": "Feature", "properties": { "nome_folha": "F37" }, "geometry": { "type": "Polygon", "coordinates": [ [ [ 42.0, -24.0 ], [ 42.0, -20.0 ], [ 36.0, -20.0 ], [ 36.0, -24.0 ], [ 42.0, -24.0 ] ] ] } },
{ "type": "Feature", "properties": { "nome_folha": "F38" }, "geometry": { "type": "Polygon", "coordinates": [ [ [ 48.0, -24.0 ], [ 48.0, -20.0 ], [ 42.0, -20.0 ], [ 42.0, -24.0 ], [ 48.0, -24.0 ] ] ] } },
{ "type": "Feature", "properties": { "nome_folha": "F39" }, "geometry": { "type": "Polygon", "coordinates": [ [ [ 54.0, -24.0 ], [ 54.0, -20.0 ], [ 48.0, -20.0 ], [ 48.0, -24.0 ], [ 54.0, -24.0 ] ] ] } },
{ "type": "Feature", "properties": { "nome_folha": "F40" }, "geometry": { "type": "Polygon", "coordinates": [ [ [ 60.0, -24.0 ], [ 60.0, -20.0 ], [ 54.0, -20.0 ], [ 54.0, -24.0 ], [ 60.0, -24.0 ] ] ] } },
{ "type": "Feature", "properties": { "nome_folha": "F41" }, "geometry": { "type": "Polygon", "coordinates": [ [ [ 66.0, -24.0 ], [ 66.0, -20.0 ], [ 60.0, -20.0 ], [ 60.0, -24.0 ], [ 66.0, -24.0 ] ] ] } },
{ "type": "Feature", "properties": { "nome_folha": "F42" }, "geometry": { "type": "Polygon", "coordinates": [ [ [ 72.0, -24.0 ], [ 72.0, -20.0 ], [ 66.0, -20.0 ], [ 66.0, -24.0 ], [ 72.0, -24.0 ] ] ] } },
{ "type": "Feature", "properties": { "nome_folha": "F43" }, "geometry": { "type": "Polygon", "coordinates": [ [ [ 78.0, -24.0 ], [ 78.0, -20.0 ], [ 72.0, -20.0 ], [ 72.0, -24.0 ], [ 78.0, -24.0 ] ] ] } },
{ "type": "Feature", "properties": { "nome_folha": "F44" }, "geometry": { "type": "Polygon", "coordinates": [ [ [ 84.0, -24.0 ], [ 84.0, -20.0 ], [ 78.0, -20.0 ], [ 78.0, -24.0 ], [ 84.0, -24.0 ] ] ] } },
{ "type": "Feature", "properties": { "nome_folha": "F45" }, "geometry": { "type": "Polygon", "coordinates": [ [ [ 90.0, -24.0 ], [ 90.0, -20.0 ], [ 84.0, -20.0 ], [ 84.0, -24.0 ], [ 90.0, -24.0 ] ] ] } },
{ "type": "Feature", "properties": { "nome_folha": "F46" }, "geometry": { "type": "Polygon", "coordinates": [ [ [ 96.0, -24.0 ], [ 96.0, -20.0 ], [ 90.0, -20.0 ], [ 90.0, -24.0 ], [ 96.0, -24.0 ] ] ] } },
{ "type": "Feature", "properties": { "nome_folha": "F47" }, "geometry": { "type": "Polygon", "coordinates": [ [ [ 102.0, -24.0 ], [ 102.0, -20.0 ], [ 96.0, -20.0 ], [ 96.0, -24.0 ], [ 102.0, -24.0 ] ] ] } },
{ "type": "Feature", "properties": { "nome_folha": "F48" }, "geometry": { "type": "Polygon", "coordinates": [ [ [ 108.0, -24.0 ], [ 108.0, -20.0 ], [ 102.0, -20.0 ], [ 102.0, -24.0 ], [ 108.0, -24.0 ] ] ] } },
{ "type": "Feature", "properties": { "nome_folha": "F49" }, "geometry": { "type": "Polygon", "coordinates": [ [ [ 114.0, -24.0 ], [ 114.0, -20.0 ], [ 108.0, -20.0 ], [ 108.0, -24.0 ], [ 114.0, -24.0 ] ] ] } },
{ "type": "Feature", "properties": { "nome_folha": "F50" }, "geometry": { "type": "Polygon", "coordinates": [ [ [ 120.0, -24.0 ], [ 120.0, -20.0 ], [ 114.0, -20.0 ], [ 114.0, -24.0 ], [ 120.0, -24.0 ] ] ] } },
{ "type": "Feature", "properties": { "nome_folha": "F51" }, "geometry": { "type": "Polygon", "coordinates": [ [ [ 126.0, -24.0 ], [ 126.0, -20.0 ], [ 120.0, -20.0 ], [ 120.0, -24.0 ], [ 126.0, -24.0 ] ] ] } },
{ "type": "Feature", "properties": { "nome_folha": "F52" }, "geometry": { "type": "Polygon", "coordinates": [ [ [ 132.0, -24.0 ], [ 132.0, -20.0 ], [ 126.0, -20.0 ], [ 126.0, -24.0 ], [ 132.0, -24.0 ] ] ] } },
{ "type": "Feature", "properties": { "nome_folha": "F53" }, "geometry": { "type": "Polygon", "coordinates": [ [ [ 138.0, -24.0 ], [ 138.0, -20.0 ], [ 132.0, -20.0 ], [ 132.0, -24.0 ], [ 138.0, -24.0 ] ] ] } },
{ "type": "Feature", "properties": { "nome_folha": "F54" }, "geometry": { "type": "Polygon", "coordinates": [ [ [ 144.0, -24.0 ], [ 144.0, -20.0 ], [ 138.0, -20.0 ], [ 138.0, -24.0 ], [ 144.0, -24.0 ] ] ] } },
{ "type": "Feature", "properties": { "nome_folha": "F55" }, "geometry": { "type": "Polygon", "coordinates": [ [ [ 150.0, -24.0 ], [ 150.0, -20.0 ], [ 144.0, -20.0 ], [ 144.0, -24.0 ], [ 150.0, -24.0 ] ] ] } },
{ "type": "Feature", "properties": { "nome_folha": "F56" }, "geometry": { "type": "Polygon", "coordinates": [ [ [ 156.0, -24.0 ], [ 156.0, -20.0 ], [ 150.0, -20.0 ], [ 150.0, -24.0 ], [ 156.0, -24.0 ] ] ] } },
{ "type": "Feature", "properties": { "nome_folha": "F57" }, "geometry": { "type": "Polygon", "coordinates": [ [ [ 162.0, -24.0 ], [ 162.0, -20.0 ], [ 156.0, -20.0 ], [ 156.0, -24.0 ], [ 162.0, -24.0 ] ] ] } },
{ "type": "Feature", "properties": { "nome_folha": "F58" }, "geometry": { "type": "Polygon", "coordinates": [ [ [ 168.0, -24.0 ], [ 168.0, -20.0 ], [ 162.0, -20.0 ], [ 162.0, -24.0 ], [ 168.0, -24.0 ] ] ] } },
{ "type": "Feature", "properties": { "nome_folha": "F59" }, "geometry": { "type": "Polygon", "coordinates": [ [ [ 174.0, -24.0 ], [ 174.0, -20.0 ], [ 168.0, -20.0 ], [ 168.0, -24.0 ], [ 174.0, -24.0 ] ] ] } },
{ "type": "Feature", "properties": { "nome_folha": "F60" }, "geometry": { "type": "Polygon", "coordinates": [ [ [ 180.0, -24.0 ], [ 180.0, -20.0 ], [ 174.0, -20.0 ], [ 174.0, -24.0 ], [ 180.0, -24.0 ] ] ] } },
{ "type": "Feature", "properties": { "nome_folha": "E01" }, "geometry": { "type": "Polygon", "coordinates": [ [ [ -174.0, -20.0 ], [ -174.0, -16.0 ], [ -180.0, -16.0 ], [ -180.0, -20.0 ], [ -174.0, -20.0 ] ] ] } },
{ "type": "Feature", "properties": { "nome_folha": "E02" }, "geometry": { "type": "Polygon", "coordinates": [ [ [ -168.0, -20.0 ], [ -168.0, -16.0 ], [ -174.0, -16.0 ], [ -174.0, -20.0 ], [ -168.0, -20.0 ] ] ] } },
{ "type": "Feature", "properties": { "nome_folha": "E03" }, "geometry": { "type": "Polygon", "coordinates": [ [ [ -162.0, -20.0 ], [ -162.0, -16.0 ], [ -168.0, -16.0 ], [ -168.0, -20.0 ], [ -162.0, -20.0 ] ] ] } },
{ "type": "Feature", "properties": { "nome_folha": "E04" }, "geometry": { "type": "Polygon", "coordinates": [ [ [ -156.0, -20.0 ], [ -156.0, -16.0 ], [ -162.0, -16.0 ], [ -162.0, -20.0 ], [ -156.0, -20.0 ] ] ] } },
{ "type": "Feature", "properties": { "nome_folha": "E05" }, "geometry": { "type": "Polygon", "coordinates": [ [ [ -150.0, -20.0 ], [ -150.0, -16.0 ], [ -156.0, -16.0 ], [ -156.0, -20.0 ], [ -150.0, -20.0 ] ] ] } },
{ "type": "Feature", "properties": { "nome_folha": "E06" }, "geometry": { "type": "Polygon", "coordinates": [ [ [ -144.0, -20.0 ], [ -144.0, -16.0 ], [ -150.0, -16.0 ], [ -150.0, -20.0 ], [ -144.0, -20.0 ] ] ] } },
{ "type": "Feature", "properties": { "nome_folha": "E07" }, "geometry": { "type": "Polygon", "coordinates": [ [ [ -138.0, -20.0 ], [ -138.0, -16.0 ], [ -144.0, -16.0 ], [ -144.0, -20.0 ], [ -138.0, -20.0 ] ] ] } },
{ "type": "Feature", "properties": { "nome_folha": "E08" }, "geometry": { "type": "Polygon", "coordinates": [ [ [ -132.0, -20.0 ], [ -132.0, -16.0 ], [ -138.0, -16.0 ], [ -138.0, -20.0 ], [ -132.0, -20.0 ] ] ] } },
{ "type": "Feature", "properties": { "nome_folha": "E09" }, "geometry": { "type": "Polygon", "coordinates": [ [ [ -126.0, -20.0 ], [ -126.0, -16.0 ], [ -132.0, -16.0 ], [ -132.0, -20.0 ], [ -126.0, -20.0 ] ] ] } },
{ "type": "Feature", "properties": { "nome_folha": "E10" }, "geometry": { "type": "Polygon", "coordinates": [ [ [ -120.0, -20.0 ], [ -120.0, -16.0 ], [ -126.0, -16.0 ], [ -126.0, -20.0 ], [ -120.0, -20.0 ] ] ] } },
{ "type": "Feature", "properties": { "nome_folha": "E11" }, "geometry": { "type": "Polygon", "coordinates": [ [ [ -114.0, -20.0 ], [ -114.0, -16.0 ], [ -120.0, -16.0 ], [ -120.0, -20.0 ], [ -114.0, -20.0 ] ] ] } },
{ "type": "Feature", "properties": { "nome_folha": "E12" }, "geometry": { "type": "Polygon", "coordinates": [ [ [ -108.0, -20.0 ], [ -108.0, -16.0 ], [ -114.0, -16.0 ], [ -114.0, -20.0 ], [ -108.0, -20.0 ] ] ] } },
{ "type": "Feature", "properties": { "nome_folha": "E13" }, "geometry": { "type": "Polygon", "coordinates": [ [ [ -102.0, -20.0 ], [ -102.0, -16.0 ], [ -108.0, -16.0 ], [ -108.0, -20.0 ], [ -102.0, -20.0 ] ] ] } },
{ "type": "Feature", "properties": { "nome_folha": "E14" }, "geometry": { "type": "Polygon", "coordinates": [ [ [ -96.0, -20.0 ], [ -96.0, -16.0 ], [ -102.0, -16.0 ], [ -102.0, -20.0 ], [ -96.0, -20.0 ] ] ] } },
{ "type": "Feature", "properties": { "nome_folha": "E15" }, "geometry": { "type": "Polygon", "coordinates": [ [ [ -90.0, -20.0 ], [ -90.0, -16.0 ], [ -96.0, -16.0 ], [ -96.0, -20.0 ], [ -90.0, -20.0 ] ] ] } },
{ "type": "Feature", "properties": { "nome_folha": "E16" }, "geometry": { "type": "Polygon", "coordinates": [ [ [ -84.0, -20.0 ], [ -84.0, -16.0 ], [ -90.0, -16.0 ], [ -90.0, -20.0 ], [ -84.0, -20.0 ] ] ] } },
{ "type": "Feature", "properties": { "nome_folha": "E17" }, "geometry": { "type": "Polygon", "coordinates": [ [ [ -78.0, -20.0 ], [ -78.0, -16.0 ], [ -84.0, -16.0 ], [ -84.0, -20.0 ], [ -78.0, -20.0 ] ] ] } },
{ "type": "Feature", "properties": { "nome_folha": "E18" }, "geometry": { "type": "Polygon", "coordinates": [ [ [ -72.0, -20.0 ], [ -72.0, -16.0 ], [ -78.0, -16.0 ], [ -78.0, -20.0 ], [ -72.0, -20.0 ] ] ] } },
{ "type": "Feature", "properties": { "nome_folha": "E19" }, "geometry": { "type": "Polygon", "coordinates": [ [ [ -66.0, -20.0 ], [ -66.0, -16.0 ], [ -72.0, -16.0 ], [ -72.0, -20.0 ], [ -66.0, -20.0 ] ] ] } },
{ "type": "Feature", "properties": { "nome_folha": "E20" }, "geometry": { "type": "Polygon", "coordinates": [ [ [ -60.0, -20.0 ], [ -60.0, -16.0 ], [ -66.0, -16.0 ], [ -66.0, -20.0 ], [ -60.0, -20.0 ] ] ] } },
{ "type": "Feature", "properties": { "nome_folha": "E21" }, "geometry": { "type": "Polygon", "coordinates": [ [ [ -54.0, -20.0 ], [ -54.0, -16.0 ], [ -60.0, -16.0 ], [ -60.0, -20.0 ], [ -54.0, -20.0 ] ] ] } },
{ "type": "Feature", "properties": { "nome_folha": "E22" }, "geometry": { "type": "Polygon", "coordinates": [ [ [ -48.0, -20.0 ], [ -48.0, -16.0 ], [ -54.0, -16.0 ], [ -54.0, -20.0 ], [ -48.0, -20.0 ] ] ] } },
{ "type": "Feature", "properties": { "nome_folha": "E23" }, "geometry": { "type": "Polygon", "coordinates": [ [ [ -42.0, -20.0 ], [ -42.0, -16.0 ], [ -48.0, -16.0 ], [ -48.0, -20.0 ], [ -42.0, -20.0 ] ] ] } },
{ "type": "Feature", "properties": { "nome_folha": "E24" }, "geometry": { "type": "Polygon", "coordinates": [ [ [ -36.0, -20.0 ], [ -36.0, -16.0 ], [ -42.0, -16.0 ], [ -42.0, -20.0 ], [ -36.0, -20.0 ] ] ] } },
{ "type": "Feature", "properties": { "nome_folha": "E25" }, "geometry": { "type": "Polygon", "coordinates": [ [ [ -30.0, -20.0 ], [ -30.0, -16.0 ], [ -36.0, -16.0 ], [ -36.0, -20.0 ], [ -30.0, -20.0 ] ] ] } },
{ "type": "Feature", "properties": { "nome_folha": "E26" }, "geometry": { "type": "Polygon", "coordinates": [ [ [ -24.0, -20.0 ], [ -24.0, -16.0 ], [ -30.0, -16.0 ], [ -30.0, -20.0 ], [ -24.0, -20.0 ] ] ] } },
{ "type": "Feature", "properties": { "nome_folha": "E27" }, "geometry": { "type": "Polygon", "coordinates": [ [ [ -18.0, -20.0 ], [ -18.0, -16.0 ], [ -24.0, -16.0 ], [ -24.0, -20.0 ], [ -18.0, -20.0 ] ] ] } },
{ "type": "Feature", "properties": { "nome_folha": "E28" }, "geometry": { "type": "Polygon", "coordinates": [ [ [ -12.0, -20.0 ], [ -12.0, -16.0 ], [ -18.0, -16.0 ], [ -18.0, -20.0 ], [ -12.0, -20.0 ] ] ] } },
{ "type": "Feature", "properties": { "nome_folha": "E29" }, "geometry": { "type": "Polygon", "coordinates": [ [ [ -6.0, -20.0 ], [ -6.0, -16.0 ], [ -12.0, -16.0 ], [ -12.0, -20.0 ], [ -6.0, -20.0 ] ] ] } },
{ "type": "Feature", "properties": { "nome_folha": "E30" }, "geometry": { "type": "Polygon", "coordinates": [ [ [ 0.0, -20.0 ], [ 0.0, -16.0 ], [ -6.0, -16.0 ], [ -6.0, -20.0 ], [ 0.0, -20.0 ] ] ] } },
{ "type": "Feature", "properties": { "nome_folha": "E31" }, "geometry": { "type": "Polygon", "coordinates": [ [ [ 6.0, -20.0 ], [ 6.0, -16.0 ], [ 0.0, -16.0 ], [ 0.0, -20.0 ], [ 6.0, -20.0 ] ] ] } },
{ "type": "Feature", "properties": { "nome_folha": "E32" }, "geometry": { "type": "Polygon", "coordinates": [ [ [ 12.0, -20.0 ], [ 12.0, -16.0 ], [ 6.0, -16.0 ], [ 6.0, -20.0 ], [ 12.0, -20.0 ] ] ] } },
{ "type": "Feature", "properties": { "nome_folha": "E33" }, "geometry": { "type": "Polygon", "coordinates": [ [ [ 18.0, -20.0 ], [ 18.0, -16.0 ], [ 12.0, -16.0 ], [ 12.0, -20.0 ], [ 18.0, -20.0 ] ] ] } },
{ "type": "Feature", "properties": { "nome_folha": "E34" }, "geometry": { "type": "Polygon", "coordinates": [ [ [ 24.0, -20.0 ], [ 24.0, -16.0 ], [ 18.0, -16.0 ], [ 18.0, -20.0 ], [ 24.0, -20.0 ] ] ] } },
{ "type": "Feature", "properties": { "nome_folha": "E35" }, "geometry": { "type": "Polygon", "coordinates": [ [ [ 30.0, -20.0 ], [ 30.0, -16.0 ], [ 24.0, -16.0 ], [ 24.0, -20.0 ], [ 30.0, -20.0 ] ] ] } },
{ "type": "Feature", "properties": { "nome_folha": "E36" }, "geometry": { "type": "Polygon", "coordinates": [ [ [ 36.0, -20.0 ], [ 36.0, -16.0 ], [ 30.0, -16.0 ], [ 30.0, -20.0 ], [ 36.0, -20.0 ] ] ] } },
{ "type": "Feature", "properties": { "nome_folha": "E37" }, "geometry": { "type": "Polygon", "coordinates": [ [ [ 42.0, -20.0 ], [ 42.0, -16.0 ], [ 36.0, -16.0 ], [ 36.0, -20.0 ], [ 42.0, -20.0 ] ] ] } },
{ "type": "Feature", "properties": { "nome_folha": "E38" }, "geometry": { "type": "Polygon", "coordinates": [ [ [ 48.0, -20.0 ], [ 48.0, -16.0 ], [ 42.0, -16.0 ], [ 42.0, -20.0 ], [ 48.0, -20.0 ] ] ] } },
{ "type": "Feature", "properties": { "nome_folha": "E39" }, "geometry": { "type": "Polygon", "coordinates": [ [ [ 54.0, -20.0 ], [ 54.0, -16.0 ], [ 48.0, -16.0 ], [ 48.0, -20.0 ], [ 54.0, -20.0 ] ] ] } },
{ "type": "Feature", "properties": { "nome_folha": "E40" }, "geometry": { "type": "Polygon", "coordinates": [ [ [ 60.0, -20.0 ], [ 60.0, -16.0 ], [ 54.0, -16.0 ], [ 54.0, -20.0 ], [ 60.0, -20.0 ] ] ] } },
{ "type": "Feature", "properties": { "nome_folha": "E41" }, "geometry": { "type": "Polygon", "coordinates": [ [ [ 66.0, -20.0 ], [ 66.0, -16.0 ], [ 60.0, -16.0 ], [ 60.0, -20.0 ], [ 66.0, -20.0 ] ] ] } },
{ "type": "Feature", "properties": { "nome_folha": "E42" }, "geometry": { "type": "Polygon", "coordinates": [ [ [ 72.0, -20.0 ], [ 72.0, -16.0 ], [ 66.0, -16.0 ], [ 66.0, -20.0 ], [ 72.0, -20.0 ] ] ] } },
{ "type": "Feature", "properties": { "nome_folha": "E43" }, "geometry": { "type": "Polygon", "coordinates": [ [ [ 78.0, -20.0 ], [ 78.0, -16.0 ], [ 72.0, -16.0 ], [ 72.0, -20.0 ], [ 78.0, -20.0 ] ] ] } },
{ "type": "Feature", "properties": { "nome_folha": "E44" }, "geometry": { "type": "Polygon", "coordinates": [ [ [ 84.0, -20.0 ], [ 84.0, -16.0 ], [ 78.0, -16.0 ], [ 78.0, -20.0 ], [ 84.0, -20.0 ] ] ] } },
{ "type": "Feature", "properties": { "nome_folha": "E45" }, "geometry": { "type": "Polygon", "coordinates": [ [ [ 90.0, -20.0 ], [ 90.0, -16.0 ], [ 84.0, -16.0 ], [ 84.0, -20.0 ], [ 90.0, -20.0 ] ] ] } },
{ "type": "Feature", "properties": { "nome_folha": "E46" }, "geometry": { "type": "Polygon", "coordinates": [ [ [ 96.0, -20.0 ], [ 96.0, -16.0 ], [ 90.0, -16.0 ], [ 90.0, -20.0 ], [ 96.0, -20.0 ] ] ] } },
{ "type": "Feature", "properties": { "nome_folha": "E47" }, "geometry": { "type": "Polygon", "coordinates": [ [ [ 102.0, -20.0 ], [ 102.0, -16.0 ], [ 96.0, -16.0 ], [ 96.0, -20.0 ], [ 102.0, -20.0 ] ] ] } },
{ "type": "Feature", "properties": { "nome_folha": "E48" }, "geometry": { "type": "Polygon", "coordinates": [ [ [ 108.0, -20.0 ], [ 108.0, -16.0 ], [ 102.0, -16.0 ], [ 102.0, -20.0 ], [ 108.0, -20.0 ] ] ] } },
{ "type": "Feature", "properties": { "nome_folha": "E49" }, "geometry": { "type": "Polygon", "coordinates": [ [ [ 114.0, -20.0 ], [ 114.0, -16.0 ], [ 108.0, -16.0 ], [ 108.0, -20.0 ], [ 114.0, -20.0 ] ] ] } },
{ "type": "Feature", "properties": { "nome_folha": "E50" }, "geometry": { "type": "Polygon", "coordinates": [ [ [ 120.0, -20.0 ], [ 120.0, -16.0 ], [ 114.0, -16.0 ], [ 114.0, -20.0 ], [ 120.0, -20.0 ] ] ] } },
{ "type": "Feature", "properties": { "nome_folha": "E51" }, "geometry": { "type": "Polygon", "coordinates": [ [ [ 126.0, -20.0 ], [ 126.0, -16.0 ], [ 120.0, -16.0 ], [ 120.0, -20.0 ], [ 126.0, -20.0 ] ] ] } },
{ "type": "Feature", "properties": { "nome_folha": "E52" }, "geometry": { "type": "Polygon", "coordinates": [ [ [ 132.0, -20.0 ], [ 132.0, -16.0 ], [ 126.0, -16.0 ], [ 126.0, -20.0 ], [ 132.0, -20.0 ] ] ] } },
{ "type": "Feature", "properties": { "nome_folha": "E53" }, "geometry": { "type": "Polygon", "coordinates": [ [ [ 138.0, -20.0 ], [ 138.0, -16.0 ], [ 132.0, -16.0 ], [ 132.0, -20.0 ], [ 138.0, -20.0 ] ] ] } },
{ "type": "Feature", "properties": { "nome_folha": "E54" }, "geometry": { "type": "Polygon", "coordinates": [ [ [ 144.0, -20.0 ], [ 144.0, -16.0 ], [ 138.0, -16.0 ], [ 138.0, -20.0 ], [ 144.0, -20.0 ] ] ] } },
{ "type": "Feature", "properties": { "nome_folha": "E55" }, "geometry": { "type": "Polygon", "coordinates": [ [ [ 150.0, -20.0 ], [ 150.0, -16.0 ], [ 144.0, -16.0 ], [ 144.0, -20.0 ], [ 150.0, -20.0 ] ] ] } },
{ "type": "Feature", "properties": { "nome_folha": "E56" }, "geometry": { "type": "Polygon", "coordinates": [ [ [ 156.0, -20.0 ], [ 156.0, -16.0 ], [ 150.0, -16.0 ], [ 150.0, -20.0 ], [ 156.0, -20.0 ] ] ] } },
{ "type": "Feature", "properties": { "nome_folha": "E57" }, "geometry": { "type": "Polygon", "coordinates": [ [ [ 162.0, -20.0 ], [ 162.0, -16.0 ], [ 156.0, -16.0 ], [ 156.0, -20.0 ], [ 162.0, -20.0 ] ] ] } },
{ "type": "Feature", "properties": { "nome_folha": "E58" }, "geometry": { "type": "Polygon", "coordinates": [ [ [ 168.0, -20.0 ], [ 168.0, -16.0 ], [ 162.0, -16.0 ], [ 162.0, -20.0 ], [ 168.0, -20.0 ] ] ] } },
{ "type": "Feature", "properties": { "nome_folha": "E59" }, "geometry": { "type": "Polygon", "coordinates": [ [ [ 174.0, -20.0 ], [ 174.0, -16.0 ], [ 168.0, -16.0 ], [ 168.0, -20.0 ], [ 174.0, -20.0 ] ] ] } },
{ "type": "Feature", "properties": { "nome_folha": "E60" }, "geometry": { "type": "Polygon", "coordinates": [ [ [ 180.0, -20.0 ], [ 180.0, -16.0 ], [ 174.0, -16.0 ], [ 174.0, -20.0 ], [ 180.0, -20.0 ] ] ] } },
{ "type": "Feature", "properties": { "nome_folha": "D01" }, "geometry": { "type": "Polygon", "coordinates": [ [ [ -174.0, -16.0 ], [ -174.0, -12.0 ], [ -180.0, -12.0 ], [ -180.0, -16.0 ], [ -174.0, -16.0 ] ] ] } },
{ "type": "Feature", "properties": { "nome_folha": "D02" }, "geometry": { "type": "Polygon", "coordinates": [ [ [ -168.0, -16.0 ], [ -168.0, -12.0 ], [ -174.0, -12.0 ], [ -174.0, -16.0 ], [ -168.0, -16.0 ] ] ] } },
{ "type": "Feature", "properties": { "nome_folha": "D03" }, "geometry": { "type": "Polygon", "coordinates": [ [ [ -162.0, -16.0 ], [ -162.0, -12.0 ], [ -168.0, -12.0 ], [ -168.0, -16.0 ], [ -162.0, -16.0 ] ] ] } },
{ "type": "Feature", "properties": { "nome_folha": "D04" }, "geometry": { "type": "Polygon", "coordinates": [ [ [ -156.0, -16.0 ], [ -156.0, -12.0 ], [ -162.0, -12.0 ], [ -162.0, -16.0 ], [ -156.0, -16.0 ] ] ] } },
{ "type": "Feature", "properties": { "nome_folha": "D05" }, "geometry": { "type": "Polygon", "coordinates": [ [ [ -150.0, -16.0 ], [ -150.0, -12.0 ], [ -156.0, -12.0 ], [ -156.0, -16.0 ], [ -150.0, -16.0 ] ] ] } },
{ "type": "Feature", "properties": { "nome_folha": "D06" }, "geometry": { "type": "Polygon", "coordinates": [ [ [ -144.0, -16.0 ], [ -144.0, -12.0 ], [ -150.0, -12.0 ], [ -150.0, -16.0 ], [ -144.0, -16.0 ] ] ] } },
{ "type": "Feature", "properties": { "nome_folha": "D07" }, "geometry": { "type": "Polygon", "coordinates": [ [ [ -138.0, -16.0 ], [ -138.0, -12.0 ], [ -144.0, -12.0 ], [ -144.0, -16.0 ], [ -138.0, -16.0 ] ] ] } },
{ "type": "Feature", "properties": { "nome_folha": "D08" }, "geometry": { "type": "Polygon", "coordinates": [ [ [ -132.0, -16.0 ], [ -132.0, -12.0 ], [ -138.0, -12.0 ], [ -138.0, -16.0 ], [ -132.0, -16.0 ] ] ] } },
{ "type": "Feature", "properties": { "nome_folha": "D09" }, "geometry": { "type": "Polygon", "coordinates": [ [ [ -126.0, -16.0 ], [ -126.0, -12.0 ], [ -132.0, -12.0 ], [ -132.0, -16.0 ], [ -126.0, -16.0 ] ] ] } },
{ "type": "Feature", "properties": { "nome_folha": "D10" }, "geometry": { "type": "Polygon", "coordinates": [ [ [ -120.0, -16.0 ], [ -120.0, -12.0 ], [ -126.0, -12.0 ], [ -126.0, -16.0 ], [ -120.0, -16.0 ] ] ] } },
{ "type": "Feature", "properties": { "nome_folha": "D11" }, "geometry": { "type": "Polygon", "coordinates": [ [ [ -114.0, -16.0 ], [ -114.0, -12.0 ], [ -120.0, -12.0 ], [ -120.0, -16.0 ], [ -114.0, -16.0 ] ] ] } },
{ "type": "Feature", "properties": { "nome_folha": "D12" }, "geometry": { "type": "Polygon", "coordinates": [ [ [ -108.0, -16.0 ], [ -108.0, -12.0 ], [ -114.0, -12.0 ], [ -114.0, -16.0 ], [ -108.0, -16.0 ] ] ] } },
{ "type": "Feature", "properties": { "nome_folha": "D13" }, "geometry": { "type": "Polygon", "coordinates": [ [ [ -102.0, -16.0 ], [ -102.0, -12.0 ], [ -108.0, -12.0 ], [ -108.0, -16.0 ], [ -102.0, -16.0 ] ] ] } },
{ "type": "Feature", "properties": { "nome_folha": "D14" }, "geometry": { "type": "Polygon", "coordinates": [ [ [ -96.0, -16.0 ], [ -96.0, -12.0 ], [ -102.0, -12.0 ], [ -102.0, -16.0 ], [ -96.0, -16.0 ] ] ] } },
{ "type": "Feature", "properties": { "nome_folha": "D15" }, "geometry": { "type": "Polygon", "coordinates": [ [ [ -90.0, -16.0 ], [ -90.0, -12.0 ], [ -96.0, -12.0 ], [ -96.0, -16.0 ], [ -90.0, -16.0 ] ] ] } },
{ "type": "Feature", "properties": { "nome_folha": "D16" }, "geometry": { "type": "Polygon", "coordinates": [ [ [ -84.0, -16.0 ], [ -84.0, -12.0 ], [ -90.0, -12.0 ], [ -90.0, -16.0 ], [ -84.0, -16.0 ] ] ] } },
{ "type": "Feature", "properties": { "nome_folha": "D17" }, "geometry": { "type": "Polygon", "coordinates": [ [ [ -78.0, -16.0 ], [ -78.0, -12.0 ], [ -84.0, -12.0 ], [ -84.0, -16.0 ], [ -78.0, -16.0 ] ] ] } },
{ "type": "Feature", "properties": { "nome_folha": "D18" }, "geometry": { "type": "Polygon", "coordinates": [ [ [ -72.0, -16.0 ], [ -72.0, -12.0 ], [ -78.0, -12.0 ], [ -78.0, -16.0 ], [ -72.0, -16.0 ] ] ] } },
{ "type": "Feature", "properties": { "nome_folha": "D19" }, "geometry": { "type": "Polygon", "coordinates": [ [ [ -66.0, -16.0 ], [ -66.0, -12.0 ], [ -72.0, -12.0 ], [ -72.0, -16.0 ], [ -66.0, -16.0 ] ] ] } },
{ "type": "Feature", "properties": { "nome_folha": "D20" }, "geometry": { "type": "Polygon", "coordinates": [ [ [ -60.0, -16.0 ], [ -60.0, -12.0 ], [ -66.0, -12.0 ], [ -66.0, -16.0 ], [ -60.0, -16.0 ] ] ] } },
{ "type": "Feature", "properties": { "nome_folha": "D21" }, "geometry": { "type": "Polygon", "coordinates": [ [ [ -54.0, -16.0 ], [ -54.0, -12.0 ], [ -60.0, -12.0 ], [ -60.0, -16.0 ], [ -54.0, -16.0 ] ] ] } },
{ "type": "Feature", "properties": { "nome_folha": "D22" }, "geometry": { "type": "Polygon", "coordinates": [ [ [ -48.0, -16.0 ], [ -48.0, -12.0 ], [ -54.0, -12.0 ], [ -54.0, -16.0 ], [ -48.0, -16.0 ] ] ] } },
{ "type": "Feature", "properties": { "nome_folha": "D23" }, "geometry": { "type": "Polygon", "coordinates": [ [ [ -42.0, -16.0 ], [ -42.0, -12.0 ], [ -48.0, -12.0 ], [ -48.0, -16.0 ], [ -42.0, -16.0 ] ] ] } },
{ "type": "Feature", "properties": { "nome_folha": "D24" }, "geometry": { "type": "Polygon", "coordinates": [ [ [ -36.0, -16.0 ], [ -36.0, -12.0 ], [ -42.0, -12.0 ], [ -42.0, -16.0 ], [ -36.0, -16.0 ] ] ] } },
{ "type": "Feature", "properties": { "nome_folha": "D25" }, "geometry": { "type": "Polygon", "coordinates": [ [ [ -30.0, -16.0 ], [ -30.0, -12.0 ], [ -36.0, -12.0 ], [ -36.0, -16.0 ], [ -30.0, -16.0 ] ] ] } },
{ "type": "Feature", "properties": { "nome_folha": "D26" }, "geometry": { "type": "Polygon", "coordinates": [ [ [ -24.0, -16.0 ], [ -24.0, -12.0 ], [ -30.0, -12.0 ], [ -30.0, -16.0 ], [ -24.0, -16.0 ] ] ] } },
{ "type": "Feature", "properties": { "nome_folha": "D27" }, "geometry": { "type": "Polygon", "coordinates": [ [ [ -18.0, -16.0 ], [ -18.0, -12.0 ], [ -24.0, -12.0 ], [ -24.0, -16.0 ], [ -18.0, -16.0 ] ] ] } },
{ "type": "Feature", "properties": { "nome_folha": "D28" }, "geometry": { "type": "Polygon", "coordinates": [ [ [ -12.0, -16.0 ], [ -12.0, -12.0 ], [ -18.0, -12.0 ], [ -18.0, -16.0 ], [ -12.0, -16.0 ] ] ] } },
{ "type": "Feature", "properties": { "nome_folha": "D29" }, "geometry": { "type": "Polygon", "coordinates": [ [ [ -6.0, -16.0 ], [ -6.0, -12.0 ], [ -12.0, -12.0 ], [ -12.0, -16.0 ], [ -6.0, -16.0 ] ] ] } },
{ "type": "Feature", "properties": { "nome_folha": "D30" }, "geometry": { "type": "Polygon", "coordinates": [ [ [ 0.0, -16.0 ], [ 0.0, -12.0 ], [ -6.0, -12.0 ], [ -6.0, -16.0 ], [ 0.0, -16.0 ] ] ] } },
{ "type": "Feature", "properties": { "nome_folha": "D31" }, "geometry": { "type": "Polygon", "coordinates": [ [ [ 6.0, -16.0 ], [ 6.0, -12.0 ], [ 0.0, -12.0 ], [ 0.0, -16.0 ], [ 6.0, -16.0 ] ] ] } },
{ "type": "Feature", "properties": { "nome_folha": "D32" }, "geometry": { "type": "Polygon", "coordinates": [ [ [ 12.0, -16.0 ], [ 12.0, -12.0 ], [ 6.0, -12.0 ], [ 6.0, -16.0 ], [ 12.0, -16.0 ] ] ] } },
{ "type": "Feature", "properties": { "nome_folha": "D33" }, "geometry": { "type": "Polygon", "coordinates": [ [ [ 18.0, -16.0 ], [ 18.0, -12.0 ], [ 12.0, -12.0 ], [ 12.0, -16.0 ], [ 18.0, -16.0 ] ] ] } },
{ "type": "Feature", "properties": { "nome_folha": "D34" }, "geometry": { "type": "Polygon", "coordinates": [ [ [ 24.0, -16.0 ], [ 24.0, -12.0 ], [ 18.0, -12.0 ], [ 18.0, -16.0 ], [ 24.0, -16.0 ] ] ] } },
{ "type": "Feature", "properties": { "nome_folha": "D35" }, "geometry": { "type": "Polygon", "coordinates": [ [ [ 30.0, -16.0 ], [ 30.0, -12.0 ], [ 24.0, -12.0 ], [ 24.0, -16.0 ], [ 30.0, -16.0 ] ] ] } },
{ "type": "Feature", "properties": { "nome_folha": "D36" }, "geometry": { "type": "Polygon", "coordinates": [ [ [ 36.0, -16.0 ], [ 36.0, -12.0 ], [ 30.0, -12.0 ], [ 30.0, -16.0 ], [ 36.0, -16.0 ] ] ] } },
{ "type": "Feature", "properties": { "nome_folha": "D37" }, "geometry": { "type": "Polygon", "coordinates": [ [ [ 42.0, -16.0 ], [ 42.0, -12.0 ], [ 36.0, -12.0 ], [ 36.0, -16.0 ], [ 42.0, -16.0 ] ] ] } },
{ "type": "Feature", "properties": { "nome_folha": "D38" }, "geometry": { "type": "Polygon", "coordinates": [ [ [ 48.0, -16.0 ], [ 48.0, -12.0 ], [ 42.0, -12.0 ], [ 42.0, -16.0 ], [ 48.0, -16.0 ] ] ] } },
{ "type": "Feature", "properties": { "nome_folha": "D39" }, "geometry": { "type": "Polygon", "coordinates": [ [ [ 54.0, -16.0 ], [ 54.0, -12.0 ], [ 48.0, -12.0 ], [ 48.0, -16.0 ], [ 54.0, -16.0 ] ] ] } },
{ "type": "Feature", "properties": { "nome_folha": "D40" }, "geometry": { "type": "Polygon", "coordinates": [ [ [ 60.0, -16.0 ], [ 60.0, -12.0 ], [ 54.0, -12.0 ], [ 54.0, -16.0 ], [ 60.0, -16.0 ] ] ] } },
{ "type": "Feature", "properties": { "nome_folha": "D41" }, "geometry": { "type": "Polygon", "coordinates": [ [ [ 66.0, -16.0 ], [ 66.0, -12.0 ], [ 60.0, -12.0 ], [ 60.0, -16.0 ], [ 66.0, -16.0 ] ] ] } },
{ "type": "Feature", "properties": { "nome_folha": "D42" }, "geometry": { "type": "Polygon", "coordinates": [ [ [ 72.0, -16.0 ], [ 72.0, -12.0 ], [ 66.0, -12.0 ], [ 66.0, -16.0 ], [ 72.0, -16.0 ] ] ] } },
{ "type": "Feature", "properties": { "nome_folha": "D43" }, "geometry": { "type": "Polygon", "coordinates": [ [ [ 78.0, -16.0 ], [ 78.0, -12.0 ], [ 72.0, -12.0 ], [ 72.0, -16.0 ], [ 78.0, -16.0 ] ] ] } },
{ "type": "Feature", "properties": { "nome_folha": "D44" }, "geometry": { "type": "Polygon", "coordinates": [ [ [ 84.0, -16.0 ], [ 84.0, -12.0 ], [ 78.0, -12.0 ], [ 78.0, -16.0 ], [ 84.0, -16.0 ] ] ] } },
{ "type": "Feature", "properties": { "nome_folha": "D45" }, "geometry": { "type": "Polygon", "coordinates": [ [ [ 90.0, -16.0 ], [ 90.0, -12.0 ], [ 84.0, -12.0 ], [ 84.0, -16.0 ], [ 90.0, -16.0 ] ] ] } },
{ "type": "Feature", "properties": { "nome_folha": "D46" }, "geometry": { "type": "Polygon", "coordinates": [ [ [ 96.0, -16.0 ], [ 96.0, -12.0 ], [ 90.0, -12.0 ], [ 90.0, -16.0 ], [ 96.0, -16.0 ] ] ] } },
{ "type": "Feature", "properties": { "nome_folha": "D47" }, "geometry": { "type": "Polygon", "coordinates": [ [ [ 102.0, -16.0 ], [ 102.0, -12.0 ], [ 96.0, -12.0 ], [ 96.0, -16.0 ], [ 102.0, -16.0 ] ] ] } },
{ "type": "Feature", "properties": { "nome_folha": "D48" }, "geometry": { "type": "Polygon", "coordinates": [ [ [ 108.0, -16.0 ], [ 108.0, -12.0 ], [ 102.0, -12.0 ], [ 102.0, -16.0 ], [ 108.0, -16.0 ] ] ] } },
{ "type": "Feature", "properties": { "nome_folha": "D49" }, "geometry": { "type": "Polygon", "coordinates": [ [ [ 114.0, -16.0 ], [ 114.0, -12.0 ], [ 108.0, -12.0 ], [ 108.0, -16.0 ], [ 114.0, -16.0 ] ] ] } },
{ "type": "Feature", "properties": { "nome_folha": "D50" }, "geometry": { "type": "Polygon", "coordinates": [ [ [ 120.0, -16.0 ], [ 120.0, -12.0 ], [ 114.0, -12.0 ], [ 114.0, -16.0 ], [ 120.0, -16.0 ] ] ] } },
{ "type": "Feature", "properties": { "nome_folha": "D51" }, "geometry": { "type": "Polygon", "coordinates": [ [ [ 126.0, -16.0 ], [ 126.0, -12.0 ], [ 120.0, -12.0 ], [ 120.0, -16.0 ], [ 126.0, -16.0 ] ] ] } },
{ "type": "Feature", "properties": { "nome_folha": "D52" }, "geometry": { "type": "Polygon", "coordinates": [ [ [ 132.0, -16.0 ], [ 132.0, -12.0 ], [ 126.0, -12.0 ], [ 126.0, -16.0 ], [ 132.0, -16.0 ] ] ] } },
{ "type": "Feature", "properties": { "nome_folha": "D53" }, "geometry": { "type": "Polygon", "coordinates": [ [ [ 138.0, -16.0 ], [ 138.0, -12.0 ], [ 132.0, -12.0 ], [ 132.0, -16.0 ], [ 138.0, -16.0 ] ] ] } },
{ "type": "Feature", "properties": { "nome_folha": "D54" }, "geometry": { "type": "Polygon", "coordinates": [ [ [ 144.0, -16.0 ], [ 144.0, -12.0 ], [ 138.0, -12.0 ], [ 138.0, -16.0 ], [ 144.0, -16.0 ] ] ] } },
{ "type": "Feature", "properties": { "nome_folha": "D55" }, "geometry": { "type": "Polygon", "coordinates": [ [ [ 150.0, -16.0 ], [ 150.0, -12.0 ], [ 144.0, -12.0 ], [ 144.0, -16.0 ], [ 150.0, -16.0 ] ] ] } },
{ "type": "Feature", "properties": { "nome_folha": "D56" }, "geometry": { "type": "Polygon", "coordinates": [ [ [ 156.0, -16.0 ], [ 156.0, -12.0 ], [ 150.0, -12.0 ], [ 150.0, -16.0 ], [ 156.0, -16.0 ] ] ] } },
{ "type": "Feature", "properties": { "nome_folha": "D57" }, "geometry": { "type": "Polygon", "coordinates": [ [ [ 162.0, -16.0 ], [ 162.0, -12.0 ], [ 156.0, -12.0 ], [ 156.0, -16.0 ], [ 162.0, -16.0 ] ] ] } },
{ "type": "Feature", "properties": { "nome_folha": "D58" }, "geometry": { "type": "Polygon", "coordinates": [ [ [ 168.0, -16.0 ], [ 168.0, -12.0 ], [ 162.0, -12.0 ], [ 162.0, -16.0 ], [ 168.0, -16.0 ] ] ] } },
{ "type": "Feature", "properties": { "nome_folha": "D59" }, "geometry": { "type": "Polygon", "coordinates": [ [ [ 174.0, -16.0 ], [ 174.0, -12.0 ], [ 168.0, -12.0 ], [ 168.0, -16.0 ], [ 174.0, -16.0 ] ] ] } },
{ "type": "Feature", "properties": { "nome_folha": "D60" }, "geometry": { "type": "Polygon", "coordinates": [ [ [ 180.0, -16.0 ], [ 180.0, -12.0 ], [ 174.0, -12.0 ], [ 174.0, -16.0 ], [ 180.0, -16.0 ] ] ] } },
{ "type": "Feature", "properties": { "nome_folha": "C01" }, "geometry": { "type": "Polygon", "coordinates": [ [ [ -174.0, -12.0 ], [ -174.0, -8.0 ], [ -180.0, -8.0 ], [ -180.0, -12.0 ], [ -174.0, -12.0 ] ] ] } },
{ "type": "Feature", "properties": { "nome_folha": "C02" }, "geometry": { "type": "Polygon", "coordinates": [ [ [ -168.0, -12.0 ], [ -168.0, -8.0 ], [ -174.0, -8.0 ], [ -174.0, -12.0 ], [ -168.0, -12.0 ] ] ] } },
{ "type": "Feature", "properties": { "nome_folha": "C03" }, "geometry": { "type": "Polygon", "coordinates": [ [ [ -162.0, -12.0 ], [ -162.0, -8.0 ], [ -168.0, -8.0 ], [ -168.0, -12.0 ], [ -162.0, -12.0 ] ] ] } },
{ "type": "Feature", "properties": { "nome_folha": "C04" }, "geometry": { "type": "Polygon", "coordinates": [ [ [ -156.0, -12.0 ], [ -156.0, -8.0 ], [ -162.0, -8.0 ], [ -162.0, -12.0 ], [ -156.0, -12.0 ] ] ] } },
{ "type": "Feature", "properties": { "nome_folha": "C05" }, "geometry": { "type": "Polygon", "coordinates": [ [ [ -150.0, -12.0 ], [ -150.0, -8.0 ], [ -156.0, -8.0 ], [ -156.0, -12.0 ], [ -150.0, -12.0 ] ] ] } },
{ "type": "Feature", "properties": { "nome_folha": "C06" }, "geometry": { "type": "Polygon", "coordinates": [ [ [ -144.0, -12.0 ], [ -144.0, -8.0 ], [ -150.0, -8.0 ], [ -150.0, -12.0 ], [ -144.0, -12.0 ] ] ] } },
{ "type": "Feature", "properties": { "nome_folha": "C07" }, "geometry": { "type": "Polygon", "coordinates": [ [ [ -138.0, -12.0 ], [ -138.0, -8.0 ], [ -144.0, -8.0 ], [ -144.0, -12.0 ], [ -138.0, -12.0 ] ] ] } },
{ "type": "Feature", "properties": { "nome_folha": "C08" }, "geometry": { "type": "Polygon", "coordinates": [ [ [ -132.0, -12.0 ], [ -132.0, -8.0 ], [ -138.0, -8.0 ], [ -138.0, -12.0 ], [ -132.0, -12.0 ] ] ] } },
{ "type": "Feature", "properties": { "nome_folha": "C09" }, "geometry": { "type": "Polygon", "coordinates": [ [ [ -126.0, -12.0 ], [ -126.0, -8.0 ], [ -132.0, -8.0 ], [ -132.0, -12.0 ], [ -126.0, -12.0 ] ] ] } },
{ "type": "Feature", "properties": { "nome_folha": "C10" }, "geometry": { "type": "Polygon", "coordinates": [ [ [ -120.0, -12.0 ], [ -120.0, -8.0 ], [ -126.0, -8.0 ], [ -126.0, -12.0 ], [ -120.0, -12.0 ] ] ] } },
{ "type": "Feature", "properties": { "nome_folha": "C11" }, "geometry": { "type": "Polygon", "coordinates": [ [ [ -114.0, -12.0 ], [ -114.0, -8.0 ], [ -120.0, -8.0 ], [ -120.0, -12.0 ], [ -114.0, -12.0 ] ] ] } },
{ "type": "Feature", "properties": { "nome_folha": "C12" }, "geometry": { "type": "Polygon", "coordinates": [ [ [ -108.0, -12.0 ], [ -108.0, -8.0 ], [ -114.0, -8.0 ], [ -114.0, -12.0 ], [ -108.0, -12.0 ] ] ] } },
{ "type": "Feature", "properties": { "nome_folha": "C13" }, "geometry": { "type": "Polygon", "coordinates": [ [ [ -102.0, -12.0 ], [ -102.0, -8.0 ], [ -108.0, -8.0 ], [ -108.0, -12.0 ], [ -102.0, -12.0 ] ] ] } },
{ "type": "Feature", "properties": { "nome_folha": "C14" }, "geometry": { "type": "Polygon", "coordinates": [ [ [ -96.0, -12.0 ], [ -96.0, -8.0 ], [ -102.0, -8.0 ], [ -102.0, -12.0 ], [ -96.0, -12.0 ] ] ] } },
{ "type": "Feature", "properties": { "nome_folha": "C15" }, "geometry": { "type": "Polygon", "coordinates": [ [ [ -90.0, -12.0 ], [ -90.0, -8.0 ], [ -96.0, -8.0 ], [ -96.0, -12.0 ], [ -90.0, -12.0 ] ] ] } },
{ "type": "Feature", "properties": { "nome_folha": "C16" }, "geometry": { "type": "Polygon", "coordinates": [ [ [ -84.0, -12.0 ], [ -84.0, -8.0 ], [ -90.0, -8.0 ], [ -90.0, -12.0 ], [ -84.0, -12.0 ] ] ] } },
{ "type": "Feature", "properties": { "nome_folha": "C17" }, "geometry": { "type": "Polygon", "coordinates": [ [ [ -78.0, -12.0 ], [ -78.0, -8.0 ], [ -84.0, -8.0 ], [ -84.0, -12.0 ], [ -78.0, -12.0 ] ] ] } },
{ "type": "Feature", "properties": { "nome_folha": "C18" }, "geometry": { "type": "Polygon", "coordinates": [ [ [ -72.0, -12.0 ], [ -72.0, -8.0 ], [ -78.0, -8.0 ], [ -78.0, -12.0 ], [ -72.0, -12.0 ] ] ] } },
{ "type": "Feature", "properties": { "nome_folha": "C19" }, "geometry": { "type": "Polygon", "coordinates": [ [ [ -66.0, -12.0 ], [ -66.0, -8.0 ], [ -72.0, -8.0 ], [ -72.0, -12.0 ], [ -66.0, -12.0 ] ] ] } },
{ "type": "Feature", "properties": { "nome_folha": "C20" }, "geometry": { "type": "Polygon", "coordinates": [ [ [ -60.0, -12.0 ], [ -60.0, -8.0 ], [ -66.0, -8.0 ], [ -66.0, -12.0 ], [ -60.0, -12.0 ] ] ] } },
{ "type": "Feature", "properties": { "nome_folha": "C21" }, "geometry": { "type": "Polygon", "coordinates": [ [ [ -54.0, -12.0 ], [ -54.0, -8.0 ], [ -60.0, -8.0 ], [ -60.0, -12.0 ], [ -54.0, -12.0 ] ] ] } },
{ "type": "Feature", "properties": { "nome_folha": "C22" }, "geometry": { "type": "Polygon", "coordinates": [ [ [ -48.0, -12.0 ], [ -48.0, -8.0 ], [ -54.0, -8.0 ], [ -54.0, -12.0 ], [ -48.0, -12.0 ] ] ] } },
{ "type": "Feature", "properties": { "nome_folha": "C23" }, "geometry": { "type": "Polygon", "coordinates": [ [ [ -42.0, -12.0 ], [ -42.0, -8.0 ], [ -48.0, -8.0 ], [ -48.0, -12.0 ], [ -42.0, -12.0 ] ] ] } },
{ "type": "Feature", "properties": { "nome_folha": "C24" }, "geometry": { "type": "Polygon", "coordinates": [ [ [ -36.0, -12.0 ], [ -36.0, -8.0 ], [ -42.0, -8.0 ], [ -42.0, -12.0 ], [ -36.0, -12.0 ] ] ] } },
{ "type": "Feature", "properties": { "nome_folha": "C25" }, "geometry": { "type": "Polygon", "coordinates": [ [ [ -30.0, -12.0 ], [ -30.0, -8.0 ], [ -36.0, -8.0 ], [ -36.0, -12.0 ], [ -30.0, -12.0 ] ] ] } },
{ "type": "Feature", "properties": { "nome_folha": "C26" }, "geometry": { "type": "Polygon", "coordinates": [ [ [ -24.0, -12.0 ], [ -24.0, -8.0 ], [ -30.0, -8.0 ], [ -30.0, -12.0 ], [ -24.0, -12.0 ] ] ] } },
{ "type": "Feature", "properties": { "nome_folha": "C27" }, "geometry": { "type": "Polygon", "coordinates": [ [ [ -18.0, -12.0 ], [ -18.0, -8.0 ], [ -24.0, -8.0 ], [ -24.0, -12.0 ], [ -18.0, -12.0 ] ] ] } },
{ "type": "Feature", "properties": { "nome_folha": "C28" }, "geometry": { "type": "Polygon", "coordinates": [ [ [ -12.0, -12.0 ], [ -12.0, -8.0 ], [ -18.0, -8.0 ], [ -18.0, -12.0 ], [ -12.0, -12.0 ] ] ] } },
{ "type": "Feature", "properties": { "nome_folha": "C29" }, "geometry": { "type": "Polygon", "coordinates": [ [ [ -6.0, -12.0 ], [ -6.0, -8.0 ], [ -12.0, -8.0 ], [ -12.0, -12.0 ], [ -6.0, -12.0 ] ] ] } },
{ "type": "Feature", "properties": { "nome_folha": "C30" }, "geometry": { "type": "Polygon", "coordinates": [ [ [ 0.0, -12.0 ], [ 0.0, -8.0 ], [ -6.0, -8.0 ], [ -6.0, -12.0 ], [ 0.0, -12.0 ] ] ] } },
{ "type": "Feature", "properties": { "nome_folha": "C31" }, "geometry": { "type": "Polygon", "coordinates": [ [ [ 6.0, -12.0 ], [ 6.0, -8.0 ], [ 0.0, -8.0 ], [ 0.0, -12.0 ], [ 6.0, -12.0 ] ] ] } },
{ "type": "Feature", "properties": { "nome_folha": "C32" }, "geometry": { "type": "Polygon", "coordinates": [ [ [ 12.0, -12.0 ], [ 12.0, -8.0 ], [ 6.0, -8.0 ], [ 6.0, -12.0 ], [ 12.0, -12.0 ] ] ] } },
{ "type": "Feature", "properties": { "nome_folha": "C33" }, "geometry": { "type": "Polygon", "coordinates": [ [ [ 18.0, -12.0 ], [ 18.0, -8.0 ], [ 12.0, -8.0 ], [ 12.0, -12.0 ], [ 18.0, -12.0 ] ] ] } },
{ "type": "Feature", "properties": { "nome_folha": "C34" }, "geometry": { "type": "Polygon", "coordinates": [ [ [ 24.0, -12.0 ], [ 24.0, -8.0 ], [ 18.0, -8.0 ], [ 18.0, -12.0 ], [ 24.0, -12.0 ] ] ] } },
{ "type": "Feature", "properties": { "nome_folha": "C35" }, "geometry": { "type": "Polygon", "coordinates": [ [ [ 30.0, -12.0 ], [ 30.0, -8.0 ], [ 24.0, -8.0 ], [ 24.0, -12.0 ], [ 30.0, -12.0 ] ] ] } },
{ "type": "Feature", "properties": { "nome_folha": "C36" }, "geometry": { "type": "Polygon", "coordinates": [ [ [ 36.0, -12.0 ], [ 36.0, -8.0 ], [ 30.0, -8.0 ], [ 30.0, -12.0 ], [ 36.0, -12.0 ] ] ] } },
{ "type": "Feature", "properties": { "nome_folha": "C37" }, "geometry": { "type": "Polygon", "coordinates": [ [ [ 42.0, -12.0 ], [ 42.0, -8.0 ], [ 36.0, -8.0 ], [ 36.0, -12.0 ], [ 42.0, -12.0 ] ] ] } },
{ "type": "Feature", "properties": { "nome_folha": "C38" }, "geometry": { "type": "Polygon", "coordinates": [ [ [ 48.0, -12.0 ], [ 48.0, -8.0 ], [ 42.0, -8.0 ], [ 42.0, -12.0 ], [ 48.0, -12.0 ] ] ] } },
{ "type": "Feature", "properties": { "nome_folha": "C39" }, "geometry": { "type": "Polygon", "coordinates": [ [ [ 54.0, -12.0 ], [ 54.0, -8.0 ], [ 48.0, -8.0 ], [ 48.0, -12.0 ], [ 54.0, -12.0 ] ] ] } },
{ "type": "Feature", "properties": { "nome_folha": "C40" }, "geometry": { "type": "Polygon", "coordinates": [ [ [ 60.0, -12.0 ], [ 60.0, -8.0 ], [ 54.0, -8.0 ], [ 54.0, -12.0 ], [ 60.0, -12.0 ] ] ] } },
{ "type": "Feature", "properties": { "nome_folha": "C41" }, "geometry": { "type": "Polygon", "coordinates": [ [ [ 66.0, -12.0 ], [ 66.0, -8.0 ], [ 60.0, -8.0 ], [ 60.0, -12.0 ], [ 66.0, -12.0 ] ] ] } },
{ "type": "Feature", "properties": { "nome_folha": "C42" }, "geometry": { "type": "Polygon", "coordinates": [ [ [ 72.0, -12.0 ], [ 72.0, -8.0 ], [ 66.0, -8.0 ], [ 66.0, -12.0 ], [ 72.0, -12.0 ] ] ] } },
{ "type": "Feature", "properties": { "nome_folha": "C43" }, "geometry": { "type": "Polygon", "coordinates": [ [ [ 78.0, -12.0 ], [ 78.0, -8.0 ], [ 72.0, -8.0 ], [ 72.0, -12.0 ], [ 78.0, -12.0 ] ] ] } },
{ "type": "Feature", "properties": { "nome_folha": "C44" }, "geometry": { "type": "Polygon", "coordinates": [ [ [ 84.0, -12.0 ], [ 84.0, -8.0 ], [ 78.0, -8.0 ], [ 78.0, -12.0 ], [ 84.0, -12.0 ] ] ] } },
{ "type": "Feature", "properties": { "nome_folha": "C45" }, "geometry": { "type": "Polygon", "coordinates": [ [ [ 90.0, -12.0 ], [ 90.0, -8.0 ], [ 84.0, -8.0 ], [ 84.0, -12.0 ], [ 90.0, -12.0 ] ] ] } },
{ "type": "Feature", "properties": { "nome_folha": "C46" }, "geometry": { "type": "Polygon", "coordinates": [ [ [ 96.0, -12.0 ], [ 96.0, -8.0 ], [ 90.0, -8.0 ], [ 90.0, -12.0 ], [ 96.0, -12.0 ] ] ] } },
{ "type": "Feature", "properties": { "nome_folha": "C47" }, "geometry": { "type": "Polygon", "coordinates": [ [ [ 102.0, -12.0 ], [ 102.0, -8.0 ], [ 96.0, -8.0 ], [ 96.0, -12.0 ], [ 102.0, -12.0 ] ] ] } },
{ "type": "Feature", "properties": { "nome_folha": "C48" }, "geometry": { "type": "Polygon", "coordinates": [ [ [ 108.0, -12.0 ], [ 108.0, -8.0 ], [ 102.0, -8.0 ], [ 102.0, -12.0 ], [ 108.0, -12.0 ] ] ] } },
{ "type": "Feature", "properties": { "nome_folha": "C49" }, "geometry": { "type": "Polygon", "coordinates": [ [ [ 114.0, -12.0 ], [ 114.0, -8.0 ], [ 108.0, -8.0 ], [ 108.0, -12.0 ], [ 114.0, -12.0 ] ] ] } },
{ "type": "Feature", "properties": { "nome_folha": "C50" }, "geometry": { "type": "Polygon", "coordinates": [ [ [ 120.0, -12.0 ], [ 120.0, -8.0 ], [ 114.0, -8.0 ], [ 114.0, -12.0 ], [ 120.0, -12.0 ] ] ] } },
{ "type": "Feature", "properties": { "nome_folha": "C51" }, "geometry": { "type": "Polygon", "coordinates": [ [ [ 126.0, -12.0 ], [ 126.0, -8.0 ], [ 120.0, -8.0 ], [ 120.0, -12.0 ], [ 126.0, -12.0 ] ] ] } },
{ "type": "Feature", "properties": { "nome_folha": "C52" }, "geometry": { "type": "Polygon", "coordinates": [ [ [ 132.0, -12.0 ], [ 132.0, -8.0 ], [ 126.0, -8.0 ], [ 126.0, -12.0 ], [ 132.0, -12.0 ] ] ] } },
{ "type": "Feature", "properties": { "nome_folha": "C53" }, "geometry": { "type": "Polygon", "coordinates": [ [ [ 138.0, -12.0 ], [ 138.0, -8.0 ], [ 132.0, -8.0 ], [ 132.0, -12.0 ], [ 138.0, -12.0 ] ] ] } },
{ "type": "Feature", "properties": { "nome_folha": "C54" }, "geometry": { "type": "Polygon", "coordinates": [ [ [ 144.0, -12.0 ], [ 144.0, -8.0 ], [ 138.0, -8.0 ], [ 138.0, -12.0 ], [ 144.0, -12.0 ] ] ] } },
{ "type": "Feature", "properties": { "nome_folha": "C55" }, "geometry": { "type": "Polygon", "coordinates": [ [ [ 150.0, -12.0 ], [ 150.0, -8.0 ], [ 144.0, -8.0 ], [ 144.0, -12.0 ], [ 150.0, -12.0 ] ] ] } },
{ "type": "Feature", "properties": { "nome_folha": "C56" }, "geometry": { "type": "Polygon", "coordinates": [ [ [ 156.0, -12.0 ], [ 156.0, -8.0 ], [ 150.0, -8.0 ], [ 150.0, -12.0 ], [ 156.0, -12.0 ] ] ] } },
{ "type": "Feature", "properties": { "nome_folha": "C57" }, "geometry": { "type": "Polygon", "coordinates": [ [ [ 162.0, -12.0 ], [ 162.0, -8.0 ], [ 156.0, -8.0 ], [ 156.0, -12.0 ], [ 162.0, -12.0 ] ] ] } },
{ "type": "Feature", "properties": { "nome_folha": "C58" }, "geometry": { "type": "Polygon", "coordinates": [ [ [ 168.0, -12.0 ], [ 168.0, -8.0 ], [ 162.0, -8.0 ], [ 162.0, -12.0 ], [ 168.0, -12.0 ] ] ] } },
{ "type": "Feature", "properties": { "nome_folha": "C59" }, "geometry": { "type": "Polygon", "coordinates": [ [ [ 174.0, -12.0 ], [ 174.0, -8.0 ], [ 168.0, -8.0 ], [ 168.0, -12.0 ], [ 174.0, -12.0 ] ] ] } },
{ "type": "Feature", "properties": { "nome_folha": "C60" }, "geometry": { "type": "Polygon", "coordinates": [ [ [ 180.0, -12.0 ], [ 180.0, -8.0 ], [ 174.0, -8.0 ], [ 174.0, -12.0 ], [ 180.0, -12.0 ] ] ] } },
{ "type": "Feature", "properties": { "nome_folha": "B01" }, "geometry": { "type": "Polygon", "coordinates": [ [ [ -174.0, -8.0 ], [ -174.0, -4.0 ], [ -180.0, -4.0 ], [ -180.0, -8.0 ], [ -174.0, -8.0 ] ] ] } },
{ "type": "Feature", "properties": { "nome_folha": "B02" }, "geometry": { "type": "Polygon", "coordinates": [ [ [ -168.0, -8.0 ], [ -168.0, -4.0 ], [ -174.0, -4.0 ], [ -174.0, -8.0 ], [ -168.0, -8.0 ] ] ] } },
{ "type": "Feature", "properties": { "nome_folha": "B03" }, "geometry": { "type": "Polygon", "coordinates": [ [ [ -162.0, -8.0 ], [ -162.0, -4.0 ], [ -168.0, -4.0 ], [ -168.0, -8.0 ], [ -162.0, -8.0 ] ] ] } },
{ "type": "Feature", "properties": { "nome_folha": "B04" }, "geometry": { "type": "Polygon", "coordinates": [ [ [ -156.0, -8.0 ], [ -156.0, -4.0 ], [ -162.0, -4.0 ], [ -162.0, -8.0 ], [ -156.0, -8.0 ] ] ] } },
{ "type": "Feature", "properties": { "nome_folha": "B05" }, "geometry": { "type": "Polygon", "coordinates": [ [ [ -150.0, -8.0 ], [ -150.0, -4.0 ], [ -156.0, -4.0 ], [ -156.0, -8.0 ], [ -150.0, -8.0 ] ] ] } },
{ "type": "Feature", "properties": { "nome_folha": "B06" }, "geometry": { "type": "Polygon", "coordinates": [ [ [ -144.0, -8.0 ], [ -144.0, -4.0 ], [ -150.0, -4.0 ], [ -150.0, -8.0 ], [ -144.0, -8.0 ] ] ] } },
{ "type": "Feature", "properties": { "nome_folha": "B07" }, "geometry": { "type": "Polygon", "coordinates": [ [ [ -138.0, -8.0 ], [ -138.0, -4.0 ], [ -144.0, -4.0 ], [ -144.0, -8.0 ], [ -138.0, -8.0 ] ] ] } },
{ "type": "Feature", "properties": { "nome_folha": "B08" }, "geometry": { "type": "Polygon", "coordinates": [ [ [ -132.0, -8.0 ], [ -132.0, -4.0 ], [ -138.0, -4.0 ], [ -138.0, -8.0 ], [ -132.0, -8.0 ] ] ] } },
{ "type": "Feature", "properties": { "nome_folha": "B09" }, "geometry": { "type": "Polygon", "coordinates": [ [ [ -126.0, -8.0 ], [ -126.0, -4.0 ], [ -132.0, -4.0 ], [ -132.0, -8.0 ], [ -126.0, -8.0 ] ] ] } },
{ "type": "Feature", "properties": { "nome_folha": "B10" }, "geometry": { "type": "Polygon", "coordinates": [ [ [ -120.0, -8.0 ], [ -120.0, -4.0 ], [ -126.0, -4.0 ], [ -126.0, -8.0 ], [ -120.0, -8.0 ] ] ] } },
{ "type": "Feature", "properties": { "nome_folha": "B11" }, "geometry": { "type": "Polygon", "coordinates": [ [ [ -114.0, -8.0 ], [ -114.0, -4.0 ], [ -120.0, -4.0 ], [ -120.0, -8.0 ], [ -114.0, -8.0 ] ] ] } },
{ "type": "Feature", "properties": { "nome_folha": "B12" }, "geometry": { "type": "Polygon", "coordinates": [ [ [ -108.0, -8.0 ], [ -108.0, -4.0 ], [ -114.0, -4.0 ], [ -114.0, -8.0 ], [ -108.0, -8.0 ] ] ] } },
{ "type": "Feature", "properties": { "nome_folha": "B13" }, "geometry": { "type": "Polygon", "coordinates": [ [ [ -102.0, -8.0 ], [ -102.0, -4.0 ], [ -108.0, -4.0 ], [ -108.0, -8.0 ], [ -102.0, -8.0 ] ] ] } },
{ "type": "Feature", "properties": { "nome_folha": "B14" }, "geometry": { "type": "Polygon", "coordinates": [ [ [ -96.0, -8.0 ], [ -96.0, -4.0 ], [ -102.0, -4.0 ], [ -102.0, -8.0 ], [ -96.0, -8.0 ] ] ] } },
{ "type": "Feature", "properties": { "nome_folha": "B15" }, "geometry": { "type": "Polygon", "coordinates": [ [ [ -90.0, -8.0 ], [ -90.0, -4.0 ], [ -96.0, -4.0 ], [ -96.0, -8.0 ], [ -90.0, -8.0 ] ] ] } },
{ "type": "Feature", "properties": { "nome_folha": "B16" }, "geometry": { "type": "Polygon", "coordinates": [ [ [ -84.0, -8.0 ], [ -84.0, -4.0 ], [ -90.0, -4.0 ], [ -90.0, -8.0 ], [ -84.0, -8.0 ] ] ] } },
{ "type": "Feature", "properties": { "nome_folha": "B17" }, "geometry": { "type": "Polygon", "coordinates": [ [ [ -78.0, -8.0 ], [ -78.0, -4.0 ], [ -84.0, -4.0 ], [ -84.0, -8.0 ], [ -78.0, -8.0 ] ] ] } },
{ "type": "Feature", "properties": { "nome_folha": "B18" }, "geometry": { "type": "Polygon", "coordinates": [ [ [ -72.0, -8.0 ], [ -72.0, -4.0 ], [ -78.0, -4.0 ], [ -78.0, -8.0 ], [ -72.0, -8.0 ] ] ] } },
{ "type": "Feature", "properties": { "nome_folha": "B19" }, "geometry": { "type": "Polygon", "coordinates": [ [ [ -66.0, -8.0 ], [ -66.0, -4.0 ], [ -72.0, -4.0 ], [ -72.0, -8.0 ], [ -66.0, -8.0 ] ] ] } },
{ "type": "Feature", "properties": { "nome_folha": "B20" }, "geometry": { "type": "Polygon", "coordinates": [ [ [ -60.0, -8.0 ], [ -60.0, -4.0 ], [ -66.0, -4.0 ], [ -66.0, -8.0 ], [ -60.0, -8.0 ] ] ] } },
{ "type": "Feature", "properties": { "nome_folha": "B21" }, "geometry": { "type": "Polygon", "coordinates": [ [ [ -54.0, -8.0 ], [ -54.0, -4.0 ], [ -60.0, -4.0 ], [ -60.0, -8.0 ], [ -54.0, -8.0 ] ] ] } },
{ "type": "Feature", "properties": { "nome_folha": "B22" }, "geometry": { "type": "Polygon", "coordinates": [ [ [ -48.0, -8.0 ], [ -48.0, -4.0 ], [ -54.0, -4.0 ], [ -54.0, -8.0 ], [ -48.0, -8.0 ] ] ] } },
{ "type": "Feature", "properties": { "nome_folha": "B23" }, "geometry": { "type": "Polygon", "coordinates": [ [ [ -42.0, -8.0 ], [ -42.0, -4.0 ], [ -48.0, -4.0 ], [ -48.0, -8.0 ], [ -42.0, -8.0 ] ] ] } },
{ "type": "Feature", "properties": { "nome_folha": "B24" }, "geometry": { "type": "Polygon", "coordinates": [ [ [ -36.0, -8.0 ], [ -36.0, -4.0 ], [ -42.0, -4.0 ], [ -42.0, -8.0 ], [ -36.0, -8.0 ] ] ] } },
{ "type": "Feature", "properties": { "nome_folha": "B25" }, "geometry": { "type": "Polygon", "coordinates": [ [ [ -30.0, -8.0 ], [ -30.0, -4.0 ], [ -36.0, -4.0 ], [ -36.0, -8.0 ], [ -30.0, -8.0 ] ] ] } },
{ "type": "Feature", "properties": { "nome_folha": "B26" }, "geometry": { "type": "Polygon", "coordinates": [ [ [ -24.0, -8.0 ], [ -24.0, -4.0 ], [ -30.0, -4.0 ], [ -30.0, -8.0 ], [ -24.0, -8.0 ] ] ] } },
{ "type": "Feature", "properties": { "nome_folha": "B27" }, "geometry": { "type": "Polygon", "coordinates": [ [ [ -18.0, -8.0 ], [ -18.0, -4.0 ], [ -24.0, -4.0 ], [ -24.0, -8.0 ], [ -18.0, -8.0 ] ] ] } },
{ "type": "Feature", "properties": { "nome_folha": "B28" }, "geometry": { "type": "Polygon", "coordinates": [ [ [ -12.0, -8.0 ], [ -12.0, -4.0 ], [ -18.0, -4.0 ], [ -18.0, -8.0 ], [ -12.0, -8.0 ] ] ] } },
{ "type": "Feature", "properties": { "nome_folha": "B29" }, "geometry": { "type": "Polygon", "coordinates": [ [ [ -6.0, -8.0 ], [ -6.0, -4.0 ], [ -12.0, -4.0 ], [ -12.0, -8.0 ], [ -6.0, -8.0 ] ] ] } },
{ "type": "Feature", "properties": { "nome_folha": "B30" }, "geometry": { "type": "Polygon", "coordinates": [ [ [ 0.0, -8.0 ], [ 0.0, -4.0 ], [ -6.0, -4.0 ], [ -6.0, -8.0 ], [ 0.0, -8.0 ] ] ] } },
{ "type": "Feature", "properties": { "nome_folha": "B31" }, "geometry": { "type": "Polygon", "coordinates": [ [ [ 6.0, -8.0 ], [ 6.0, -4.0 ], [ 0.0, -4.0 ], [ 0.0, -8.0 ], [ 6.0, -8.0 ] ] ] } },
{ "type": "Feature", "properties": { "nome_folha": "B32" }, "geometry": { "type": "Polygon", "coordinates": [ [ [ 12.0, -8.0 ], [ 12.0, -4.0 ], [ 6.0, -4.0 ], [ 6.0, -8.0 ], [ 12.0, -8.0 ] ] ] } },
{ "type": "Feature", "properties": { "nome_folha": "B33" }, "geometry": { "type": "Polygon", "coordinates": [ [ [ 18.0, -8.0 ], [ 18.0, -4.0 ], [ 12.0, -4.0 ], [ 12.0, -8.0 ], [ 18.0, -8.0 ] ] ] } },
{ "type": "Feature", "properties": { "nome_folha": "B34" }, "geometry": { "type": "Polygon", "coordinates": [ [ [ 24.0, -8.0 ], [ 24.0, -4.0 ], [ 18.0, -4.0 ], [ 18.0, -8.0 ], [ 24.0, -8.0 ] ] ] } },
{ "type": "Feature", "properties": { "nome_folha": "B35" }, "geometry": { "type": "Polygon", "coordinates": [ [ [ 30.0, -8.0 ], [ 30.0, -4.0 ], [ 24.0, -4.0 ], [ 24.0, -8.0 ], [ 30.0, -8.0 ] ] ] } },
{ "type": "Feature", "properties": { "nome_folha": "B36" }, "geometry": { "type": "Polygon", "coordinates": [ [ [ 36.0, -8.0 ], [ 36.0, -4.0 ], [ 30.0, -4.0 ], [ 30.0, -8.0 ], [ 36.0, -8.0 ] ] ] } },
{ "type": "Feature", "properties": { "nome_folha": "B37" }, "geometry": { "type": "Polygon", "coordinates": [ [ [ 42.0, -8.0 ], [ 42.0, -4.0 ], [ 36.0, -4.0 ], [ 36.0, -8.0 ], [ 42.0, -8.0 ] ] ] } },
{ "type": "Feature", "properties": { "nome_folha": "B38" }, "geometry": { "type": "Polygon", "coordinates": [ [ [ 48.0, -8.0 ], [ 48.0, -4.0 ], [ 42.0, -4.0 ], [ 42.0, -8.0 ], [ 48.0, -8.0 ] ] ] } },
{ "type": "Feature", "properties": { "nome_folha": "B39" }, "geometry": { "type": "Polygon", "coordinates": [ [ [ 54.0, -8.0 ], [ 54.0, -4.0 ], [ 48.0, -4.0 ], [ 48.0, -8.0 ], [ 54.0, -8.0 ] ] ] } },
{ "type": "Feature", "properties": { "nome_folha": "B40" }, "geometry": { "type": "Polygon", "coordinates": [ [ [ 60.0, -8.0 ], [ 60.0, -4.0 ], [ 54.0, -4.0 ], [ 54.0, -8.0 ], [ 60.0, -8.0 ] ] ] } },
{ "type": "Feature", "properties": { "nome_folha": "B41" }, "geometry": { "type": "Polygon", "coordinates": [ [ [ 66.0, -8.0 ], [ 66.0, -4.0 ], [ 60.0, -4.0 ], [ 60.0, -8.0 ], [ 66.0, -8.0 ] ] ] } },
{ "type": "Feature", "properties": { "nome_folha": "B42" }, "geometry": { "type": "Polygon", "coordinates": [ [ [ 72.0, -8.0 ], [ 72.0, -4.0 ], [ 66.0, -4.0 ], [ 66.0, -8.0 ], [ 72.0, -8.0 ] ] ] } },
{ "type": "Feature", "properties": { "nome_folha": "B43" }, "geometry": { "type": "Polygon", "coordinates": [ [ [ 78.0, -8.0 ], [ 78.0, -4.0 ], [ 72.0, -4.0 ], [ 72.0, -8.0 ], [ 78.0, -8.0 ] ] ] } },
{ "type": "Feature", "properties": { "nome_folha": "B44" }, "geometry": { "type": "Polygon", "coordinates": [ [ [ 84.0, -8.0 ], [ 84.0, -4.0 ], [ 78.0, -4.0 ], [ 78.0, -8.0 ], [ 84.0, -8.0 ] ] ] } },
{ "type": "Feature", "properties": { "nome_folha": "B45" }, "geometry": { "type": "Polygon", "coordinates": [ [ [ 90.0, -8.0 ], [ 90.0, -4.0 ], [ 84.0, -4.0 ], [ 84.0, -8.0 ], [ 90.0, -8.0 ] ] ] } },
{ "type": "Feature", "properties": { "nome_folha": "B46" }, "geometry": { "type": "Polygon", "coordinates": [ [ [ 96.0, -8.0 ], [ 96.0, -4.0 ], [ 90.0, -4.0 ], [ 90.0, -8.0 ], [ 96.0, -8.0 ] ] ] } },
{ "type": "Feature", "properties": { "nome_folha": "B47" }, "geometry": { "type": "Polygon", "coordinates": [ [ [ 102.0, -8.0 ], [ 102.0, -4.0 ], [ 96.0, -4.0 ], [ 96.0, -8.0 ], [ 102.0, -8.0 ] ] ] } },
{ "type": "Feature", "properties": { "nome_folha": "B48" }, "geometry": { "type": "Polygon", "coordinates": [ [ [ 108.0, -8.0 ], [ 108.0, -4.0 ], [ 102.0, -4.0 ], [ 102.0, -8.0 ], [ 108.0, -8.0 ] ] ] } },
{ "type": "Feature", "properties": { "nome_folha": "B49" }, "geometry": { "type": "Polygon", "coordinates": [ [ [ 114.0, -8.0 ], [ 114.0, -4.0 ], [ 108.0, -4.0 ], [ 108.0, -8.0 ], [ 114.0, -8.0 ] ] ] } },
{ "type": "Feature", "properties": { "nome_folha": "B50" }, "geometry": { "type": "Polygon", "coordinates": [ [ [ 120.0, -8.0 ], [ 120.0, -4.0 ], [ 114.0, -4.0 ], [ 114.0, -8.0 ], [ 120.0, -8.0 ] ] ] } },
{ "type": "Feature", "properties": { "nome_folha": "B51" }, "geometry": { "type": "Polygon", "coordinates": [ [ [ 126.0, -8.0 ], [ 126.0, -4.0 ], [ 120.0, -4.0 ], [ 120.0, -8.0 ], [ 126.0, -8.0 ] ] ] } },
{ "type": "Feature", "properties": { "nome_folha": "B52" }, "geometry": { "type": "Polygon", "coordinates": [ [ [ 132.0, -8.0 ], [ 132.0, -4.0 ], [ 126.0, -4.0 ], [ 126.0, -8.0 ], [ 132.0, -8.0 ] ] ] } },
{ "type": "Feature", "properties": { "nome_folha": "B53" }, "geometry": { "type": "Polygon", "coordinates": [ [ [ 138.0, -8.0 ], [ 138.0, -4.0 ], [ 132.0, -4.0 ], [ 132.0, -8.0 ], [ 138.0, -8.0 ] ] ] } },
{ "type": "Feature", "properties": { "nome_folha": "B54" }, "geometry": { "type": "Polygon", "coordinates": [ [ [ 144.0, -8.0 ], [ 144.0, -4.0 ], [ 138.0, -4.0 ], [ 138.0, -8.0 ], [ 144.0, -8.0 ] ] ] } },
{ "type": "Feature", "properties": { "nome_folha": "B55" }, "geometry": { "type": "Polygon", "coordinates": [ [ [ 150.0, -8.0 ], [ 150.0, -4.0 ], [ 144.0, -4.0 ], [ 144.0, -8.0 ], [ 150.0, -8.0 ] ] ] } },
{ "type": "Feature", "properties": { "nome_folha": "B56" }, "geometry": { "type": "Polygon", "coordinates": [ [ [ 156.0, -8.0 ], [ 156.0, -4.0 ], [ 150.0, -4.0 ], [ 150.0, -8.0 ], [ 156.0, -8.0 ] ] ] } },
{ "type": "Feature", "properties": { "nome_folha": "B57" }, "geometry": { "type": "Polygon", "coordinates": [ [ [ 162.0, -8.0 ], [ 162.0, -4.0 ], [ 156.0, -4.0 ], [ 156.0, -8.0 ], [ 162.0, -8.0 ] ] ] } },
{ "type": "Feature", "properties": { "nome_folha": "B58" }, "geometry": { "type": "Polygon", "coordinates": [ [ [ 168.0, -8.0 ], [ 168.0, -4.0 ], [ 162.0, -4.0 ], [ 162.0, -8.0 ], [ 168.0, -8.0 ] ] ] } },
{ "type": "Feature", "properties": { "nome_folha": "B59" }, "geometry": { "type": "Polygon", "coordinates": [ [ [ 174.0, -8.0 ], [ 174.0, -4.0 ], [ 168.0, -4.0 ], [ 168.0, -8.0 ], [ 174.0, -8.0 ] ] ] } },
{ "type": "Feature", "properties": { "nome_folha": "B60" }, "geometry": { "type": "Polygon", "coordinates": [ [ [ 180.0, -8.0 ], [ 180.0, -4.0 ], [ 174.0, -4.0 ], [ 174.0, -8.0 ], [ 180.0, -8.0 ] ] ] } },
{ "type": "Feature", "properties": { "nome_folha": "A01" }, "geometry": { "type": "Polygon", "coordinates": [ [ [ -174.0, -4.0 ], [ -174.0, 0.0 ], [ -180.0, 0.0 ], [ -180.0, -4.0 ], [ -174.0, -4.0 ] ] ] } },
{ "type": "Feature", "properties": { "nome_folha": "A02" }, "geometry": { "type": "Polygon", "coordinates": [ [ [ -168.0, -4.0 ], [ -168.0, 0.0 ], [ -174.0, 0.0 ], [ -174.0, -4.0 ], [ -168.0, -4.0 ] ] ] } },
{ "type": "Feature", "properties": { "nome_folha": "A03" }, "geometry": { "type": "Polygon", "coordinates": [ [ [ -162.0, -4.0 ], [ -162.0, 0.0 ], [ -168.0, 0.0 ], [ -168.0, -4.0 ], [ -162.0, -4.0 ] ] ] } },
{ "type": "Feature", "properties": { "nome_folha": "A04" }, "geometry": { "type": "Polygon", "coordinates": [ [ [ -156.0, -4.0 ], [ -156.0, 0.0 ], [ -162.0, 0.0 ], [ -162.0, -4.0 ], [ -156.0, -4.0 ] ] ] } },
{ "type": "Feature", "properties": { "nome_folha": "A05" }, "geometry": { "type": "Polygon", "coordinates": [ [ [ -150.0, -4.0 ], [ -150.0, 0.0 ], [ -156.0, 0.0 ], [ -156.0, -4.0 ], [ -150.0, -4.0 ] ] ] } },
{ "type": "Feature", "properties": { "nome_folha": "A06" }, "geometry": { "type": "Polygon", "coordinates": [ [ [ -144.0, -4.0 ], [ -144.0, 0.0 ], [ -150.0, 0.0 ], [ -150.0, -4.0 ], [ -144.0, -4.0 ] ] ] } },
{ "type": "Feature", "properties": { "nome_folha": "A07" }, "geometry": { "type": "Polygon", "coordinates": [ [ [ -138.0, -4.0 ], [ -138.0, 0.0 ], [ -144.0, 0.0 ], [ -144.0, -4.0 ], [ -138.0, -4.0 ] ] ] } },
{ "type": "Feature", "properties": { "nome_folha": "A08" }, "geometry": { "type": "Polygon", "coordinates": [ [ [ -132.0, -4.0 ], [ -132.0, 0.0 ], [ -138.0, 0.0 ], [ -138.0, -4.0 ], [ -132.0, -4.0 ] ] ] } },
{ "type": "Feature", "properties": { "nome_folha": "A09" }, "geometry": { "type": "Polygon", "coordinates": [ [ [ -126.0, -4.0 ], [ -126.0, 0.0 ], [ -132.0, 0.0 ], [ -132.0, -4.0 ], [ -126.0, -4.0 ] ] ] } },
{ "type": "Feature", "properties": { "nome_folha": "A10" }, "geometry": { "type": "Polygon", "coordinates": [ [ [ -120.0, -4.0 ], [ -120.0, 0.0 ], [ -126.0, 0.0 ], [ -126.0, -4.0 ], [ -120.0, -4.0 ] ] ] } },
{ "type": "Feature", "properties": { "nome_folha": "A11" }, "geometry": { "type": "Polygon", "coordinates": [ [ [ -114.0, -4.0 ], [ -114.0, 0.0 ], [ -120.0, 0.0 ], [ -120.0, -4.0 ], [ -114.0, -4.0 ] ] ] } },
{ "type": "Feature", "properties": { "nome_folha": "A12" }, "geometry": { "type": "Polygon", "coordinates": [ [ [ -108.0, -4.0 ], [ -108.0, 0.0 ], [ -114.0, 0.0 ], [ -114.0, -4.0 ], [ -108.0, -4.0 ] ] ] } },
{ "type": "Feature", "properties": { "nome_folha": "A13" }, "geometry": { "type": "Polygon", "coordinates": [ [ [ -102.0, -4.0 ], [ -102.0, 0.0 ], [ -108.0, 0.0 ], [ -108.0, -4.0 ], [ -102.0, -4.0 ] ] ] } },
{ "type": "Feature", "properties": { "nome_folha": "A14" }, "geometry": { "type": "Polygon", "coordinates": [ [ [ -96.0, -4.0 ], [ -96.0, 0.0 ], [ -102.0, 0.0 ], [ -102.0, -4.0 ], [ -96.0, -4.0 ] ] ] } },
{ "type": "Feature", "properties": { "nome_folha": "A15" }, "geometry": { "type": "Polygon", "coordinates": [ [ [ -90.0, -4.0 ], [ -90.0, 0.0 ], [ -96.0, 0.0 ], [ -96.0, -4.0 ], [ -90.0, -4.0 ] ] ] } },
{ "type": "Feature", "properties": { "nome_folha": "A16" }, "geometry": { "type": "Polygon", "coordinates": [ [ [ -84.0, -4.0 ], [ -84.0, 0.0 ], [ -90.0, 0.0 ], [ -90.0, -4.0 ], [ -84.0, -4.0 ] ] ] } },
{ "type": "Feature", "properties": { "nome_folha": "A17" }, "geometry": { "type": "Polygon", "coordinates": [ [ [ -78.0, -4.0 ], [ -78.0, 0.0 ], [ -84.0, 0.0 ], [ -84.0, -4.0 ], [ -78.0, -4.0 ] ] ] } },
{ "type": "Feature", "properties": { "nome_folha": "A18" }, "geometry": { "type": "Polygon", "coordinates": [ [ [ -72.0, -4.0 ], [ -72.0, 0.0 ], [ -78.0, 0.0 ], [ -78.0, -4.0 ], [ -72.0, -4.0 ] ] ] } },
{ "type": "Feature", "properties": { "nome_folha": "A19" }, "geometry": { "type": "Polygon", "coordinates": [ [ [ -66.0, -4.0 ], [ -66.0, 0.0 ], [ -72.0, 0.0 ], [ -72.0, -4.0 ], [ -66.0, -4.0 ] ] ] } },
{ "type": "Feature", "properties": { "nome_folha": "A20" }, "geometry": { "type": "Polygon", "coordinates": [ [ [ -60.0, -4.0 ], [ -60.0, 0.0 ], [ -66.0, 0.0 ], [ -66.0, -4.0 ], [ -60.0, -4.0 ] ] ] } },
{ "type": "Feature", "properties": { "nome_folha": "A21" }, "geometry": { "type": "Polygon", "coordinates": [ [ [ -54.0, -4.0 ], [ -54.0, 0.0 ], [ -60.0, 0.0 ], [ -60.0, -4.0 ], [ -54.0, -4.0 ] ] ] } },
{ "type": "Feature", "properties": { "nome_folha": "A22" }, "geometry": { "type": "Polygon", "coordinates": [ [ [ -48.0, -4.0 ], [ -48.0, 0.0 ], [ -54.0, 0.0 ], [ -54.0, -4.0 ], [ -48.0, -4.0 ] ] ] } },
{ "type": "Feature", "properties": { "nome_folha": "A23" }, "geometry": { "type": "Polygon", "coordinates": [ [ [ -42.0, -4.0 ], [ -42.0, 0.0 ], [ -48.0, 0.0 ], [ -48.0, -4.0 ], [ -42.0, -4.0 ] ] ] } },
{ "type": "Feature", "properties": { "nome_folha": "A24" }, "geometry": { "type": "Polygon", "coordinates": [ [ [ -36.0, -4.0 ], [ -36.0, 0.0 ], [ -42.0, 0.0 ], [ -42.0, -4.0 ], [ -36.0, -4.0 ] ] ] } },
{ "type": "Feature", "properties": { "nome_folha": "A25" }, "geometry": { "type": "Polygon", "coordinates": [ [ [ -30.0, -4.0 ], [ -30.0, 0.0 ], [ -36.0, 0.0 ], [ -36.0, -4.0 ], [ -30.0, -4.0 ] ] ] } },
{ "type": "Feature", "properties": { "nome_folha": "A26" }, "geometry": { "type": "Polygon", "coordinates": [ [ [ -24.0, -4.0 ], [ -24.0, 0.0 ], [ -30.0, 0.0 ], [ -30.0, -4.0 ], [ -24.0, -4.0 ] ] ] } },
{ "type": "Feature", "properties": { "nome_folha": "A27" }, "geometry": { "type": "Polygon", "coordinates": [ [ [ -18.0, -4.0 ], [ -18.0, 0.0 ], [ -24.0, 0.0 ], [ -24.0, -4.0 ], [ -18.0, -4.0 ] ] ] } },
{ "type": "Feature", "properties": { "nome_folha": "A28" }, "geometry": { "type": "Polygon", "coordinates": [ [ [ -12.0, -4.0 ], [ -12.0, 0.0 ], [ -18.0, 0.0 ], [ -18.0, -4.0 ], [ -12.0, -4.0 ] ] ] } },
{ "type": "Feature", "properties": { "nome_folha": "A29" }, "geometry": { "type": "Polygon", "coordinates": [ [ [ -6.0, -4.0 ], [ -6.0, 0.0 ], [ -12.0, 0.0 ], [ -12.0, -4.0 ], [ -6.0, -4.0 ] ] ] } },
{ "type": "Feature", "properties": { "nome_folha": "A30" }, "geometry": { "type": "Polygon", "coordinates": [ [ [ 0.0, -4.0 ], [ 0.0, 0.0 ], [ -6.0, 0.0 ], [ -6.0, -4.0 ], [ 0.0, -4.0 ] ] ] } },
{ "type": "Feature", "properties": { "nome_folha": "A31" }, "geometry": { "type": "Polygon", "coordinates": [ [ [ 6.0, -4.0 ], [ 6.0, 0.0 ], [ 0.0, 0.0 ], [ 0.0, -4.0 ], [ 6.0, -4.0 ] ] ] } },
{ "type": "Feature", "properties": { "nome_folha": "A32" }, "geometry": { "type": "Polygon", "coordinates": [ [ [ 12.0, -4.0 ], [ 12.0, 0.0 ], [ 6.0, 0.0 ], [ 6.0, -4.0 ], [ 12.0, -4.0 ] ] ] } },
{ "type": "Feature", "properties": { "nome_folha": "A33" }, "geometry": { "type": "Polygon", "coordinates": [ [ [ 18.0, -4.0 ], [ 18.0, 0.0 ], [ 12.0, 0.0 ], [ 12.0, -4.0 ], [ 18.0, -4.0 ] ] ] } },
{ "type": "Feature", "properties": { "nome_folha": "A34" }, "geometry": { "type": "Polygon", "coordinates": [ [ [ 24.0, -4.0 ], [ 24.0, 0.0 ], [ 18.0, 0.0 ], [ 18.0, -4.0 ], [ 24.0, -4.0 ] ] ] } },
{ "type": "Feature", "properties": { "nome_folha": "A35" }, "geometry": { "type": "Polygon", "coordinates": [ [ [ 30.0, -4.0 ], [ 30.0, 0.0 ], [ 24.0, 0.0 ], [ 24.0, -4.0 ], [ 30.0, -4.0 ] ] ] } },
{ "type": "Feature", "properties": { "nome_folha": "A36" }, "geometry": { "type": "Polygon", "coordinates": [ [ [ 36.0, -4.0 ], [ 36.0, 0.0 ], [ 30.0, 0.0 ], [ 30.0, -4.0 ], [ 36.0, -4.0 ] ] ] } },
{ "type": "Feature", "properties": { "nome_folha": "A37" }, "geometry": { "type": "Polygon", "coordinates": [ [ [ 42.0, -4.0 ], [ 42.0, 0.0 ], [ 36.0, 0.0 ], [ 36.0, -4.0 ], [ 42.0, -4.0 ] ] ] } },
{ "type": "Feature", "properties": { "nome_folha": "A38" }, "geometry": { "type": "Polygon", "coordinates": [ [ [ 48.0, -4.0 ], [ 48.0, 0.0 ], [ 42.0, 0.0 ], [ 42.0, -4.0 ], [ 48.0, -4.0 ] ] ] } },
{ "type": "Feature", "properties": { "nome_folha": "A39" }, "geometry": { "type": "Polygon", "coordinates": [ [ [ 54.0, -4.0 ], [ 54.0, 0.0 ], [ 48.0, 0.0 ], [ 48.0, -4.0 ], [ 54.0, -4.0 ] ] ] } },
{ "type": "Feature", "properties": { "nome_folha": "A40" }, "geometry": { "type": "Polygon", "coordinates": [ [ [ 60.0, -4.0 ], [ 60.0, 0.0 ], [ 54.0, 0.0 ], [ 54.0, -4.0 ], [ 60.0, -4.0 ] ] ] } },
{ "type": "Feature", "properties": { "nome_folha": "A41" }, "geometry": { "type": "Polygon", "coordinates": [ [ [ 66.0, -4.0 ], [ 66.0, 0.0 ], [ 60.0, 0.0 ], [ 60.0, -4.0 ], [ 66.0, -4.0 ] ] ] } },
{ "type": "Feature", "properties": { "nome_folha": "A42" }, "geometry": { "type": "Polygon", "coordinates": [ [ [ 72.0, -4.0 ], [ 72.0, 0.0 ], [ 66.0, 0.0 ], [ 66.0, -4.0 ], [ 72.0, -4.0 ] ] ] } },
{ "type": "Feature", "properties": { "nome_folha": "A43" }, "geometry": { "type": "Polygon", "coordinates": [ [ [ 78.0, -4.0 ], [ 78.0, 0.0 ], [ 72.0, 0.0 ], [ 72.0, -4.0 ], [ 78.0, -4.0 ] ] ] } },
{ "type": "Feature", "properties": { "nome_folha": "A44" }, "geometry": { "type": "Polygon", "coordinates": [ [ [ 84.0, -4.0 ], [ 84.0, 0.0 ], [ 78.0, 0.0 ], [ 78.0, -4.0 ], [ 84.0, -4.0 ] ] ] } },
{ "type": "Feature", "properties": { "nome_folha": "A45" }, "geometry": { "type": "Polygon", "coordinates": [ [ [ 90.0, -4.0 ], [ 90.0, 0.0 ], [ 84.0, 0.0 ], [ 84.0, -4.0 ], [ 90.0, -4.0 ] ] ] } },
{ "type": "Feature", "properties": { "nome_folha": "A46" }, "geometry": { "type": "Polygon", "coordinates": [ [ [ 96.0, -4.0 ], [ 96.0, 0.0 ], [ 90.0, 0.0 ], [ 90.0, -4.0 ], [ 96.0, -4.0 ] ] ] } },
{ "type": "Feature", "properties": { "nome_folha": "A47" }, "geometry": { "type": "Polygon", "coordinates": [ [ [ 102.0, -4.0 ], [ 102.0, 0.0 ], [ 96.0, 0.0 ], [ 96.0, -4.0 ], [ 102.0, -4.0 ] ] ] } },
{ "type": "Feature", "properties": { "nome_folha": "A48" }, "geometry": { "type": "Polygon", "coordinates": [ [ [ 108.0, -4.0 ], [ 108.0, 0.0 ], [ 102.0, 0.0 ], [ 102.0, -4.0 ], [ 108.0, -4.0 ] ] ] } },
{ "type": "Feature", "properties": { "nome_folha": "A49" }, "geometry": { "type": "Polygon", "coordinates": [ [ [ 114.0, -4.0 ], [ 114.0, 0.0 ], [ 108.0, 0.0 ], [ 108.0, -4.0 ], [ 114.0, -4.0 ] ] ] } },
{ "type": "Feature", "properties": { "nome_folha": "A50" }, "geometry": { "type": "Polygon", "coordinates": [ [ [ 120.0, -4.0 ], [ 120.0, 0.0 ], [ 114.0, 0.0 ], [ 114.0, -4.0 ], [ 120.0, -4.0 ] ] ] } },
{ "type": "Feature", "properties": { "nome_folha": "A51" }, "geometry": { "type": "Polygon", "coordinates": [ [ [ 126.0, -4.0 ], [ 126.0, 0.0 ], [ 120.0, 0.0 ], [ 120.0, -4.0 ], [ 126.0, -4.0 ] ] ] } },
{ "type": "Feature", "properties": { "nome_folha": "A52" }, "geometry": { "type": "Polygon", "coordinates": [ [ [ 132.0, -4.0 ], [ 132.0, 0.0 ], [ 126.0, 0.0 ], [ 126.0, -4.0 ], [ 132.0, -4.0 ] ] ] } },
{ "type": "Feature", "properties": { "nome_folha": "A53" }, "geometry": { "type": "Polygon", "coordinates": [ [ [ 138.0, -4.0 ], [ 138.0, 0.0 ], [ 132.0, 0.0 ], [ 132.0, -4.0 ], [ 138.0, -4.0 ] ] ] } },
{ "type": "Feature", "properties": { "nome_folha": "A54" }, "geometry": { "type": "Polygon", "coordinates": [ [ [ 144.0, -4.0 ], [ 144.0, 0.0 ], [ 138.0, 0.0 ], [ 138.0, -4.0 ], [ 144.0, -4.0 ] ] ] } },
{ "type": "Feature", "properties": { "nome_folha": "A55" }, "geometry": { "type": "Polygon", "coordinates": [ [ [ 150.0, -4.0 ], [ 150.0, 0.0 ], [ 144.0, 0.0 ], [ 144.0, -4.0 ], [ 150.0, -4.0 ] ] ] } },
{ "type": "Feature", "properties": { "nome_folha": "A56" }, "geometry": { "type": "Polygon", "coordinates": [ [ [ 156.0, -4.0 ], [ 156.0, 0.0 ], [ 150.0, 0.0 ], [ 150.0, -4.0 ], [ 156.0, -4.0 ] ] ] } },
{ "type": "Feature", "properties": { "nome_folha": "A57" }, "geometry": { "type": "Polygon", "coordinates": [ [ [ 162.0, -4.0 ], [ 162.0, 0.0 ], [ 156.0, 0.0 ], [ 156.0, -4.0 ], [ 162.0, -4.0 ] ] ] } },
{ "type": "Feature", "properties": { "nome_folha": "A58" }, "geometry": { "type": "Polygon", "coordinates": [ [ [ 168.0, -4.0 ], [ 168.0, 0.0 ], [ 162.0, 0.0 ], [ 162.0, -4.0 ], [ 168.0, -4.0 ] ] ] } },
{ "type": "Feature", "properties": { "nome_folha": "A59" }, "geometry": { "type": "Polygon", "coordinates": [ [ [ 174.0, -4.0 ], [ 174.0, 0.0 ], [ 168.0, 0.0 ], [ 168.0, -4.0 ], [ 174.0, -4.0 ] ] ] } },
{ "type": "Feature", "properties": { "nome_folha": "A60" }, "geometry": { "type": "Polygon", "coordinates": [ [ [ 180.0, -4.0 ], [ 180.0, 0.0 ], [ 174.0, 0.0 ], [ 174.0, -4.0 ], [ 180.0, -4.0 ] ] ] } },
{ "type": "Feature", "properties": { "nome_folha": "U01" }, "geometry": { "type": "Polygon", "coordinates": [ [ [ -174.0, 0.0 ], [ -174.0, 4.0 ], [ -180.0, 4.0 ], [ -180.0, 0.0 ], [ -174.0, 0.0 ] ] ] } },
{ "type": "Feature", "properties": { "nome_folha": "U02" }, "geometry": { "type": "Polygon", "coordinates": [ [ [ -168.0, 0.0 ], [ -168.0, 4.0 ], [ -174.0, 4.0 ], [ -174.0, 0.0 ], [ -168.0, 0.0 ] ] ] } },
{ "type": "Feature", "properties": { "nome_folha": "U03" }, "geometry": { "type": "Polygon", "coordinates": [ [ [ -162.0, 0.0 ], [ -162.0, 4.0 ], [ -168.0, 4.0 ], [ -168.0, 0.0 ], [ -162.0, 0.0 ] ] ] } },
{ "type": "Feature", "properties": { "nome_folha": "U04" }, "geometry": { "type": "Polygon", "coordinates": [ [ [ -156.0, 0.0 ], [ -156.0, 4.0 ], [ -162.0, 4.0 ], [ -162.0, 0.0 ], [ -156.0, 0.0 ] ] ] } },
{ "type": "Feature", "properties": { "nome_folha": "U05" }, "geometry": { "type": "Polygon", "coordinates": [ [ [ -150.0, 0.0 ], [ -150.0, 4.0 ], [ -156.0, 4.0 ], [ -156.0, 0.0 ], [ -150.0, 0.0 ] ] ] } },
{ "type": "Feature", "properties": { "nome_folha": "U06" }, "geometry": { "type": "Polygon", "coordinates": [ [ [ -144.0, 0.0 ], [ -144.0, 4.0 ], [ -150.0, 4.0 ], [ -150.0, 0.0 ], [ -144.0, 0.0 ] ] ] } },
{ "type": "Feature", "properties": { "nome_folha": "U07" }, "geometry": { "type": "Polygon", "coordinates": [ [ [ -138.0, 0.0 ], [ -138.0, 4.0 ], [ -144.0, 4.0 ], [ -144.0, 0.0 ], [ -138.0, 0.0 ] ] ] } },
{ "type": "Feature", "properties": { "nome_folha": "U08" }, "geometry": { "type": "Polygon", "coordinates": [ [ [ -132.0, 0.0 ], [ -132.0, 4.0 ], [ -138.0, 4.0 ], [ -138.0, 0.0 ], [ -132.0, 0.0 ] ] ] } },
{ "type": "Feature", "properties": { "nome_folha": "U09" }, "geometry": { "type": "Polygon", "coordinates": [ [ [ -126.0, 0.0 ], [ -126.0, 4.0 ], [ -132.0, 4.0 ], [ -132.0, 0.0 ], [ -126.0, 0.0 ] ] ] } },
{ "type": "Feature", "properties": { "nome_folha": "U10" }, "geometry": { "type": "Polygon", "coordinates": [ [ [ -120.0, 0.0 ], [ -120.0, 4.0 ], [ -126.0, 4.0 ], [ -126.0, 0.0 ], [ -120.0, 0.0 ] ] ] } },
{ "type": "Feature", "properties": { "nome_folha": "U11" }, "geometry": { "type": "Polygon", "coordinates": [ [ [ -114.0, 0.0 ], [ -114.0, 4.0 ], [ -120.0, 4.0 ], [ -120.0, 0.0 ], [ -114.0, 0.0 ] ] ] } },
{ "type": "Feature", "properties": { "nome_folha": "U12" }, "geometry": { "type": "Polygon", "coordinates": [ [ [ -108.0, 0.0 ], [ -108.0, 4.0 ], [ -114.0, 4.0 ], [ -114.0, 0.0 ], [ -108.0, 0.0 ] ] ] } },
{ "type": "Feature", "properties": { "nome_folha": "U13" }, "geometry": { "type": "Polygon", "coordinates": [ [ [ -102.0, 0.0 ], [ -102.0, 4.0 ], [ -108.0, 4.0 ], [ -108.0, 0.0 ], [ -102.0, 0.0 ] ] ] } },
{ "type": "Feature", "properties": { "nome_folha": "U14" }, "geometry": { "type": "Polygon", "coordinates": [ [ [ -96.0, 0.0 ], [ -96.0, 4.0 ], [ -102.0, 4.0 ], [ -102.0, 0.0 ], [ -96.0, 0.0 ] ] ] } },
{ "type": "Feature", "properties": { "nome_folha": "U15" }, "geometry": { "type": "Polygon", "coordinates": [ [ [ -90.0, 0.0 ], [ -90.0, 4.0 ], [ -96.0, 4.0 ], [ -96.0, 0.0 ], [ -90.0, 0.0 ] ] ] } },
{ "type": "Feature", "properties": { "nome_folha": "U16" }, "geometry": { "type": "Polygon", "coordinates": [ [ [ -84.0, 0.0 ], [ -84.0, 4.0 ], [ -90.0, 4.0 ], [ -90.0, 0.0 ], [ -84.0, 0.0 ] ] ] } },
{ "type": "Feature", "properties": { "nome_folha": "U17" }, "geometry": { "type": "Polygon", "coordinates": [ [ [ -78.0, 0.0 ], [ -78.0, 4.0 ], [ -84.0, 4.0 ], [ -84.0, 0.0 ], [ -78.0, 0.0 ] ] ] } },
{ "type": "Feature", "properties": { "nome_folha": "U18" }, "geometry": { "type": "Polygon", "coordinates": [ [ [ -72.0, 0.0 ], [ -72.0, 4.0 ], [ -78.0, 4.0 ], [ -78.0, 0.0 ], [ -72.0, 0.0 ] ] ] } },
{ "type": "Feature", "properties": { "nome_folha": "U19" }, "geometry": { "type": "Polygon", "coordinates": [ [ [ -66.0, 0.0 ], [ -66.0, 4.0 ], [ -72.0, 4.0 ], [ -72.0, 0.0 ], [ -66.0, 0.0 ] ] ] } },
{ "type": "Feature", "properties": { "nome_folha": "U20" }, "geometry": { "type": "Polygon", "coordinates": [ [ [ -60.0, 0.0 ], [ -60.0, 4.0 ], [ -66.0, 4.0 ], [ -66.0, 0.0 ], [ -60.0, 0.0 ] ] ] } },
{ "type": "Feature", "properties": { "nome_folha": "U21" }, "geometry": { "type": "Polygon", "coordinates": [ [ [ -54.0, 0.0 ], [ -54.0, 4.0 ], [ -60.0, 4.0 ], [ -60.0, 0.0 ], [ -54.0, 0.0 ] ] ] } },
{ "type": "Feature", "properties": { "nome_folha": "U22" }, "geometry": { "type": "Polygon", "coordinates": [ [ [ -48.0, 0.0 ], [ -48.0, 4.0 ], [ -54.0, 4.0 ], [ -54.0, 0.0 ], [ -48.0, 0.0 ] ] ] } },
{ "type": "Feature", "properties": { "nome_folha": "U23" }, "geometry": { "type": "Polygon", "coordinates": [ [ [ -42.0, 0.0 ], [ -42.0, 4.0 ], [ -48.0, 4.0 ], [ -48.0, 0.0 ], [ -42.0, 0.0 ] ] ] } },
{ "type": "Feature", "properties": { "nome_folha": "U24" }, "geometry": { "type": "Polygon", "coordinates": [ [ [ -36.0, 0.0 ], [ -36.0, 4.0 ], [ -42.0, 4.0 ], [ -42.0, 0.0 ], [ -36.0, 0.0 ] ] ] } },
{ "type": "Feature", "properties": { "nome_folha": "U25" }, "geometry": { "type": "Polygon", "coordinates": [ [ [ -30.0, 0.0 ], [ -30.0, 4.0 ], [ -36.0, 4.0 ], [ -36.0, 0.0 ], [ -30.0, 0.0 ] ] ] } },
{ "type": "Feature", "properties": { "nome_folha": "U26" }, "geometry": { "type": "Polygon", "coordinates": [ [ [ -24.0, 0.0 ], [ -24.0, 4.0 ], [ -30.0, 4.0 ], [ -30.0, 0.0 ], [ -24.0, 0.0 ] ] ] } },
{ "type": "Feature", "properties": { "nome_folha": "U27" }, "geometry": { "type": "Polygon", "coordinates": [ [ [ -18.0, 0.0 ], [ -18.0, 4.0 ], [ -24.0, 4.0 ], [ -24.0, 0.0 ], [ -18.0, 0.0 ] ] ] } },
{ "type": "Feature", "properties": { "nome_folha": "U28" }, "geometry": { "type": "Polygon", "coordinates": [ [ [ -12.0, 0.0 ], [ -12.0, 4.0 ], [ -18.0, 4.0 ], [ -18.0, 0.0 ], [ -12.0, 0.0 ] ] ] } },
{ "type": "Feature", "properties": { "nome_folha": "U29" }, "geometry": { "type": "Polygon", "coordinates": [ [ [ -6.0, 0.0 ], [ -6.0, 4.0 ], [ -12.0, 4.0 ], [ -12.0, 0.0 ], [ -6.0, 0.0 ] ] ] } },
{ "type": "Feature", "properties": { "nome_folha": "U30" }, "geometry": { "type": "Polygon", "coordinates": [ [ [ 0.0, 0.0 ], [ 0.0, 4.0 ], [ -6.0, 4.0 ], [ -6.0, 0.0 ], [ 0.0, 0.0 ] ] ] } },
{ "type": "Feature", "properties": { "nome_folha": "U31" }, "geometry": { "type": "Polygon", "coordinates": [ [ [ 6.0, 0.0 ], [ 6.0, 4.0 ], [ 0.0, 4.0 ], [ 0.0, 0.0 ], [ 6.0, 0.0 ] ] ] } },
{ "type": "Feature", "properties": { "nome_folha": "U32" }, "geometry": { "type": "Polygon", "coordinates": [ [ [ 12.0, 0.0 ], [ 12.0, 4.0 ], [ 6.0, 4.0 ], [ 6.0, 0.0 ], [ 12.0, 0.0 ] ] ] } },
{ "type": "Feature", "properties": { "nome_folha": "U33" }, "geometry": { "type": "Polygon", "coordinates": [ [ [ 18.0, 0.0 ], [ 18.0, 4.0 ], [ 12.0, 4.0 ], [ 12.0, 0.0 ], [ 18.0, 0.0 ] ] ] } },
{ "type": "Feature", "properties": { "nome_folha": "U34" }, "geometry": { "type": "Polygon", "coordinates": [ [ [ 24.0, 0.0 ], [ 24.0, 4.0 ], [ 18.0, 4.0 ], [ 18.0, 0.0 ], [ 24.0, 0.0 ] ] ] } },
{ "type": "Feature", "properties": { "nome_folha": "U35" }, "geometry": { "type": "Polygon", "coordinates": [ [ [ 30.0, 0.0 ], [ 30.0, 4.0 ], [ 24.0, 4.0 ], [ 24.0, 0.0 ], [ 30.0, 0.0 ] ] ] } },
{ "type": "Feature", "properties": { "nome_folha": "U36" }, "geometry": { "type": "Polygon", "coordinates": [ [ [ 36.0, 0.0 ], [ 36.0, 4.0 ], [ 30.0, 4.0 ], [ 30.0, 0.0 ], [ 36.0, 0.0 ] ] ] } },
{ "type": "Feature", "properties": { "nome_folha": "U37" }, "geometry": { "type": "Polygon", "coordinates": [ [ [ 42.0, 0.0 ], [ 42.0, 4.0 ], [ 36.0, 4.0 ], [ 36.0, 0.0 ], [ 42.0, 0.0 ] ] ] } },
{ "type": "Feature", "properties": { "nome_folha": "U38" }, "geometry": { "type": "Polygon", "coordinates": [ [ [ 48.0, 0.0 ], [ 48.0, 4.0 ], [ 42.0, 4.0 ], [ 42.0, 0.0 ], [ 48.0, 0.0 ] ] ] } },
{ "type": "Feature", "properties": { "nome_folha": "U39" }, "geometry": { "type": "Polygon", "coordinates": [ [ [ 54.0, 0.0 ], [ 54.0, 4.0 ], [ 48.0, 4.0 ], [ 48.0, 0.0 ], [ 54.0, 0.0 ] ] ] } },
{ "type": "Feature", "properties": { "nome_folha": "U40" }, "geometry": { "type": "Polygon", "coordinates": [ [ [ 60.0, 0.0 ], [ 60.0, 4.0 ], [ 54.0, 4.0 ], [ 54.0, 0.0 ], [ 60.0, 0.0 ] ] ] } },
{ "type": "Feature", "properties": { "nome_folha": "U41" }, "geometry": { "type": "Polygon", "coordinates": [ [ [ 66.0, 0.0 ], [ 66.0, 4.0 ], [ 60.0, 4.0 ], [ 60.0, 0.0 ], [ 66.0, 0.0 ] ] ] } },
{ "type": "Feature", "properties": { "nome_folha": "U42" }, "geometry": { "type": "Polygon", "coordinates": [ [ [ 72.0, 0.0 ], [ 72.0, 4.0 ], [ 66.0, 4.0 ], [ 66.0, 0.0 ], [ 72.0, 0.0 ] ] ] } },
{ "type": "Feature", "properties": { "nome_folha": "U43" }, "geometry": { "type": "Polygon", "coordinates": [ [ [ 78.0, 0.0 ], [ 78.0, 4.0 ], [ 72.0, 4.0 ], [ 72.0, 0.0 ], [ 78.0, 0.0 ] ] ] } },
{ "type": "Feature", "properties": { "nome_folha": "U44" }, "geometry": { "type": "Polygon", "coordinates": [ [ [ 84.0, 0.0 ], [ 84.0, 4.0 ], [ 78.0, 4.0 ], [ 78.0, 0.0 ], [ 84.0, 0.0 ] ] ] } },
{ "type": "Feature", "properties": { "nome_folha": "U45" }, "geometry": { "type": "Polygon", "coordinates": [ [ [ 90.0, 0.0 ], [ 90.0, 4.0 ], [ 84.0, 4.0 ], [ 84.0, 0.0 ], [ 90.0, 0.0 ] ] ] } },
{ "type": "Feature", "properties": { "nome_folha": "U46" }, "geometry": { "type": "Polygon", "coordinates": [ [ [ 96.0, 0.0 ], [ 96.0, 4.0 ], [ 90.0, 4.0 ], [ 90.0, 0.0 ], [ 96.0, 0.0 ] ] ] } },
{ "type": "Feature", "properties": { "nome_folha": "U47" }, "geometry": { "type": "Polygon", "coordinates": [ [ [ 102.0, 0.0 ], [ 102.0, 4.0 ], [ 96.0, 4.0 ], [ 96.0, 0.0 ], [ 102.0, 0.0 ] ] ] } },
{ "type": "Feature", "properties": { "nome_folha": "U48" }, "geometry": { "type": "Polygon", "coordinates": [ [ [ 108.0, 0.0 ], [ 108.0, 4.0 ], [ 102.0, 4.0 ], [ 102.0, 0.0 ], [ 108.0, 0.0 ] ] ] } },
{ "type": "Feature", "properties": { "nome_folha": "U49" }, "geometry": { "type": "Polygon", "coordinates": [ [ [ 114.0, 0.0 ], [ 114.0, 4.0 ], [ 108.0, 4.0 ], [ 108.0, 0.0 ], [ 114.0, 0.0 ] ] ] } },
{ "type": "Feature", "properties": { "nome_folha": "U50" }, "geometry": { "type": "Polygon", "coordinates": [ [ [ 120.0, 0.0 ], [ 120.0, 4.0 ], [ 114.0, 4.0 ], [ 114.0, 0.0 ], [ 120.0, 0.0 ] ] ] } },
{ "type": "Feature", "properties": { "nome_folha": "U51" }, "geometry": { "type": "Polygon", "coordinates": [ [ [ 126.0, 0.0 ], [ 126.0, 4.0 ], [ 120.0, 4.0 ], [ 120.0, 0.0 ], [ 126.0, 0.0 ] ] ] } },
{ "type": "Feature", "properties": { "nome_folha": "U52" }, "geometry": { "type": "Polygon", "coordinates": [ [ [ 132.0, 0.0 ], [ 132.0, 4.0 ], [ 126.0, 4.0 ], [ 126.0, 0.0 ], [ 132.0, 0.0 ] ] ] } },
{ "type": "Feature", "properties": { "nome_folha": "U53" }, "geometry": { "type": "Polygon", "coordinates": [ [ [ 138.0, 0.0 ], [ 138.0, 4.0 ], [ 132.0, 4.0 ], [ 132.0, 0.0 ], [ 138.0, 0.0 ] ] ] } },
{ "type": "Feature", "properties": { "nome_folha": "U54" }, "geometry": { "type": "Polygon", "coordinates": [ [ [ 144.0, 0.0 ], [ 144.0, 4.0 ], [ 138.0, 4.0 ], [ 138.0, 0.0 ], [ 144.0, 0.0 ] ] ] } },
{ "type": "Feature", "properties": { "nome_folha": "U55" }, "geometry": { "type": "Polygon", "coordinates": [ [ [ 150.0, 0.0 ], [ 150.0, 4.0 ], [ 144.0, 4.0 ], [ 144.0, 0.0 ], [ 150.0, 0.0 ] ] ] } },
{ "type": "Feature", "properties": { "nome_folha": "U56" }, "geometry": { "type": "Polygon", "coordinates": [ [ [ 156.0, 0.0 ], [ 156.0, 4.0 ], [ 150.0, 4.0 ], [ 150.0, 0.0 ], [ 156.0, 0.0 ] ] ] } },
{ "type": "Feature", "properties": { "nome_folha": "U57" }, "geometry": { "type": "Polygon", "coordinates": [ [ [ 162.0, 0.0 ], [ 162.0, 4.0 ], [ 156.0, 4.0 ], [ 156.0, 0.0 ], [ 162.0, 0.0 ] ] ] } },
{ "type": "Feature", "properties": { "nome_folha": "U58" }, "geometry": { "type": "Polygon", "coordinates": [ [ [ 168.0, 0.0 ], [ 168.0, 4.0 ], [ 162.0, 4.0 ], [ 162.0, 0.0 ], [ 168.0, 0.0 ] ] ] } },
{ "type": "Feature", "properties": { "nome_folha": "U59" }, "geometry": { "type": "Polygon", "coordinates": [ [ [ 174.0, 0.0 ], [ 174.0, 4.0 ], [ 168.0, 4.0 ], [ 168.0, 0.0 ], [ 174.0, 0.0 ] ] ] } },
{ "type": "Feature", "properties": { "nome_folha": "U60" }, "geometry": { "type": "Polygon", "coordinates": [ [ [ 180.0, 0.0 ], [ 180.0, 4.0 ], [ 174.0, 4.0 ], [ 174.0, 0.0 ], [ 180.0, 0.0 ] ] ] } },
{ "type": "Feature", "properties": { "nome_folha": "T01" }, "geometry": { "type": "Polygon", "coordinates": [ [ [ -174.0, 4.0 ], [ -174.0, 8.0 ], [ -180.0, 8.0 ], [ -180.0, 4.0 ], [ -174.0, 4.0 ] ] ] } },
{ "type": "Feature", "properties": { "nome_folha": "T02" }, "geometry": { "type": "Polygon", "coordinates": [ [ [ -168.0, 4.0 ], [ -168.0, 8.0 ], [ -174.0, 8.0 ], [ -174.0, 4.0 ], [ -168.0, 4.0 ] ] ] } },
{ "type": "Feature", "properties": { "nome_folha": "T03" }, "geometry": { "type": "Polygon", "coordinates": [ [ [ -162.0, 4.0 ], [ -162.0, 8.0 ], [ -168.0, 8.0 ], [ -168.0, 4.0 ], [ -162.0, 4.0 ] ] ] } },
{ "type": "Feature", "properties": { "nome_folha": "T04" }, "geometry": { "type": "Polygon", "coordinates": [ [ [ -156.0, 4.0 ], [ -156.0, 8.0 ], [ -162.0, 8.0 ], [ -162.0, 4.0 ], [ -156.0, 4.0 ] ] ] } },
{ "type": "Feature", "properties": { "nome_folha": "T05" }, "geometry": { "type": "Polygon", "coordinates": [ [ [ -150.0, 4.0 ], [ -150.0, 8.0 ], [ -156.0, 8.0 ], [ -156.0, 4.0 ], [ -150.0, 4.0 ] ] ] } },
{ "type": "Feature", "properties": { "nome_folha": "T06" }, "geometry": { "type": "Polygon", "coordinates": [ [ [ -144.0, 4.0 ], [ -144.0, 8.0 ], [ -150.0, 8.0 ], [ -150.0, 4.0 ], [ -144.0, 4.0 ] ] ] } },
{ "type": "Feature", "properties": { "nome_folha": "T07" }, "geometry": { "type": "Polygon", "coordinates": [ [ [ -138.0, 4.0 ], [ -138.0, 8.0 ], [ -144.0, 8.0 ], [ -144.0, 4.0 ], [ -138.0, 4.0 ] ] ] } },
{ "type": "Feature", "properties": { "nome_folha": "T08" }, "geometry": { "type": "Polygon", "coordinates": [ [ [ -132.0, 4.0 ], [ -132.0, 8.0 ], [ -138.0, 8.0 ], [ -138.0, 4.0 ], [ -132.0, 4.0 ] ] ] } },
{ "type": "Feature", "properties": { "nome_folha": "T09" }, "geometry": { "type": "Polygon", "coordinates": [ [ [ -126.0, 4.0 ], [ -126.0, 8.0 ], [ -132.0, 8.0 ], [ -132.0, 4.0 ], [ -126.0, 4.0 ] ] ] } },
{ "type": "Feature", "properties": { "nome_folha": "T10" }, "geometry": { "type": "Polygon", "coordinates": [ [ [ -120.0, 4.0 ], [ -120.0, 8.0 ], [ -126.0, 8.0 ], [ -126.0, 4.0 ], [ -120.0, 4.0 ] ] ] } },
{ "type": "Feature", "properties": { "nome_folha": "T11" }, "geometry": { "type": "Polygon", "coordinates": [ [ [ -114.0, 4.0 ], [ -114.0, 8.0 ], [ -120.0, 8.0 ], [ -120.0, 4.0 ], [ -114.0, 4.0 ] ] ] } },
{ "type": "Feature", "properties": { "nome_folha": "T12" }, "geometry": { "type": "Polygon", "coordinates": [ [ [ -108.0, 4.0 ], [ -108.0, 8.0 ], [ -114.0, 8.0 ], [ -114.0, 4.0 ], [ -108.0, 4.0 ] ] ] } },
{ "type": "Feature", "properties": { "nome_folha": "T13" }, "geometry": { "type": "Polygon", "coordinates": [ [ [ -102.0, 4.0 ], [ -102.0, 8.0 ], [ -108.0, 8.0 ], [ -108.0, 4.0 ], [ -102.0, 4.0 ] ] ] } },
{ "type": "Feature", "properties": { "nome_folha": "T14" }, "geometry": { "type": "Polygon", "coordinates": [ [ [ -96.0, 4.0 ], [ -96.0, 8.0 ], [ -102.0, 8.0 ], [ -102.0, 4.0 ], [ -96.0, 4.0 ] ] ] } },
{ "type": "Feature", "properties": { "nome_folha": "T15" }, "geometry": { "type": "Polygon", "coordinates": [ [ [ -90.0, 4.0 ], [ -90.0, 8.0 ], [ -96.0, 8.0 ], [ -96.0, 4.0 ], [ -90.0, 4.0 ] ] ] } },
{ "type": "Feature", "properties": { "nome_folha": "T16" }, "geometry": { "type": "Polygon", "coordinates": [ [ [ -84.0, 4.0 ], [ -84.0, 8.0 ], [ -90.0, 8.0 ], [ -90.0, 4.0 ], [ -84.0, 4.0 ] ] ] } },
{ "type": "Feature", "properties": { "nome_folha": "T17" }, "geometry": { "type": "Polygon", "coordinates": [ [ [ -78.0, 4.0 ], [ -78.0, 8.0 ], [ -84.0, 8.0 ], [ -84.0, 4.0 ], [ -78.0, 4.0 ] ] ] } },
{ "type": "Feature", "properties": { "nome_folha": "T18" }, "geometry": { "type": "Polygon", "coordinates": [ [ [ -72.0, 4.0 ], [ -72.0, 8.0 ], [ -78.0, 8.0 ], [ -78.0, 4.0 ], [ -72.0, 4.0 ] ] ] } },
{ "type": "Feature", "properties": { "nome_folha": "T19" }, "geometry": { "type": "Polygon", "coordinates": [ [ [ -66.0, 4.0 ], [ -66.0, 8.0 ], [ -72.0, 8.0 ], [ -72.0, 4.0 ], [ -66.0, 4.0 ] ] ] } },
{ "type": "Feature", "properties": { "nome_folha": "T20" }, "geometry": { "type": "Polygon", "coordinates": [ [ [ -60.0, 4.0 ], [ -60.0, 8.0 ], [ -66.0, 8.0 ], [ -66.0, 4.0 ], [ -60.0, 4.0 ] ] ] } },
{ "type": "Feature", "properties": { "nome_folha": "T21" }, "geometry": { "type": "Polygon", "coordinates": [ [ [ -54.0, 4.0 ], [ -54.0, 8.0 ], [ -60.0, 8.0 ], [ -60.0, 4.0 ], [ -54.0, 4.0 ] ] ] } },
{ "type": "Feature", "properties": { "nome_folha": "T22" }, "geometry": { "type": "Polygon", "coordinates": [ [ [ -48.0, 4.0 ], [ -48.0, 8.0 ], [ -54.0, 8.0 ], [ -54.0, 4.0 ], [ -48.0, 4.0 ] ] ] } },
{ "type": "Feature", "properties": { "nome_folha": "T23" }, "geometry": { "type": "Polygon", "coordinates": [ [ [ -42.0, 4.0 ], [ -42.0, 8.0 ], [ -48.0, 8.0 ], [ -48.0, 4.0 ], [ -42.0, 4.0 ] ] ] } },
{ "type": "Feature", "properties": { "nome_folha": "T24" }, "geometry": { "type": "Polygon", "coordinates": [ [ [ -36.0, 4.0 ], [ -36.0, 8.0 ], [ -42.0, 8.0 ], [ -42.0, 4.0 ], [ -36.0, 4.0 ] ] ] } },
{ "type": "Feature", "properties": { "nome_folha": "T25" }, "geometry": { "type": "Polygon", "coordinates": [ [ [ -30.0, 4.0 ], [ -30.0, 8.0 ], [ -36.0, 8.0 ], [ -36.0, 4.0 ], [ -30.0, 4.0 ] ] ] } },
{ "type": "Feature", "properties": { "nome_folha": "T26" }, "geometry": { "type": "Polygon", "coordinates": [ [ [ -24.0, 4.0 ], [ -24.0, 8.0 ], [ -30.0, 8.0 ], [ -30.0, 4.0 ], [ -24.0, 4.0 ] ] ] } },
{ "type": "Feature", "properties": { "nome_folha": "T27" }, "geometry": { "type": "Polygon", "coordinates": [ [ [ -18.0, 4.0 ], [ -18.0, 8.0 ], [ -24.0, 8.0 ], [ -24.0, 4.0 ], [ -18.0, 4.0 ] ] ] } },
{ "type": "Feature", "properties": { "nome_folha": "T28" }, "geometry": { "type": "Polygon", "coordinates": [ [ [ -12.0, 4.0 ], [ -12.0, 8.0 ], [ -18.0, 8.0 ], [ -18.0, 4.0 ], [ -12.0, 4.0 ] ] ] } },
{ "type": "Feature", "properties": { "nome_folha": "T29" }, "geometry": { "type": "Polygon", "coordinates": [ [ [ -6.0, 4.0 ], [ -6.0, 8.0 ], [ -12.0, 8.0 ], [ -12.0, 4.0 ], [ -6.0, 4.0 ] ] ] } },
{ "type": "Feature", "properties": { "nome_folha": "T30" }, "geometry": { "type": "Polygon", "coordinates": [ [ [ 0.0, 4.0 ], [ 0.0, 8.0 ], [ -6.0, 8.0 ], [ -6.0, 4.0 ], [ 0.0, 4.0 ] ] ] } },
{ "type": "Feature", "properties": { "nome_folha": "T31" }, "geometry": { "type": "Polygon", "coordinates": [ [ [ 6.0, 4.0 ], [ 6.0, 8.0 ], [ 0.0, 8.0 ], [ 0.0, 4.0 ], [ 6.0, 4.0 ] ] ] } },
{ "type": "Feature", "properties": { "nome_folha": "T32" }, "geometry": { "type": "Polygon", "coordinates": [ [ [ 12.0, 4.0 ], [ 12.0, 8.0 ], [ 6.0, 8.0 ], [ 6.0, 4.0 ], [ 12.0, 4.0 ] ] ] } },
{ "type": "Feature", "properties": { "nome_folha": "T33" }, "geometry": { "type": "Polygon", "coordinates": [ [ [ 18.0, 4.0 ], [ 18.0, 8.0 ], [ 12.0, 8.0 ], [ 12.0, 4.0 ], [ 18.0, 4.0 ] ] ] } },
{ "type": "Feature", "properties": { "nome_folha": "T34" }, "geometry": { "type": "Polygon", "coordinates": [ [ [ 24.0, 4.0 ], [ 24.0, 8.0 ], [ 18.0, 8.0 ], [ 18.0, 4.0 ], [ 24.0, 4.0 ] ] ] } },
{ "type": "Feature", "properties": { "nome_folha": "T35" }, "geometry": { "type": "Polygon", "coordinates": [ [ [ 30.0, 4.0 ], [ 30.0, 8.0 ], [ 24.0, 8.0 ], [ 24.0, 4.0 ], [ 30.0, 4.0 ] ] ] } },
{ "type": "Feature", "properties": { "nome_folha": "T36" }, "geometry": { "type": "Polygon", "coordinates": [ [ [ 36.0, 4.0 ], [ 36.0, 8.0 ], [ 30.0, 8.0 ], [ 30.0, 4.0 ], [ 36.0, 4.0 ] ] ] } },
{ "type": "Feature", "properties": { "nome_folha": "T37" }, "geometry": { "type": "Polygon", "coordinates": [ [ [ 42.0, 4.0 ], [ 42.0, 8.0 ], [ 36.0, 8.0 ], [ 36.0, 4.0 ], [ 42.0, 4.0 ] ] ] } },
{ "type": "Feature", "properties": { "nome_folha": "T38" }, "geometry": { "type": "Polygon", "coordinates": [ [ [ 48.0, 4.0 ], [ 48.0, 8.0 ], [ 42.0, 8.0 ], [ 42.0, 4.0 ], [ 48.0, 4.0 ] ] ] } },
{ "type": "Feature", "properties": { "nome_folha": "T39" }, "geometry": { "type": "Polygon", "coordinates": [ [ [ 54.0, 4.0 ], [ 54.0, 8.0 ], [ 48.0, 8.0 ], [ 48.0, 4.0 ], [ 54.0, 4.0 ] ] ] } },
{ "type": "Feature", "properties": { "nome_folha": "T40" }, "geometry": { "type": "Polygon", "coordinates": [ [ [ 60.0, 4.0 ], [ 60.0, 8.0 ], [ 54.0, 8.0 ], [ 54.0, 4.0 ], [ 60.0, 4.0 ] ] ] } },
{ "type": "Feature", "properties": { "nome_folha": "T41" }, "geometry": { "type": "Polygon", "coordinates": [ [ [ 66.0, 4.0 ], [ 66.0, 8.0 ], [ 60.0, 8.0 ], [ 60.0, 4.0 ], [ 66.0, 4.0 ] ] ] } },
{ "type": "Feature", "properties": { "nome_folha": "T42" }, "geometry": { "type": "Polygon", "coordinates": [ [ [ 72.0, 4.0 ], [ 72.0, 8.0 ], [ 66.0, 8.0 ], [ 66.0, 4.0 ], [ 72.0, 4.0 ] ] ] } },
{ "type": "Feature", "properties": { "nome_folha": "T43" }, "geometry": { "type": "Polygon", "coordinates": [ [ [ 78.0, 4.0 ], [ 78.0, 8.0 ], [ 72.0, 8.0 ], [ 72.0, 4.0 ], [ 78.0, 4.0 ] ] ] } },
{ "type": "Feature", "properties": { "nome_folha": "T44" }, "geometry": { "type": "Polygon", "coordinates": [ [ [ 84.0, 4.0 ], [ 84.0, 8.0 ], [ 78.0, 8.0 ], [ 78.0, 4.0 ], [ 84.0, 4.0 ] ] ] } },
{ "type": "Feature", "properties": { "nome_folha": "T45" }, "geometry": { "type": "Polygon", "coordinates": [ [ [ 90.0, 4.0 ], [ 90.0, 8.0 ], [ 84.0, 8.0 ], [ 84.0, 4.0 ], [ 90.0, 4.0 ] ] ] } },
{ "type": "Feature", "properties": { "nome_folha": "T46" }, "geometry": { "type": "Polygon", "coordinates": [ [ [ 96.0, 4.0 ], [ 96.0, 8.0 ], [ 90.0, 8.0 ], [ 90.0, 4.0 ], [ 96.0, 4.0 ] ] ] } },
{ "type": "Feature", "properties": { "nome_folha": "T47" }, "geometry": { "type": "Polygon", "coordinates": [ [ [ 102.0, 4.0 ], [ 102.0, 8.0 ], [ 96.0, 8.0 ], [ 96.0, 4.0 ], [ 102.0, 4.0 ] ] ] } },
{ "type": "Feature", "properties": { "nome_folha": "T48" }, "geometry": { "type": "Polygon", "coordinates": [ [ [ 108.0, 4.0 ], [ 108.0, 8.0 ], [ 102.0, 8.0 ], [ 102.0, 4.0 ], [ 108.0, 4.0 ] ] ] } },
{ "type": "Feature", "properties": { "nome_folha": "T49" }, "geometry": { "type": "Polygon", "coordinates": [ [ [ 114.0, 4.0 ], [ 114.0, 8.0 ], [ 108.0, 8.0 ], [ 108.0, 4.0 ], [ 114.0, 4.0 ] ] ] } },
{ "type": "Feature", "properties": { "nome_folha": "T50" }, "geometry": { "type": "Polygon", "coordinates": [ [ [ 120.0, 4.0 ], [ 120.0, 8.0 ], [ 114.0, 8.0 ], [ 114.0, 4.0 ], [ 120.0, 4.0 ] ] ] } },
{ "type": "Feature", "properties": { "nome_folha": "T51" }, "geometry": { "type": "Polygon", "coordinates": [ [ [ 126.0, 4.0 ], [ 126.0, 8.0 ], [ 120.0, 8.0 ], [ 120.0, 4.0 ], [ 126.0, 4.0 ] ] ] } },
{ "type": "Feature", "properties": { "nome_folha": "T52" }, "geometry": { "type": "Polygon", "coordinates": [ [ [ 132.0, 4.0 ], [ 132.0, 8.0 ], [ 126.0, 8.0 ], [ 126.0, 4.0 ], [ 132.0, 4.0 ] ] ] } },
{ "type": "Feature", "properties": { "nome_folha": "T53" }, "geometry": { "type": "Polygon", "coordinates": [ [ [ 138.0, 4.0 ], [ 138.0, 8.0 ], [ 132.0, 8.0 ], [ 132.0, 4.0 ], [ 138.0, 4.0 ] ] ] } },
{ "type": "Feature", "properties": { "nome_folha": "T54" }, "geometry": { "type": "Polygon", "coordinates": [ [ [ 144.0, 4.0 ], [ 144.0, 8.0 ], [ 138.0, 8.0 ], [ 138.0, 4.0 ], [ 144.0, 4.0 ] ] ] } },
{ "type": "Feature", "properties": { "nome_folha": "T55" }, "geometry": { "type": "Polygon", "coordinates": [ [ [ 150.0, 4.0 ], [ 150.0, 8.0 ], [ 144.0, 8.0 ], [ 144.0, 4.0 ], [ 150.0, 4.0 ] ] ] } },
{ "type": "Feature", "properties": { "nome_folha": "T56" }, "geometry": { "type": "Polygon", "coordinates": [ [ [ 156.0, 4.0 ], [ 156.0, 8.0 ], [ 150.0, 8.0 ], [ 150.0, 4.0 ], [ 156.0, 4.0 ] ] ] } },
{ "type": "Feature", "properties": { "nome_folha": "T57" }, "geometry": { "type": "Polygon", "coordinates": [ [ [ 162.0, 4.0 ], [ 162.0, 8.0 ], [ 156.0, 8.0 ], [ 156.0, 4.0 ], [ 162.0, 4.0 ] ] ] } },
{ "type": "Feature", "properties": { "nome_folha": "T58" }, "geometry": { "type": "Polygon", "coordinates": [ [ [ 168.0, 4.0 ], [ 168.0, 8.0 ], [ 162.0, 8.0 ], [ 162.0, 4.0 ], [ 168.0, 4.0 ] ] ] } },
{ "type": "Feature", "properties": { "nome_folha": "T59" }, "geometry": { "type": "Polygon", "coordinates": [ [ [ 174.0, 4.0 ], [ 174.0, 8.0 ], [ 168.0, 8.0 ], [ 168.0, 4.0 ], [ 174.0, 4.0 ] ] ] } },
{ "type": "Feature", "properties": { "nome_folha": "T60" }, "geometry": { "type": "Polygon", "coordinates": [ [ [ 180.0, 4.0 ], [ 180.0, 8.0 ], [ 174.0, 8.0 ], [ 174.0, 4.0 ], [ 180.0, 4.0 ] ] ] } },
{ "type": "Feature", "properties": { "nome_folha": "S01" }, "geometry": { "type": "Polygon", "coordinates": [ [ [ -174.0, 8.0 ], [ -174.0, 12.0 ], [ -180.0, 12.0 ], [ -180.0, 8.0 ], [ -174.0, 8.0 ] ] ] } },
{ "type": "Feature", "properties": { "nome_folha": "S02" }, "geometry": { "type": "Polygon", "coordinates": [ [ [ -168.0, 8.0 ], [ -168.0, 12.0 ], [ -174.0, 12.0 ], [ -174.0, 8.0 ], [ -168.0, 8.0 ] ] ] } },
{ "type": "Feature", "properties": { "nome_folha": "S03" }, "geometry": { "type": "Polygon", "coordinates": [ [ [ -162.0, 8.0 ], [ -162.0, 12.0 ], [ -168.0, 12.0 ], [ -168.0, 8.0 ], [ -162.0, 8.0 ] ] ] } },
{ "type": "Feature", "properties": { "nome_folha": "S04" }, "geometry": { "type": "Polygon", "coordinates": [ [ [ -156.0, 8.0 ], [ -156.0, 12.0 ], [ -162.0, 12.0 ], [ -162.0, 8.0 ], [ -156.0, 8.0 ] ] ] } },
{ "type": "Feature", "properties": { "nome_folha": "S05" }, "geometry": { "type": "Polygon", "coordinates": [ [ [ -150.0, 8.0 ], [ -150.0, 12.0 ], [ -156.0, 12.0 ], [ -156.0, 8.0 ], [ -150.0, 8.0 ] ] ] } },
{ "type": "Feature", "properties": { "nome_folha": "S06" }, "geometry": { "type": "Polygon", "coordinates": [ [ [ -144.0, 8.0 ], [ -144.0, 12.0 ], [ -150.0, 12.0 ], [ -150.0, 8.0 ], [ -144.0, 8.0 ] ] ] } },
{ "type": "Feature", "properties": { "nome_folha": "S07" }, "geometry": { "type": "Polygon", "coordinates": [ [ [ -138.0, 8.0 ], [ -138.0, 12.0 ], [ -144.0, 12.0 ], [ -144.0, 8.0 ], [ -138.0, 8.0 ] ] ] } },
{ "type": "Feature", "properties": { "nome_folha": "S08" }, "geometry": { "type": "Polygon", "coordinates": [ [ [ -132.0, 8.0 ], [ -132.0, 12.0 ], [ -138.0, 12.0 ], [ -138.0, 8.0 ], [ -132.0, 8.0 ] ] ] } },
{ "type": "Feature", "properties": { "nome_folha": "S09" }, "geometry": { "type": "Polygon", "coordinates": [ [ [ -126.0, 8.0 ], [ -126.0, 12.0 ], [ -132.0, 12.0 ], [ -132.0, 8.0 ], [ -126.0, 8.0 ] ] ] } },
{ "type": "Feature", "properties": { "nome_folha": "S10" }, "geometry": { "type": "Polygon", "coordinates": [ [ [ -120.0, 8.0 ], [ -120.0, 12.0 ], [ -126.0, 12.0 ], [ -126.0, 8.0 ], [ -120.0, 8.0 ] ] ] } },
{ "type": "Feature", "properties": { "nome_folha": "S11" }, "geometry": { "type": "Polygon", "coordinates": [ [ [ -114.0, 8.0 ], [ -114.0, 12.0 ], [ -120.0, 12.0 ], [ -120.0, 8.0 ], [ -114.0, 8.0 ] ] ] } },
{ "type": "Feature", "properties": { "nome_folha": "S12" }, "geometry": { "type": "Polygon", "coordinates": [ [ [ -108.0, 8.0 ], [ -108.0, 12.0 ], [ -114.0, 12.0 ], [ -114.0, 8.0 ], [ -108.0, 8.0 ] ] ] } },
{ "type": "Feature", "properties": { "nome_folha": "S13" }, "geometry": { "type": "Polygon", "coordinates": [ [ [ -102.0, 8.0 ], [ -102.0, 12.0 ], [ -108.0, 12.0 ], [ -108.0, 8.0 ], [ -102.0, 8.0 ] ] ] } },
{ "type": "Feature", "properties": { "nome_folha": "S14" }, "geometry": { "type": "Polygon", "coordinates": [ [ [ -96.0, 8.0 ], [ -96.0, 12.0 ], [ -102.0, 12.0 ], [ -102.0, 8.0 ], [ -96.0, 8.0 ] ] ] } },
{ "type": "Feature", "properties": { "nome_folha": "S15" }, "geometry": { "type": "Polygon", "coordinates": [ [ [ -90.0, 8.0 ], [ -90.0, 12.0 ], [ -96.0, 12.0 ], [ -96.0, 8.0 ], [ -90.0, 8.0 ] ] ] } },
{ "type": "Feature", "properties": { "nome_folha": "S16" }, "geometry": { "type": "Polygon", "coordinates": [ [ [ -84.0, 8.0 ], [ -84.0, 12.0 ], [ -90.0, 12.0 ], [ -90.0, 8.0 ], [ -84.0, 8.0 ] ] ] } },
{ "type": "Feature", "properties": { "nome_folha": "S17" }, "geometry": { "type": "Polygon", "coordinates": [ [ [ -78.0, 8.0 ], [ -78.0, 12.0 ], [ -84.0, 12.0 ], [ -84.0, 8.0 ], [ -78.0, 8.0 ] ] ] } },
{ "type": "Feature", "properties": { "nome_folha": "S18" }, "geometry": { "type": "Polygon", "coordinates": [ [ [ -72.0, 8.0 ], [ -72.0, 12.0 ], [ -78.0, 12.0 ], [ -78.0, 8.0 ], [ -72.0, 8.0 ] ] ] } },
{ "type": "Feature", "properties": { "nome_folha": "S19" }, "geometry": { "type": "Polygon", "coordinates": [ [ [ -66.0, 8.0 ], [ -66.0, 12.0 ], [ -72.0, 12.0 ], [ -72.0, 8.0 ], [ -66.0, 8.0 ] ] ] } },
{ "type": "Feature", "properties": { "nome_folha": "S20" }, "geometry": { "type": "Polygon", "coordinates": [ [ [ -60.0, 8.0 ], [ -60.0, 12.0 ], [ -66.0, 12.0 ], [ -66.0, 8.0 ], [ -60.0, 8.0 ] ] ] } },
{ "type": "Feature", "properties": { "nome_folha": "S21" }, "geometry": { "type": "Polygon", "coordinates": [ [ [ -54.0, 8.0 ], [ -54.0, 12.0 ], [ -60.0, 12.0 ], [ -60.0, 8.0 ], [ -54.0, 8.0 ] ] ] } },
{ "type": "Feature", "properties": { "nome_folha": "S22" }, "geometry": { "type": "Polygon", "coordinates": [ [ [ -48.0, 8.0 ], [ -48.0, 12.0 ], [ -54.0, 12.0 ], [ -54.0, 8.0 ], [ -48.0, 8.0 ] ] ] } },
{ "type": "Feature", "properties": { "nome_folha": "S23" }, "geometry": { "type": "Polygon", "coordinates": [ [ [ -42.0, 8.0 ], [ -42.0, 12.0 ], [ -48.0, 12.0 ], [ -48.0, 8.0 ], [ -42.0, 8.0 ] ] ] } },
{ "type": "Feature", "properties": { "nome_folha": "S24" }, "geometry": { "type": "Polygon", "coordinates": [ [ [ -36.0, 8.0 ], [ -36.0, 12.0 ], [ -42.0, 12.0 ], [ -42.0, 8.0 ], [ -36.0, 8.0 ] ] ] } },
{ "type": "Feature", "properties": { "nome_folha": "S25" }, "geometry": { "type": "Polygon", "coordinates": [ [ [ -30.0, 8.0 ], [ -30.0, 12.0 ], [ -36.0, 12.0 ], [ -36.0, 8.0 ], [ -30.0, 8.0 ] ] ] } },
{ "type": "Feature", "properties": { "nome_folha": "S26" }, "geometry": { "type": "Polygon", "coordinates": [ [ [ -24.0, 8.0 ], [ -24.0, 12.0 ], [ -30.0, 12.0 ], [ -30.0, 8.0 ], [ -24.0, 8.0 ] ] ] } },
{ "type": "Feature", "properties": { "nome_folha": "S27" }, "geometry": { "type": "Polygon", "coordinates": [ [ [ -18.0, 8.0 ], [ -18.0, 12.0 ], [ -24.0, 12.0 ], [ -24.0, 8.0 ], [ -18.0, 8.0 ] ] ] } },
{ "type": "Feature", "properties": { "nome_folha": "S28" }, "geometry": { "type": "Polygon", "coordinates": [ [ [ -12.0, 8.0 ], [ -12.0, 12.0 ], [ -18.0, 12.0 ], [ -18.0, 8.0 ], [ -12.0, 8.0 ] ] ] } },
{ "type": "Feature", "properties": { "nome_folha": "S29" }, "geometry": { "type": "Polygon", "coordinates": [ [ [ -6.0, 8.0 ], [ -6.0, 12.0 ], [ -12.0, 12.0 ], [ -12.0, 8.0 ], [ -6.0, 8.0 ] ] ] } },
{ "type": "Feature", "properties": { "nome_folha": "S30" }, "geometry": { "type": "Polygon", "coordinates": [ [ [ 0.0, 8.0 ], [ 0.0, 12.0 ], [ -6.0, 12.0 ], [ -6.0, 8.0 ], [ 0.0, 8.0 ] ] ] } },
{ "type": "Feature", "properties": { "nome_folha": "S31" }, "geometry": { "type": "Polygon", "coordinates": [ [ [ 6.0, 8.0 ], [ 6.0, 12.0 ], [ 0.0, 12.0 ], [ 0.0, 8.0 ], [ 6.0, 8.0 ] ] ] } },
{ "type": "Feature", "properties": { "nome_folha": "S32" }, "geometry": { "type": "Polygon", "coordinates": [ [ [ 12.0, 8.0 ], [ 12.0, 12.0 ], [ 6.0, 12.0 ], [ 6.0, 8.0 ], [ 12.0, 8.0 ] ] ] } },
{ "type": "Feature", "properties": { "nome_folha": "S33" }, "geometry": { "type": "Polygon", "coordinates": [ [ [ 18.0, 8.0 ], [ 18.0, 12.0 ], [ 12.0, 12.0 ], [ 12.0, 8.0 ], [ 18.0, 8.0 ] ] ] } },
{ "type": "Feature", "properties": { "nome_folha": "S34" }, "geometry": { "type": "Polygon", "coordinates": [ [ [ 24.0, 8.0 ], [ 24.0, 12.0 ], [ 18.0, 12.0 ], [ 18.0, 8.0 ], [ 24.0, 8.0 ] ] ] } },
{ "type": "Feature", "properties": { "nome_folha": "S35" }, "geometry": { "type": "Polygon", "coordinates": [ [ [ 30.0, 8.0 ], [ 30.0, 12.0 ], [ 24.0, 12.0 ], [ 24.0, 8.0 ], [ 30.0, 8.0 ] ] ] } },
{ "type": "Feature", "properties": { "nome_folha": "S36" }, "geometry": { "type": "Polygon", "coordinates": [ [ [ 36.0, 8.0 ], [ 36.0, 12.0 ], [ 30.0, 12.0 ], [ 30.0, 8.0 ], [ 36.0, 8.0 ] ] ] } },
{ "type": "Feature", "properties": { "nome_folha": "S37" }, "geometry": { "type": "Polygon", "coordinates": [ [ [ 42.0, 8.0 ], [ 42.0, 12.0 ], [ 36.0, 12.0 ], [ 36.0, 8.0 ], [ 42.0, 8.0 ] ] ] } },
{ "type": "Feature", "properties": { "nome_folha": "S38" }, "geometry": { "type": "Polygon", "coordinates": [ [ [ 48.0, 8.0 ], [ 48.0, 12.0 ], [ 42.0, 12.0 ], [ 42.0, 8.0 ], [ 48.0, 8.0 ] ] ] } },
{ "type": "Feature", "properties": { "nome_folha": "S39" }, "geometry": { "type": "Polygon", "coordinates": [ [ [ 54.0, 8.0 ], [ 54.0, 12.0 ], [ 48.0, 12.0 ], [ 48.0, 8.0 ], [ 54.0, 8.0 ] ] ] } },
{ "type": "Feature", "properties": { "nome_folha": "S40" }, "geometry": { "type": "Polygon", "coordinates": [ [ [ 60.0, 8.0 ], [ 60.0, 12.0 ], [ 54.0, 12.0 ], [ 54.0, 8.0 ], [ 60.0, 8.0 ] ] ] } },
{ "type": "Feature", "properties": { "nome_folha": "S41" }, "geometry": { "type": "Polygon", "coordinates": [ [ [ 66.0, 8.0 ], [ 66.0, 12.0 ], [ 60.0, 12.0 ], [ 60.0, 8.0 ], [ 66.0, 8.0 ] ] ] } },
{ "type": "Feature", "properties": { "nome_folha": "S42" }, "geometry": { "type": "Polygon", "coordinates": [ [ [ 72.0, 8.0 ], [ 72.0, 12.0 ], [ 66.0, 12.0 ], [ 66.0, 8.0 ], [ 72.0, 8.0 ] ] ] } },
{ "type": "Feature", "properties": { "nome_folha": "S43" }, "geometry": { "type": "Polygon", "coordinates": [ [ [ 78.0, 8.0 ], [ 78.0, 12.0 ], [ 72.0, 12.0 ], [ 72.0, 8.0 ], [ 78.0, 8.0 ] ] ] } },
{ "type": "Feature", "properties": { "nome_folha": "S44" }, "geometry": { "type": "Polygon", "coordinates": [ [ [ 84.0, 8.0 ], [ 84.0, 12.0 ], [ 78.0, 12.0 ], [ 78.0, 8.0 ], [ 84.0, 8.0 ] ] ] } },
{ "type": "Feature", "properties": { "nome_folha": "S45" }, "geometry": { "type": "Polygon", "coordinates": [ [ [ 90.0, 8.0 ], [ 90.0, 12.0 ], [ 84.0, 12.0 ], [ 84.0, 8.0 ], [ 90.0, 8.0 ] ] ] } },
{ "type": "Feature", "properties": { "nome_folha": "S46" }, "geometry": { "type": "Polygon", "coordinates": [ [ [ 96.0, 8.0 ], [ 96.0, 12.0 ], [ 90.0, 12.0 ], [ 90.0, 8.0 ], [ 96.0, 8.0 ] ] ] } },
{ "type": "Feature", "properties": { "nome_folha": "S47" }, "geometry": { "type": "Polygon", "coordinates": [ [ [ 102.0, 8.0 ], [ 102.0, 12.0 ], [ 96.0, 12.0 ], [ 96.0, 8.0 ], [ 102.0, 8.0 ] ] ] } },
{ "type": "Feature", "properties": { "nome_folha": "S48" }, "geometry": { "type": "Polygon", "coordinates": [ [ [ 108.0, 8.0 ], [ 108.0, 12.0 ], [ 102.0, 12.0 ], [ 102.0, 8.0 ], [ 108.0, 8.0 ] ] ] } },
{ "type": "Feature", "properties": { "nome_folha": "S49" }, "geometry": { "type": "Polygon", "coordinates": [ [ [ 114.0, 8.0 ], [ 114.0, 12.0 ], [ 108.0, 12.0 ], [ 108.0, 8.0 ], [ 114.0, 8.0 ] ] ] } },
{ "type": "Feature", "properties": { "nome_folha": "S50" }, "geometry": { "type": "Polygon", "coordinates": [ [ [ 120.0, 8.0 ], [ 120.0, 12.0 ], [ 114.0, 12.0 ], [ 114.0, 8.0 ], [ 120.0, 8.0 ] ] ] } },
{ "type": "Feature", "properties": { "nome_folha": "S51" }, "geometry": { "type": "Polygon", "coordinates": [ [ [ 126.0, 8.0 ], [ 126.0, 12.0 ], [ 120.0, 12.0 ], [ 120.0, 8.0 ], [ 126.0, 8.0 ] ] ] } },
{ "type": "Feature", "properties": { "nome_folha": "S52" }, "geometry": { "type": "Polygon", "coordinates": [ [ [ 132.0, 8.0 ], [ 132.0, 12.0 ], [ 126.0, 12.0 ], [ 126.0, 8.0 ], [ 132.0, 8.0 ] ] ] } },
{ "type": "Feature", "properties": { "nome_folha": "S53" }, "geometry": { "type": "Polygon", "coordinates": [ [ [ 138.0, 8.0 ], [ 138.0, 12.0 ], [ 132.0, 12.0 ], [ 132.0, 8.0 ], [ 138.0, 8.0 ] ] ] } },
{ "type": "Feature", "properties": { "nome_folha": "S54" }, "geometry": { "type": "Polygon", "coordinates": [ [ [ 144.0, 8.0 ], [ 144.0, 12.0 ], [ 138.0, 12.0 ], [ 138.0, 8.0 ], [ 144.0, 8.0 ] ] ] } },
{ "type": "Feature", "properties": { "nome_folha": "S55" }, "geometry": { "type": "Polygon", "coordinates": [ [ [ 150.0, 8.0 ], [ 150.0, 12.0 ], [ 144.0, 12.0 ], [ 144.0, 8.0 ], [ 150.0, 8.0 ] ] ] } },
{ "type": "Feature", "properties": { "nome_folha": "S56" }, "geometry": { "type": "Polygon", "coordinates": [ [ [ 156.0, 8.0 ], [ 156.0, 12.0 ], [ 150.0, 12.0 ], [ 150.0, 8.0 ], [ 156.0, 8.0 ] ] ] } },
{ "type": "Feature", "properties": { "nome_folha": "S57" }, "geometry": { "type": "Polygon", "coordinates": [ [ [ 162.0, 8.0 ], [ 162.0, 12.0 ], [ 156.0, 12.0 ], [ 156.0, 8.0 ], [ 162.0, 8.0 ] ] ] } },
{ "type": "Feature", "properties": { "nome_folha": "S58" }, "geometry": { "type": "Polygon", "coordinates": [ [ [ 168.0, 8.0 ], [ 168.0, 12.0 ], [ 162.0, 12.0 ], [ 162.0, 8.0 ], [ 168.0, 8.0 ] ] ] } },
{ "type": "Feature", "properties": { "nome_folha": "S59" }, "geometry": { "type": "Polygon", "coordinates": [ [ [ 174.0, 8.0 ], [ 174.0, 12.0 ], [ 168.0, 12.0 ], [ 168.0, 8.0 ], [ 174.0, 8.0 ] ] ] } },
{ "type": "Feature", "properties": { "nome_folha": "S60" }, "geometry": { "type": "Polygon", "coordinates": [ [ [ 180.0, 8.0 ], [ 180.0, 12.0 ], [ 174.0, 12.0 ], [ 174.0, 8.0 ], [ 180.0, 8.0 ] ] ] } },
{ "type": "Feature", "properties": { "nome_folha": "R01" }, "geometry": { "type": "Polygon", "coordinates": [ [ [ -174.0, 12.0 ], [ -174.0, 16.0 ], [ -180.0, 16.0 ], [ -180.0, 12.0 ], [ -174.0, 12.0 ] ] ] } },
{ "type": "Feature", "properties": { "nome_folha": "R02" }, "geometry": { "type": "Polygon", "coordinates": [ [ [ -168.0, 12.0 ], [ -168.0, 16.0 ], [ -174.0, 16.0 ], [ -174.0, 12.0 ], [ -168.0, 12.0 ] ] ] } },
{ "type": "Feature", "properties": { "nome_folha": "R03" }, "geometry": { "type": "Polygon", "coordinates": [ [ [ -162.0, 12.0 ], [ -162.0, 16.0 ], [ -168.0, 16.0 ], [ -168.0, 12.0 ], [ -162.0, 12.0 ] ] ] } },
{ "type": "Feature", "properties": { "nome_folha": "R04" }, "geometry": { "type": "Polygon", "coordinates": [ [ [ -156.0, 12.0 ], [ -156.0, 16.0 ], [ -162.0, 16.0 ], [ -162.0, 12.0 ], [ -156.0, 12.0 ] ] ] } },
{ "type": "Feature", "properties": { "nome_folha": "R05" }, "geometry": { "type": "Polygon", "coordinates": [ [ [ -150.0, 12.0 ], [ -150.0, 16.0 ], [ -156.0, 16.0 ], [ -156.0, 12.0 ], [ -150.0, 12.0 ] ] ] } },
{ "type": "Feature", "properties": { "nome_folha": "R06" }, "geometry": { "type": "Polygon", "coordinates": [ [ [ -144.0, 12.0 ], [ -144.0, 16.0 ], [ -150.0, 16.0 ], [ -150.0, 12.0 ], [ -144.0, 12.0 ] ] ] } },
{ "type": "Feature", "properties": { "nome_folha": "R07" }, "geometry": { "type": "Polygon", "coordinates": [ [ [ -138.0, 12.0 ], [ -138.0, 16.0 ], [ -144.0, 16.0 ], [ -144.0, 12.0 ], [ -138.0, 12.0 ] ] ] } },
{ "type": "Feature", "properties": { "nome_folha": "R08" }, "geometry": { "type": "Polygon", "coordinates": [ [ [ -132.0, 12.0 ], [ -132.0, 16.0 ], [ -138.0, 16.0 ], [ -138.0, 12.0 ], [ -132.0, 12.0 ] ] ] } },
{ "type": "Feature", "properties": { "nome_folha": "R09" }, "geometry": { "type": "Polygon", "coordinates": [ [ [ -126.0, 12.0 ], [ -126.0, 16.0 ], [ -132.0, 16.0 ], [ -132.0, 12.0 ], [ -126.0, 12.0 ] ] ] } },
{ "type": "Feature", "properties": { "nome_folha": "R10" }, "geometry": { "type": "Polygon", "coordinates": [ [ [ -120.0, 12.0 ], [ -120.0, 16.0 ], [ -126.0, 16.0 ], [ -126.0, 12.0 ], [ -120.0, 12.0 ] ] ] } },
{ "type": "Feature", "properties": { "nome_folha": "R11" }, "geometry": { "type": "Polygon", "coordinates": [ [ [ -114.0, 12.0 ], [ -114.0, 16.0 ], [ -120.0, 16.0 ], [ -120.0, 12.0 ], [ -114.0, 12.0 ] ] ] } },
{ "type": "Feature", "properties": { "nome_folha": "R12" }, "geometry": { "type": "Polygon", "coordinates": [ [ [ -108.0, 12.0 ], [ -108.0, 16.0 ], [ -114.0, 16.0 ], [ -114.0, 12.0 ], [ -108.0, 12.0 ] ] ] } },
{ "type": "Feature", "properties": { "nome_folha": "R13" }, "geometry": { "type": "Polygon", "coordinates": [ [ [ -102.0, 12.0 ], [ -102.0, 16.0 ], [ -108.0, 16.0 ], [ -108.0, 12.0 ], [ -102.0, 12.0 ] ] ] } },
{ "type": "Feature", "properties": { "nome_folha": "R14" }, "geometry": { "type": "Polygon", "coordinates": [ [ [ -96.0, 12.0 ], [ -96.0, 16.0 ], [ -102.0, 16.0 ], [ -102.0, 12.0 ], [ -96.0, 12.0 ] ] ] } },
{ "type": "Feature", "properties": { "nome_folha": "R15" }, "geometry": { "type": "Polygon", "coordinates": [ [ [ -90.0, 12.0 ], [ -90.0, 16.0 ], [ -96.0, 16.0 ], [ -96.0, 12.0 ], [ -90.0, 12.0 ] ] ] } },
{ "type": "Feature", "properties": { "nome_folha": "R16" }, "geometry": { "type": "Polygon", "coordinates": [ [ [ -84.0, 12.0 ], [ -84.0, 16.0 ], [ -90.0, 16.0 ], [ -90.0, 12.0 ], [ -84.0, 12.0 ] ] ] } },
{ "type": "Feature", "properties": { "nome_folha": "R17" }, "geometry": { "type": "Polygon", "coordinates": [ [ [ -78.0, 12.0 ], [ -78.0, 16.0 ], [ -84.0, 16.0 ], [ -84.0, 12.0 ], [ -78.0, 12.0 ] ] ] } },
{ "type": "Feature", "properties": { "nome_folha": "R18" }, "geometry": { "type": "Polygon", "coordinates": [ [ [ -72.0, 12.0 ], [ -72.0, 16.0 ], [ -78.0, 16.0 ], [ -78.0, 12.0 ], [ -72.0, 12.0 ] ] ] } },
{ "type": "Feature", "properties": { "nome_folha": "R19" }, "geometry": { "type": "Polygon", "coordinates": [ [ [ -66.0, 12.0 ], [ -66.0, 16.0 ], [ -72.0, 16.0 ], [ -72.0, 12.0 ], [ -66.0, 12.0 ] ] ] } },
{ "type": "Feature", "properties": { "nome_folha": "R20" }, "geometry": { "type": "Polygon", "coordinates": [ [ [ -60.0, 12.0 ], [ -60.0, 16.0 ], [ -66.0, 16.0 ], [ -66.0, 12.0 ], [ -60.0, 12.0 ] ] ] } },
{ "type": "Feature", "properties": { "nome_folha": "R21" }, "geometry": { "type": "Polygon", "coordinates": [ [ [ -54.0, 12.0 ], [ -54.0, 16.0 ], [ -60.0, 16.0 ], [ -60.0, 12.0 ], [ -54.0, 12.0 ] ] ] } },
{ "type": "Feature", "properties": { "nome_folha": "R22" }, "geometry": { "type": "Polygon", "coordinates": [ [ [ -48.0, 12.0 ], [ -48.0, 16.0 ], [ -54.0, 16.0 ], [ -54.0, 12.0 ], [ -48.0, 12.0 ] ] ] } },
{ "type": "Feature", "properties": { "nome_folha": "R23" }, "geometry": { "type": "Polygon", "coordinates": [ [ [ -42.0, 12.0 ], [ -42.0, 16.0 ], [ -48.0, 16.0 ], [ -48.0, 12.0 ], [ -42.0, 12.0 ] ] ] } },
{ "type": "Feature", "properties": { "nome_folha": "R24" }, "geometry": { "type": "Polygon", "coordinates": [ [ [ -36.0, 12.0 ], [ -36.0, 16.0 ], [ -42.0, 16.0 ], [ -42.0, 12.0 ], [ -36.0, 12.0 ] ] ] } },
{ "type": "Feature", "properties": { "nome_folha": "R25" }, "geometry": { "type": "Polygon", "coordinates": [ [ [ -30.0, 12.0 ], [ -30.0, 16.0 ], [ -36.0, 16.0 ], [ -36.0, 12.0 ], [ -30.0, 12.0 ] ] ] } },
{ "type": "Feature", "properties": { "nome_folha": "R26" }, "geometry": { "type": "Polygon", "coordinates": [ [ [ -24.0, 12.0 ], [ -24.0, 16.0 ], [ -30.0, 16.0 ], [ -30.0, 12.0 ], [ -24.0, 12.0 ] ] ] } },
{ "type": "Feature", "properties": { "nome_folha": "R27" }, "geometry": { "type": "Polygon", "coordinates": [ [ [ -18.0, 12.0 ], [ -18.0, 16.0 ], [ -24.0, 16.0 ], [ -24.0, 12.0 ], [ -18.0, 12.0 ] ] ] } },
{ "type": "Feature", "properties": { "nome_folha": "R28" }, "geometry": { "type": "Polygon", "coordinates": [ [ [ -12.0, 12.0 ], [ -12.0, 16.0 ], [ -18.0, 16.0 ], [ -18.0, 12.0 ], [ -12.0, 12.0 ] ] ] } },
{ "type": "Feature", "properties": { "nome_folha": "R29" }, "geometry": { "type": "Polygon", "coordinates": [ [ [ -6.0, 12.0 ], [ -6.0, 16.0 ], [ -12.0, 16.0 ], [ -12.0, 12.0 ], [ -6.0, 12.0 ] ] ] } },
{ "type": "Feature", "properties": { "nome_folha": "R30" }, "geometry": { "type": "Polygon", "coordinates": [ [ [ 0.0, 12.0 ], [ 0.0, 16.0 ], [ -6.0, 16.0 ], [ -6.0, 12.0 ], [ 0.0, 12.0 ] ] ] } },
{ "type": "Feature", "properties": { "nome_folha": "R31" }, "geometry": { "type": "Polygon", "coordinates": [ [ [ 6.0, 12.0 ], [ 6.0, 16.0 ], [ 0.0, 16.0 ], [ 0.0, 12.0 ], [ 6.0, 12.0 ] ] ] } },
{ "type": "Feature", "properties": { "nome_folha": "R32" }, "geometry": { "type": "Polygon", "coordinates": [ [ [ 12.0, 12.0 ], [ 12.0, 16.0 ], [ 6.0, 16.0 ], [ 6.0, 12.0 ], [ 12.0, 12.0 ] ] ] } },
{ "type": "Feature", "properties": { "nome_folha": "R33" }, "geometry": { "type": "Polygon", "coordinates": [ [ [ 18.0, 12.0 ], [ 18.0, 16.0 ], [ 12.0, 16.0 ], [ 12.0, 12.0 ], [ 18.0, 12.0 ] ] ] } },
{ "type": "Feature", "properties": { "nome_folha": "R34" }, "geometry": { "type": "Polygon", "coordinates": [ [ [ 24.0, 12.0 ], [ 24.0, 16.0 ], [ 18.0, 16.0 ], [ 18.0, 12.0 ], [ 24.0, 12.0 ] ] ] } },
{ "type": "Feature", "properties": { "nome_folha": "R35" }, "geometry": { "type": "Polygon", "coordinates": [ [ [ 30.0, 12.0 ], [ 30.0, 16.0 ], [ 24.0, 16.0 ], [ 24.0, 12.0 ], [ 30.0, 12.0 ] ] ] } },
{ "type": "Feature", "properties": { "nome_folha": "R36" }, "geometry": { "type": "Polygon", "coordinates": [ [ [ 36.0, 12.0 ], [ 36.0, 16.0 ], [ 30.0, 16.0 ], [ 30.0, 12.0 ], [ 36.0, 12.0 ] ] ] } },
{ "type": "Feature", "properties": { "nome_folha": "R37" }, "geometry": { "type": "Polygon", "coordinates": [ [ [ 42.0, 12.0 ], [ 42.0, 16.0 ], [ 36.0, 16.0 ], [ 36.0, 12.0 ], [ 42.0, 12.0 ] ] ] } },
{ "type": "Feature", "properties": { "nome_folha": "R38" }, "geometry": { "type": "Polygon", "coordinates": [ [ [ 48.0, 12.0 ], [ 48.0, 16.0 ], [ 42.0, 16.0 ], [ 42.0, 12.0 ], [ 48.0, 12.0 ] ] ] } },
{ "type": "Feature", "properties": { "nome_folha": "R39" }, "geometry": { "type": "Polygon", "coordinates": [ [ [ 54.0, 12.0 ], [ 54.0, 16.0 ], [ 48.0, 16.0 ], [ 48.0, 12.0 ], [ 54.0, 12.0 ] ] ] } },
{ "type": "Feature", "properties": { "nome_folha": "R40" }, "geometry": { "type": "Polygon", "coordinates": [ [ [ 60.0, 12.0 ], [ 60.0, 16.0 ], [ 54.0, 16.0 ], [ 54.0, 12.0 ], [ 60.0, 12.0 ] ] ] } },
{ "type": "Feature", "properties": { "nome_folha": "R41" }, "geometry": { "type": "Polygon", "coordinates": [ [ [ 66.0, 12.0 ], [ 66.0, 16.0 ], [ 60.0, 16.0 ], [ 60.0, 12.0 ], [ 66.0, 12.0 ] ] ] } },
{ "type": "Feature", "properties": { "nome_folha": "R42" }, "geometry": { "type": "Polygon", "coordinates": [ [ [ 72.0, 12.0 ], [ 72.0, 16.0 ], [ 66.0, 16.0 ], [ 66.0, 12.0 ], [ 72.0, 12.0 ] ] ] } },
{ "type": "Feature", "properties": { "nome_folha": "R43" }, "geometry": { "type": "Polygon", "coordinates": [ [ [ 78.0, 12.0 ], [ 78.0, 16.0 ], [ 72.0, 16.0 ], [ 72.0, 12.0 ], [ 78.0, 12.0 ] ] ] } },
{ "type": "Feature", "properties": { "nome_folha": "R44" }, "geometry": { "type": "Polygon", "coordinates": [ [ [ 84.0, 12.0 ], [ 84.0, 16.0 ], [ 78.0, 16.0 ], [ 78.0, 12.0 ], [ 84.0, 12.0 ] ] ] } },
{ "type": "Feature", "properties": { "nome_folha": "R45" }, "geometry": { "type": "Polygon", "coordinates": [ [ [ 90.0, 12.0 ], [ 90.0, 16.0 ], [ 84.0, 16.0 ], [ 84.0, 12.0 ], [ 90.0, 12.0 ] ] ] } },
{ "type": "Feature", "properties": { "nome_folha": "R46" }, "geometry": { "type": "Polygon", "coordinates": [ [ [ 96.0, 12.0 ], [ 96.0, 16.0 ], [ 90.0, 16.0 ], [ 90.0, 12.0 ], [ 96.0, 12.0 ] ] ] } },
{ "type": "Feature", "properties": { "nome_folha": "R47" }, "geometry": { "type": "Polygon", "coordinates": [ [ [ 102.0, 12.0 ], [ 102.0, 16.0 ], [ 96.0, 16.0 ], [ 96.0, 12.0 ], [ 102.0, 12.0 ] ] ] } },
{ "type": "Feature", "properties": { "nome_folha": "R48" }, "geometry": { "type": "Polygon", "coordinates": [ [ [ 108.0, 12.0 ], [ 108.0, 16.0 ], [ 102.0, 16.0 ], [ 102.0, 12.0 ], [ 108.0, 12.0 ] ] ] } },
{ "type": "Feature", "properties": { "nome_folha": "R49" }, "geometry": { "type": "Polygon", "coordinates": [ [ [ 114.0, 12.0 ], [ 114.0, 16.0 ], [ 108.0, 16.0 ], [ 108.0, 12.0 ], [ 114.0, 12.0 ] ] ] } },
{ "type": "Feature", "properties": { "nome_folha": "R50" }, "geometry": { "type": "Polygon", "coordinates": [ [ [ 120.0, 12.0 ], [ 120.0, 16.0 ], [ 114.0, 16.0 ], [ 114.0, 12.0 ], [ 120.0, 12.0 ] ] ] } },
{ "type": "Feature", "properties": { "nome_folha": "R51" }, "geometry": { "type": "Polygon", "coordinates": [ [ [ 126.0, 12.0 ], [ 126.0, 16.0 ], [ 120.0, 16.0 ], [ 120.0, 12.0 ], [ 126.0, 12.0 ] ] ] } },
{ "type": "Feature", "properties": { "nome_folha": "R52" }, "geometry": { "type": "Polygon", "coordinates": [ [ [ 132.0, 12.0 ], [ 132.0, 16.0 ], [ 126.0, 16.0 ], [ 126.0, 12.0 ], [ 132.0, 12.0 ] ] ] } },
{ "type": "Feature", "properties": { "nome_folha": "R53" }, "geometry": { "type": "Polygon", "coordinates": [ [ [ 138.0, 12.0 ], [ 138.0, 16.0 ], [ 132.0, 16.0 ], [ 132.0, 12.0 ], [ 138.0, 12.0 ] ] ] } },
{ "type": "Feature", "properties": { "nome_folha": "R54" }, "geometry": { "type": "Polygon", "coordinates": [ [ [ 144.0, 12.0 ], [ 144.0, 16.0 ], [ 138.0, 16.0 ], [ 138.0, 12.0 ], [ 144.0, 12.0 ] ] ] } },
{ "type": "Feature", "properties": { "nome_folha": "R55" }, "geometry": { "type": "Polygon", "coordinates": [ [ [ 150.0, 12.0 ], [ 150.0, 16.0 ], [ 144.0, 16.0 ], [ 144.0, 12.0 ], [ 150.0, 12.0 ] ] ] } },
{ "type": "Feature", "properties": { "nome_folha": "R56" }, "geometry": { "type": "Polygon", "coordinates": [ [ [ 156.0, 12.0 ], [ 156.0, 16.0 ], [ 150.0, 16.0 ], [ 150.0, 12.0 ], [ 156.0, 12.0 ] ] ] } },
{ "type": "Feature", "properties": { "nome_folha": "R57" }, "geometry": { "type": "Polygon", "coordinates": [ [ [ 162.0, 12.0 ], [ 162.0, 16.0 ], [ 156.0, 16.0 ], [ 156.0, 12.0 ], [ 162.0, 12.0 ] ] ] } },
{ "type": "Feature", "properties": { "nome_folha": "R58" }, "geometry": { "type": "Polygon", "coordinates": [ [ [ 168.0, 12.0 ], [ 168.0, 16.0 ], [ 162.0, 16.0 ], [ 162.0, 12.0 ], [ 168.0, 12.0 ] ] ] } },
{ "type": "Feature", "properties": { "nome_folha": "R59" }, "geometry": { "type": "Polygon", "coordinates": [ [ [ 174.0, 12.0 ], [ 174.0, 16.0 ], [ 168.0, 16.0 ], [ 168.0, 12.0 ], [ 174.0, 12.0 ] ] ] } },
{ "type": "Feature", "properties": { "nome_folha": "R60" }, "geometry": { "type": "Polygon", "coordinates": [ [ [ 180.0, 12.0 ], [ 180.0, 16.0 ], [ 174.0, 16.0 ], [ 174.0, 12.0 ], [ 180.0, 12.0 ] ] ] } },
{ "type": "Feature", "properties": { "nome_folha": "Q01" }, "geometry": { "type": "Polygon", "coordinates": [ [ [ -174.0, 16.0 ], [ -174.0, 20.0 ], [ -180.0, 20.0 ], [ -180.0, 16.0 ], [ -174.0, 16.0 ] ] ] } },
{ "type": "Feature", "properties": { "nome_folha": "Q02" }, "geometry": { "type": "Polygon", "coordinates": [ [ [ -168.0, 16.0 ], [ -168.0, 20.0 ], [ -174.0, 20.0 ], [ -174.0, 16.0 ], [ -168.0, 16.0 ] ] ] } },
{ "type": "Feature", "properties": { "nome_folha": "Q03" }, "geometry": { "type": "Polygon", "coordinates": [ [ [ -162.0, 16.0 ], [ -162.0, 20.0 ], [ -168.0, 20.0 ], [ -168.0, 16.0 ], [ -162.0, 16.0 ] ] ] } },
{ "type": "Feature", "properties": { "nome_folha": "Q04" }, "geometry": { "type": "Polygon", "coordinates": [ [ [ -156.0, 16.0 ], [ -156.0, 20.0 ], [ -162.0, 20.0 ], [ -162.0, 16.0 ], [ -156.0, 16.0 ] ] ] } },
{ "type": "Feature", "properties": { "nome_folha": "Q05" }, "geometry": { "type": "Polygon", "coordinates": [ [ [ -150.0, 16.0 ], [ -150.0, 20.0 ], [ -156.0, 20.0 ], [ -156.0, 16.0 ], [ -150.0, 16.0 ] ] ] } },
{ "type": "Feature", "properties": { "nome_folha": "Q06" }, "geometry": { "type": "Polygon", "coordinates": [ [ [ -144.0, 16.0 ], [ -144.0, 20.0 ], [ -150.0, 20.0 ], [ -150.0, 16.0 ], [ -144.0, 16.0 ] ] ] } },
{ "type": "Feature", "properties": { "nome_folha": "Q07" }, "geometry": { "type": "Polygon", "coordinates": [ [ [ -138.0, 16.0 ], [ -138.0, 20.0 ], [ -144.0, 20.0 ], [ -144.0, 16.0 ], [ -138.0, 16.0 ] ] ] } },
{ "type": "Feature", "properties": { "nome_folha": "Q08" }, "geometry": { "type": "Polygon", "coordinates": [ [ [ -132.0, 16.0 ], [ -132.0, 20.0 ], [ -138.0, 20.0 ], [ -138.0, 16.0 ], [ -132.0, 16.0 ] ] ] } },
{ "type": "Feature", "properties": { "nome_folha": "Q09" }, "geometry": { "type": "Polygon", "coordinates": [ [ [ -126.0, 16.0 ], [ -126.0, 20.0 ], [ -132.0, 20.0 ], [ -132.0, 16.0 ], [ -126.0, 16.0 ] ] ] } },
{ "type": "Feature", "properties": { "nome_folha": "Q10" }, "geometry": { "type": "Polygon", "coordinates": [ [ [ -120.0, 16.0 ], [ -120.0, 20.0 ], [ -126.0, 20.0 ], [ -126.0, 16.0 ], [ -120.0, 16.0 ] ] ] } },
{ "type": "Feature", "properties": { "nome_folha": "Q11" }, "geometry": { "type": "Polygon", "coordinates": [ [ [ -114.0, 16.0 ], [ -114.0, 20.0 ], [ -120.0, 20.0 ], [ -120.0, 16.0 ], [ -114.0, 16.0 ] ] ] } },
{ "type": "Feature", "properties": { "nome_folha": "Q12" }, "geometry": { "type": "Polygon", "coordinates": [ [ [ -108.0, 16.0 ], [ -108.0, 20.0 ], [ -114.0, 20.0 ], [ -114.0, 16.0 ], [ -108.0, 16.0 ] ] ] } },
{ "type": "Feature", "properties": { "nome_folha": "Q13" }, "geometry": { "type": "Polygon", "coordinates": [ [ [ -102.0, 16.0 ], [ -102.0, 20.0 ], [ -108.0, 20.0 ], [ -108.0, 16.0 ], [ -102.0, 16.0 ] ] ] } },
{ "type": "Feature", "properties": { "nome_folha": "Q14" }, "geometry": { "type": "Polygon", "coordinates": [ [ [ -96.0, 16.0 ], [ -96.0, 20.0 ], [ -102.0, 20.0 ], [ -102.0, 16.0 ], [ -96.0, 16.0 ] ] ] } },
{ "type": "Feature", "properties": { "nome_folha": "Q15" }, "geometry": { "type": "Polygon", "coordinates": [ [ [ -90.0, 16.0 ], [ -90.0, 20.0 ], [ -96.0, 20.0 ], [ -96.0, 16.0 ], [ -90.0, 16.0 ] ] ] } },
{ "type": "Feature", "properties": { "nome_folha": "Q16" }, "geometry": { "type": "Polygon", "coordinates": [ [ [ -84.0, 16.0 ], [ -84.0, 20.0 ], [ -90.0, 20.0 ], [ -90.0, 16.0 ], [ -84.0, 16.0 ] ] ] } },
{ "type": "Feature", "properties": { "nome_folha": "Q17" }, "geometry": { "type": "Polygon", "coordinates": [ [ [ -78.0, 16.0 ], [ -78.0, 20.0 ], [ -84.0, 20.0 ], [ -84.0, 16.0 ], [ -78.0, 16.0 ] ] ] } },
{ "type": "Feature", "properties": { "nome_folha": "Q18" }, "geometry": { "type": "Polygon", "coordinates": [ [ [ -72.0, 16.0 ], [ -72.0, 20.0 ], [ -78.0, 20.0 ], [ -78.0, 16.0 ], [ -72.0, 16.0 ] ] ] } },
{ "type": "Feature", "properties": { "nome_folha": "Q19" }, "geometry": { "type": "Polygon", "coordinates": [ [ [ -66.0, 16.0 ], [ -66.0, 20.0 ], [ -72.0, 20.0 ], [ -72.0, 16.0 ], [ -66.0, 16.0 ] ] ] } },
{ "type": "Feature", "properties": { "nome_folha": "Q20" }, "geometry": { "type": "Polygon", "coordinates": [ [ [ -60.0, 16.0 ], [ -60.0, 20.0 ], [ -66.0, 20.0 ], [ -66.0, 16.0 ], [ -60.0, 16.0 ] ] ] } },
{ "type": "Feature", "properties": { "nome_folha": "Q21" }, "geometry": { "type": "Polygon", "coordinates": [ [ [ -54.0, 16.0 ], [ -54.0, 20.0 ], [ -60.0, 20.0 ], [ -60.0, 16.0 ], [ -54.0, 16.0 ] ] ] } },
{ "type": "Feature", "properties": { "nome_folha": "Q22" }, "geometry": { "type": "Polygon", "coordinates": [ [ [ -48.0, 16.0 ], [ -48.0, 20.0 ], [ -54.0, 20.0 ], [ -54.0, 16.0 ], [ -48.0, 16.0 ] ] ] } },
{ "type": "Feature", "properties": { "nome_folha": "Q23" }, "geometry": { "type": "Polygon", "coordinates": [ [ [ -42.0, 16.0 ], [ -42.0, 20.0 ], [ -48.0, 20.0 ], [ -48.0, 16.0 ], [ -42.0, 16.0 ] ] ] } },
{ "type": "Feature", "properties": { "nome_folha": "Q24" }, "geometry": { "type": "Polygon", "coordinates": [ [ [ -36.0, 16.0 ], [ -36.0, 20.0 ], [ -42.0, 20.0 ], [ -42.0, 16.0 ], [ -36.0, 16.0 ] ] ] } },
{ "type": "Feature", "properties": { "nome_folha": "Q25" }, "geometry": { "type": "Polygon", "coordinates": [ [ [ -30.0, 16.0 ], [ -30.0, 20.0 ], [ -36.0, 20.0 ], [ -36.0, 16.0 ], [ -30.0, 16.0 ] ] ] } },
{ "type": "Feature", "properties": { "nome_folha": "Q26" }, "geometry": { "type": "Polygon", "coordinates": [ [ [ -24.0, 16.0 ], [ -24.0, 20.0 ], [ -30.0, 20.0 ], [ -30.0, 16.0 ], [ -24.0, 16.0 ] ] ] } },
{ "type": "Feature", "properties": { "nome_folha": "Q27" }, "geometry": { "type": "Polygon", "coordinates": [ [ [ -18.0, 16.0 ], [ -18.0, 20.0 ], [ -24.0, 20.0 ], [ -24.0, 16.0 ], [ -18.0, 16.0 ] ] ] } },
{ "type": "Feature", "properties": { "nome_folha": "Q28" }, "geometry": { "type": "Polygon", "coordinates": [ [ [ -12.0, 16.0 ], [ -12.0, 20.0 ], [ -18.0, 20.0 ], [ -18.0, 16.0 ], [ -12.0, 16.0 ] ] ] } },
{ "type": "Feature", "properties": { "nome_folha": "Q29" }, "geometry": { "type": "Polygon", "coordinates": [ [ [ -6.0, 16.0 ], [ -6.0, 20.0 ], [ -12.0, 20.0 ], [ -12.0, 16.0 ], [ -6.0, 16.0 ] ] ] } },
{ "type": "Feature", "properties": { "nome_folha": "Q30" }, "geometry": { "type": "Polygon", "coordinates": [ [ [ 0.0, 16.0 ], [ 0.0, 20.0 ], [ -6.0, 20.0 ], [ -6.0, 16.0 ], [ 0.0, 16.0 ] ] ] } },
{ "type": "Feature", "properties": { "nome_folha": "Q31" }, "geometry": { "type": "Polygon", "coordinates": [ [ [ 6.0, 16.0 ], [ 6.0, 20.0 ], [ 0.0, 20.0 ], [ 0.0, 16.0 ], [ 6.0, 16.0 ] ] ] } },
{ "type": "Feature", "properties": { "nome_folha": "Q32" }, "geometry": { "type": "Polygon", "coordinates": [ [ [ 12.0, 16.0 ], [ 12.0, 20.0 ], [ 6.0, 20.0 ], [ 6.0, 16.0 ], [ 12.0, 16.0 ] ] ] } },
{ "type": "Feature", "properties": { "nome_folha": "Q33" }, "geometry": { "type": "Polygon", "coordinates": [ [ [ 18.0, 16.0 ], [ 18.0, 20.0 ], [ 12.0, 20.0 ], [ 12.0, 16.0 ], [ 18.0, 16.0 ] ] ] } },
{ "type": "Feature", "properties": { "nome_folha": "Q34" }, "geometry": { "type": "Polygon", "coordinates": [ [ [ 24.0, 16.0 ], [ 24.0, 20.0 ], [ 18.0, 20.0 ], [ 18.0, 16.0 ], [ 24.0, 16.0 ] ] ] } },
{ "type": "Feature", "properties": { "nome_folha": "Q35" }, "geometry": { "type": "Polygon", "coordinates": [ [ [ 30.0, 16.0 ], [ 30.0, 20.0 ], [ 24.0, 20.0 ], [ 24.0, 16.0 ], [ 30.0, 16.0 ] ] ] } },
{ "type": "Feature", "properties": { "nome_folha": "Q36" }, "geometry": { "type": "Polygon", "coordinates": [ [ [ 36.0, 16.0 ], [ 36.0, 20.0 ], [ 30.0, 20.0 ], [ 30.0, 16.0 ], [ 36.0, 16.0 ] ] ] } },
{ "type": "Feature", "properties": { "nome_folha": "Q37" }, "geometry": { "type": "Polygon", "coordinates": [ [ [ 42.0, 16.0 ], [ 42.0, 20.0 ], [ 36.0, 20.0 ], [ 36.0, 16.0 ], [ 42.0, 16.0 ] ] ] } },
{ "type": "Feature", "properties": { "nome_folha": "Q38" }, "geometry": { "type": "Polygon", "coordinates": [ [ [ 48.0, 16.0 ], [ 48.0, 20.0 ], [ 42.0, 20.0 ], [ 42.0, 16.0 ], [ 48.0, 16.0 ] ] ] } },
{ "type": "Feature", "properties": { "nome_folha": "Q39" }, "geometry": { "type": "Polygon", "coordinates": [ [ [ 54.0, 16.0 ], [ 54.0, 20.0 ], [ 48.0, 20.0 ], [ 48.0, 16.0 ], [ 54.0, 16.0 ] ] ] } },
{ "type": "Feature", "properties": { "nome_folha": "Q40" }, "geometry": { "type": "Polygon", "coordinates": [ [ [ 60.0, 16.0 ], [ 60.0, 20.0 ], [ 54.0, 20.0 ], [ 54.0, 16.0 ], [ 60.0, 16.0 ] ] ] } },
{ "type": "Feature", "properties": { "nome_folha": "Q41" }, "geometry": { "type": "Polygon", "coordinates": [ [ [ 66.0, 16.0 ], [ 66.0, 20.0 ], [ 60.0, 20.0 ], [ 60.0, 16.0 ], [ 66.0, 16.0 ] ] ] } },
{ "type": "Feature", "properties": { "nome_folha": "Q42" }, "geometry": { "type": "Polygon", "coordinates": [ [ [ 72.0, 16.0 ], [ 72.0, 20.0 ], [ 66.0, 20.0 ], [ 66.0, 16.0 ], [ 72.0, 16.0 ] ] ] } },
{ "type": "Feature", "properties": { "nome_folha": "Q43" }, "geometry": { "type": "Polygon", "coordinates": [ [ [ 78.0, 16.0 ], [ 78.0, 20.0 ], [ 72.0, 20.0 ], [ 72.0, 16.0 ], [ 78.0, 16.0 ] ] ] } },
{ "type": "Feature", "properties": { "nome_folha": "Q44" }, "geometry": { "type": "Polygon", "coordinates": [ [ [ 84.0, 16.0 ], [ 84.0, 20.0 ], [ 78.0, 20.0 ], [ 78.0, 16.0 ], [ 84.0, 16.0 ] ] ] } },
{ "type": "Feature", "properties": { "nome_folha": "Q45" }, "geometry": { "type": "Polygon", "coordinates": [ [ [ 90.0, 16.0 ], [ 90.0, 20.0 ], [ 84.0, 20.0 ], [ 84.0, 16.0 ], [ 90.0, 16.0 ] ] ] } },
{ "type": "Feature", "properties": { "nome_folha": "Q46" }, "geometry": { "type": "Polygon", "coordinates": [ [ [ 96.0, 16.0 ], [ 96.0, 20.0 ], [ 90.0, 20.0 ], [ 90.0, 16.0 ], [ 96.0, 16.0 ] ] ] } },
{ "type": "Feature", "properties": { "nome_folha": "Q47" }, "geometry": { "type": "Polygon", "coordinates": [ [ [ 102.0, 16.0 ], [ 102.0, 20.0 ], [ 96.0, 20.0 ], [ 96.0, 16.0 ], [ 102.0, 16.0 ] ] ] } },
{ "type": "Feature", "properties": { "nome_folha": "Q48" }, "geometry": { "type": "Polygon", "coordinates": [ [ [ 108.0, 16.0 ], [ 108.0, 20.0 ], [ 102.0, 20.0 ], [ 102.0, 16.0 ], [ 108.0, 16.0 ] ] ] } },
{ "type": "Feature", "properties": { "nome_folha": "Q49" }, "geometry": { "type": "Polygon", "coordinates": [ [ [ 114.0, 16.0 ], [ 114.0, 20.0 ], [ 108.0, 20.0 ], [ 108.0, 16.0 ], [ 114.0, 16.0 ] ] ] } },
{ "type": "Feature", "properties": { "nome_folha": "Q50" }, "geometry": { "type": "Polygon", "coordinates": [ [ [ 120.0, 16.0 ], [ 120.0, 20.0 ], [ 114.0, 20.0 ], [ 114.0, 16.0 ], [ 120.0, 16.0 ] ] ] } },
{ "type": "Feature", "properties": { "nome_folha": "Q51" }, "geometry": { "type": "Polygon", "coordinates": [ [ [ 126.0, 16.0 ], [ 126.0, 20.0 ], [ 120.0, 20.0 ], [ 120.0, 16.0 ], [ 126.0, 16.0 ] ] ] } },
{ "type": "Feature", "properties": { "nome_folha": "Q52" }, "geometry": { "type": "Polygon", "coordinates": [ [ [ 132.0, 16.0 ], [ 132.0, 20.0 ], [ 126.0, 20.0 ], [ 126.0, 16.0 ], [ 132.0, 16.0 ] ] ] } },
{ "type": "Feature", "properties": { "nome_folha": "Q53" }, "geometry": { "type": "Polygon", "coordinates": [ [ [ 138.0, 16.0 ], [ 138.0, 20.0 ], [ 132.0, 20.0 ], [ 132.0, 16.0 ], [ 138.0, 16.0 ] ] ] } },
{ "type": "Feature", "properties": { "nome_folha": "Q54" }, "geometry": { "type": "Polygon", "coordinates": [ [ [ 144.0, 16.0 ], [ 144.0, 20.0 ], [ 138.0, 20.0 ], [ 138.0, 16.0 ], [ 144.0, 16.0 ] ] ] } },
{ "type": "Feature", "properties": { "nome_folha": "Q55" }, "geometry": { "type": "Polygon", "coordinates": [ [ [ 150.0, 16.0 ], [ 150.0, 20.0 ], [ 144.0, 20.0 ], [ 144.0, 16.0 ], [ 150.0, 16.0 ] ] ] } },
{ "type": "Feature", "properties": { "nome_folha": "Q56" }, "geometry": { "type": "Polygon", "coordinates": [ [ [ 156.0, 16.0 ], [ 156.0, 20.0 ], [ 150.0, 20.0 ], [ 150.0, 16.0 ], [ 156.0, 16.0 ] ] ] } },
{ "type": "Feature", "properties": { "nome_folha": "Q57" }, "geometry": { "type": "Polygon", "coordinates": [ [ [ 162.0, 16.0 ], [ 162.0, 20.0 ], [ 156.0, 20.0 ], [ 156.0, 16.0 ], [ 162.0, 16.0 ] ] ] } },
{ "type": "Feature", "properties": { "nome_folha": "Q58" }, "geometry": { "type": "Polygon", "coordinates": [ [ [ 168.0, 16.0 ], [ 168.0, 20.0 ], [ 162.0, 20.0 ], [ 162.0, 16.0 ], [ 168.0, 16.0 ] ] ] } },
{ "type": "Feature", "properties": { "nome_folha": "Q59" }, "geometry": { "type": "Polygon", "coordinates": [ [ [ 174.0, 16.0 ], [ 174.0, 20.0 ], [ 168.0, 20.0 ], [ 168.0, 16.0 ], [ 174.0, 16.0 ] ] ] } },
{ "type": "Feature", "properties": { "nome_folha": "Q60" }, "geometry": { "type": "Polygon", "coordinates": [ [ [ 180.0, 16.0 ], [ 180.0, 20.0 ], [ 174.0, 20.0 ], [ 174.0, 16.0 ], [ 180.0, 16.0 ] ] ] } },
{ "type": "Feature", "properties": { "nome_folha": "P01" }, "geometry": { "type": "Polygon", "coordinates": [ [ [ -174.0, 20.0 ], [ -174.0, 24.0 ], [ -180.0, 24.0 ], [ -180.0, 20.0 ], [ -174.0, 20.0 ] ] ] } },
{ "type": "Feature", "properties": { "nome_folha": "P02" }, "geometry": { "type": "Polygon", "coordinates": [ [ [ -168.0, 20.0 ], [ -168.0, 24.0 ], [ -174.0, 24.0 ], [ -174.0, 20.0 ], [ -168.0, 20.0 ] ] ] } },
{ "type": "Feature", "properties": { "nome_folha": "P03" }, "geometry": { "type": "Polygon", "coordinates": [ [ [ -162.0, 20.0 ], [ -162.0, 24.0 ], [ -168.0, 24.0 ], [ -168.0, 20.0 ], [ -162.0, 20.0 ] ] ] } },
{ "type": "Feature", "properties": { "nome_folha": "P04" }, "geometry": { "type": "Polygon", "coordinates": [ [ [ -156.0, 20.0 ], [ -156.0, 24.0 ], [ -162.0, 24.0 ], [ -162.0, 20.0 ], [ -156.0, 20.0 ] ] ] } },
{ "type": "Feature", "properties": { "nome_folha": "P05" }, "geometry": { "type": "Polygon", "coordinates": [ [ [ -150.0, 20.0 ], [ -150.0, 24.0 ], [ -156.0, 24.0 ], [ -156.0, 20.0 ], [ -150.0, 20.0 ] ] ] } },
{ "type": "Feature", "properties": { "nome_folha": "P06" }, "geometry": { "type": "Polygon", "coordinates": [ [ [ -144.0, 20.0 ], [ -144.0, 24.0 ], [ -150.0, 24.0 ], [ -150.0, 20.0 ], [ -144.0, 20.0 ] ] ] } },
{ "type": "Feature", "properties": { "nome_folha": "P07" }, "geometry": { "type": "Polygon", "coordinates": [ [ [ -138.0, 20.0 ], [ -138.0, 24.0 ], [ -144.0, 24.0 ], [ -144.0, 20.0 ], [ -138.0, 20.0 ] ] ] } },
{ "type": "Feature", "properties": { "nome_folha": "P08" }, "geometry": { "type": "Polygon", "coordinates": [ [ [ -132.0, 20.0 ], [ -132.0, 24.0 ], [ -138.0, 24.0 ], [ -138.0, 20.0 ], [ -132.0, 20.0 ] ] ] } },
{ "type": "Feature", "properties": { "nome_folha": "P09" }, "geometry": { "type": "Polygon", "coordinates": [ [ [ -126.0, 20.0 ], [ -126.0, 24.0 ], [ -132.0, 24.0 ], [ -132.0, 20.0 ], [ -126.0, 20.0 ] ] ] } },
{ "type": "Feature", "properties": { "nome_folha": "P10" }, "geometry": { "type": "Polygon", "coordinates": [ [ [ -120.0, 20.0 ], [ -120.0, 24.0 ], [ -126.0, 24.0 ], [ -126.0, 20.0 ], [ -120.0, 20.0 ] ] ] } },
{ "type": "Feature", "properties": { "nome_folha": "P11" }, "geometry": { "type": "Polygon", "coordinates": [ [ [ -114.0, 20.0 ], [ -114.0, 24.0 ], [ -120.0, 24.0 ], [ -120.0, 20.0 ], [ -114.0, 20.0 ] ] ] } },
{ "type": "Feature", "properties": { "nome_folha": "P12" }, "geometry": { "type": "Polygon", "coordinates": [ [ [ -108.0, 20.0 ], [ -108.0, 24.0 ], [ -114.0, 24.0 ], [ -114.0, 20.0 ], [ -108.0, 20.0 ] ] ] } },
{ "type": "Feature", "properties": { "nome_folha": "P13" }, "geometry": { "type": "Polygon", "coordinates": [ [ [ -102.0, 20.0 ], [ -102.0, 24.0 ], [ -108.0, 24.0 ], [ -108.0, 20.0 ], [ -102.0, 20.0 ] ] ] } },
{ "type": "Feature", "properties": { "nome_folha": "P14" }, "geometry": { "type": "Polygon", "coordinates": [ [ [ -96.0, 20.0 ], [ -96.0, 24.0 ], [ -102.0, 24.0 ], [ -102.0, 20.0 ], [ -96.0, 20.0 ] ] ] } },
{ "type": "Feature", "properties": { "nome_folha": "P15" }, "geometry": { "type": "Polygon", "coordinates": [ [ [ -90.0, 20.0 ], [ -90.0, 24.0 ], [ -96.0, 24.0 ], [ -96.0, 20.0 ], [ -90.0, 20.0 ] ] ] } },
{ "type": "Feature", "properties": { "nome_folha": "P16" }, "geometry": { "type": "Polygon", "coordinates": [ [ [ -84.0, 20.0 ], [ -84.0, 24.0 ], [ -90.0, 24.0 ], [ -90.0, 20.0 ], [ -84.0, 20.0 ] ] ] } },
{ "type": "Feature", "properties": { "nome_folha": "P17" }, "geometry": { "type": "Polygon", "coordinates": [ [ [ -78.0, 20.0 ], [ -78.0, 24.0 ], [ -84.0, 24.0 ], [ -84.0, 20.0 ], [ -78.0, 20.0 ] ] ] } },
{ "type": "Feature", "properties": { "nome_folha": "P18" }, "geometry": { "type": "Polygon", "coordinates": [ [ [ -72.0, 20.0 ], [ -72.0, 24.0 ], [ -78.0, 24.0 ], [ -78.0, 20.0 ], [ -72.0, 20.0 ] ] ] } },
{ "type": "Feature", "properties": { "nome_folha": "P19" }, "geometry": { "type": "Polygon", "coordinates": [ [ [ -66.0, 20.0 ], [ -66.0, 24.0 ], [ -72.0, 24.0 ], [ -72.0, 20.0 ], [ -66.0, 20.0 ] ] ] } },
{ "type": "Feature", "properties": { "nome_folha": "P20" }, "geometry": { "type": "Polygon", "coordinates": [ [ [ -60.0, 20.0 ], [ -60.0, 24.0 ], [ -66.0, 24.0 ], [ -66.0, 20.0 ], [ -60.0, 20.0 ] ] ] } },
{ "type": "Feature", "properties": { "nome_folha": "P21" }, "geometry": { "type": "Polygon", "coordinates": [ [ [ -54.0, 20.0 ], [ -54.0, 24.0 ], [ -60.0, 24.0 ], [ -60.0, 20.0 ], [ -54.0, 20.0 ] ] ] } },
{ "type": "Feature", "properties": { "nome_folha": "P22" }, "geometry": { "type": "Polygon", "coordinates": [ [ [ -48.0, 20.0 ], [ -48.0, 24.0 ], [ -54.0, 24.0 ], [ -54.0, 20.0 ], [ -48.0, 20.0 ] ] ] } },
{ "type": "Feature", "properties": { "nome_folha": "P23" }, "geometry": { "type": "Polygon", "coordinates": [ [ [ -42.0, 20.0 ], [ -42.0, 24.0 ], [ -48.0, 24.0 ], [ -48.0, 20.0 ], [ -42.0, 20.0 ] ] ] } },
{ "type": "Feature", "properties": { "nome_folha": "P24" }, "geometry": { "type": "Polygon", "coordinates": [ [ [ -36.0, 20.0 ], [ -36.0, 24.0 ], [ -42.0, 24.0 ], [ -42.0, 20.0 ], [ -36.0, 20.0 ] ] ] } },
{ "type": "Feature", "properties": { "nome_folha": "P25" }, "geometry": { "type": "Polygon", "coordinates": [ [ [ -30.0, 20.0 ], [ -30.0, 24.0 ], [ -36.0, 24.0 ], [ -36.0, 20.0 ], [ -30.0, 20.0 ] ] ] } },
{ "type": "Feature", "properties": { "nome_folha": "P26" }, "geometry": { "type": "Polygon", "coordinates": [ [ [ -24.0, 20.0 ], [ -24.0, 24.0 ], [ -30.0, 24.0 ], [ -30.0, 20.0 ], [ -24.0, 20.0 ] ] ] } },
{ "type": "Feature", "properties": { "nome_folha": "P27" }, "geometry": { "type": "Polygon", "coordinates": [ [ [ -18.0, 20.0 ], [ -18.0, 24.0 ], [ -24.0, 24.0 ], [ -24.0, 20.0 ], [ -18.0, 20.0 ] ] ] } },
{ "type": "Feature", "properties": { "nome_folha": "P28" }, "geometry": { "type": "Polygon", "coordinates": [ [ [ -12.0, 20.0 ], [ -12.0, 24.0 ], [ -18.0, 24.0 ], [ -18.0, 20.0 ], [ -12.0, 20.0 ] ] ] } },
{ "type": "Feature", "properties": { "nome_folha": "P29" }, "geometry": { "type": "Polygon", "coordinates": [ [ [ -6.0, 20.0 ], [ -6.0, 24.0 ], [ -12.0, 24.0 ], [ -12.0, 20.0 ], [ -6.0, 20.0 ] ] ] } },
{ "type": "Feature", "properties": { "nome_folha": "P30" }, "geometry": { "type": "Polygon", "coordinates": [ [ [ 0.0, 20.0 ], [ 0.0, 24.0 ], [ -6.0, 24.0 ], [ -6.0, 20.0 ], [ 0.0, 20.0 ] ] ] } },
{ "type": "Feature", "properties": { "nome_folha": "P31" }, "geometry": { "type": "Polygon", "coordinates": [ [ [ 6.0, 20.0 ], [ 6.0, 24.0 ], [ 0.0, 24.0 ], [ 0.0, 20.0 ], [ 6.0, 20.0 ] ] ] } },
{ "type": "Feature", "properties": { "nome_folha": "P32" }, "geometry": { "type": "Polygon", "coordinates": [ [ [ 12.0, 20.0 ], [ 12.0, 24.0 ], [ 6.0, 24.0 ], [ 6.0, 20.0 ], [ 12.0, 20.0 ] ] ] } },
{ "type": "Feature", "properties": { "nome_folha": "P33" }, "geometry": { "type": "Polygon", "coordinates": [ [ [ 18.0, 20.0 ], [ 18.0, 24.0 ], [ 12.0, 24.0 ], [ 12.0, 20.0 ], [ 18.0, 20.0 ] ] ] } },
{ "type": "Feature", "properties": { "nome_folha": "P34" }, "geometry": { "type": "Polygon", "coordinates": [ [ [ 24.0, 20.0 ], [ 24.0, 24.0 ], [ 18.0, 24.0 ], [ 18.0, 20.0 ], [ 24.0, 20.0 ] ] ] } },
{ "type": "Feature", "properties": { "nome_folha": "P35" }, "geometry": { "type": "Polygon", "coordinates": [ [ [ 30.0, 20.0 ], [ 30.0, 24.0 ], [ 24.0, 24.0 ], [ 24.0, 20.0 ], [ 30.0, 20.0 ] ] ] } },
{ "type": "Feature", "properties": { "nome_folha": "P36" }, "geometry": { "type": "Polygon", "coordinates": [ [ [ 36.0, 20.0 ], [ 36.0, 24.0 ], [ 30.0, 24.0 ], [ 30.0, 20.0 ], [ 36.0, 20.0 ] ] ] } },
{ "type": "Feature", "properties": { "nome_folha": "P37" }, "geometry": { "type": "Polygon", "coordinates": [ [ [ 42.0, 20.0 ], [ 42.0, 24.0 ], [ 36.0, 24.0 ], [ 36.0, 20.0 ], [ 42.0, 20.0 ] ] ] } },
{ "type": "Feature", "properties": { "nome_folha": "P38" }, "geometry": { "type": "Polygon", "coordinates": [ [ [ 48.0, 20.0 ], [ 48.0, 24.0 ], [ 42.0, 24.0 ], [ 42.0, 20.0 ], [ 48.0, 20.0 ] ] ] } },
{ "type": "Feature", "properties": { "nome_folha": "P39" }, "geometry": { "type": "Polygon", "coordinates": [ [ [ 54.0, 20.0 ], [ 54.0, 24.0 ], [ 48.0, 24.0 ], [ 48.0, 20.0 ], [ 54.0, 20.0 ] ] ] } },
{ "type": "Feature", "properties": { "nome_folha": "P40" }, "geometry": { "type": "Polygon", "coordinates": [ [ [ 60.0, 20.0 ], [ 60.0, 24.0 ], [ 54.0, 24.0 ], [ 54.0, 20.0 ], [ 60.0, 20.0 ] ] ] } },
{ "type": "Feature", "properties": { "nome_folha": "P41" }, "geometry": { "type": "Polygon", "coordinates": [ [ [ 66.0, 20.0 ], [ 66.0, 24.0 ], [ 60.0, 24.0 ], [ 60.0, 20.0 ], [ 66.0, 20.0 ] ] ] } },
{ "type": "Feature", "properties": { "nome_folha": "P42" }, "geometry": { "type": "Polygon", "coordinates": [ [ [ 72.0, 20.0 ], [ 72.0, 24.0 ], [ 66.0, 24.0 ], [ 66.0, 20.0 ], [ 72.0, 20.0 ] ] ] } },
{ "type": "Feature", "properties": { "nome_folha": "P43" }, "geometry": { "type": "Polygon", "coordinates": [ [ [ 78.0, 20.0 ], [ 78.0, 24.0 ], [ 72.0, 24.0 ], [ 72.0, 20.0 ], [ 78.0, 20.0 ] ] ] } },
{ "type": "Feature", "properties": { "nome_folha": "P44" }, "geometry": { "type": "Polygon", "coordinates": [ [ [ 84.0, 20.0 ], [ 84.0, 24.0 ], [ 78.0, 24.0 ], [ 78.0, 20.0 ], [ 84.0, 20.0 ] ] ] } },
{ "type": "Feature", "properties": { "nome_folha": "P45" }, "geometry": { "type": "Polygon", "coordinates": [ [ [ 90.0, 20.0 ], [ 90.0, 24.0 ], [ 84.0, 24.0 ], [ 84.0, 20.0 ], [ 90.0, 20.0 ] ] ] } },
{ "type": "Feature", "properties": { "nome_folha": "P46" }, "geometry": { "type": "Polygon", "coordinates": [ [ [ 96.0, 20.0 ], [ 96.0, 24.0 ], [ 90.0, 24.0 ], [ 90.0, 20.0 ], [ 96.0, 20.0 ] ] ] } },
{ "type": "Feature", "properties": { "nome_folha": "P47" }, "geometry": { "type": "Polygon", "coordinates": [ [ [ 102.0, 20.0 ], [ 102.0, 24.0 ], [ 96.0, 24.0 ], [ 96.0, 20.0 ], [ 102.0, 20.0 ] ] ] } },
{ "type": "Feature", "properties": { "nome_folha": "P48" }, "geometry": { "type": "Polygon", "coordinates": [ [ [ 108.0, 20.0 ], [ 108.0, 24.0 ], [ 102.0, 24.0 ], [ 102.0, 20.0 ], [ 108.0, 20.0 ] ] ] } },
{ "type": "Feature", "properties": { "nome_folha": "P49" }, "geometry": { "type": "Polygon", "coordinates": [ [ [ 114.0, 20.0 ], [ 114.0, 24.0 ], [ 108.0, 24.0 ], [ 108.0, 20.0 ], [ 114.0, 20.0 ] ] ] } },
{ "type": "Feature", "properties": { "nome_folha": "P50" }, "geometry": { "type": "Polygon", "coordinates": [ [ [ 120.0, 20.0 ], [ 120.0, 24.0 ], [ 114.0, 24.0 ], [ 114.0, 20.0 ], [ 120.0, 20.0 ] ] ] } },
{ "type": "Feature", "properties": { "nome_folha": "P51" }, "geometry": { "type": "Polygon", "coordinates": [ [ [ 126.0, 20.0 ], [ 126.0, 24.0 ], [ 120.0, 24.0 ], [ 120.0, 20.0 ], [ 126.0, 20.0 ] ] ] } },
{ "type": "Feature", "properties": { "nome_folha": "P52" }, "geometry": { "type": "Polygon", "coordinates": [ [ [ 132.0, 20.0 ], [ 132.0, 24.0 ], [ 126.0, 24.0 ], [ 126.0, 20.0 ], [ 132.0, 20.0 ] ] ] } },
{ "type": "Feature", "properties": { "nome_folha": "P53" }, "geometry": { "type": "Polygon", "coordinates": [ [ [ 138.0, 20.0 ], [ 138.0, 24.0 ], [ 132.0, 24.0 ], [ 132.0, 20.0 ], [ 138.0, 20.0 ] ] ] } },
{ "type": "Feature", "properties": { "nome_folha": "P54" }, "geometry": { "type": "Polygon", "coordinates": [ [ [ 144.0, 20.0 ], [ 144.0, 24.0 ], [ 138.0, 24.0 ], [ 138.0, 20.0 ], [ 144.0, 20.0 ] ] ] } },
{ "type": "Feature", "properties": { "nome_folha": "P55" }, "geometry": { "type": "Polygon", "coordinates": [ [ [ 150.0, 20.0 ], [ 150.0, 24.0 ], [ 144.0, 24.0 ], [ 144.0, 20.0 ], [ 150.0, 20.0 ] ] ] } },
{ "type": "Feature", "properties": { "nome_folha": "P56" }, "geometry": { "type": "Polygon", "coordinates": [ [ [ 156.0, 20.0 ], [ 156.0, 24.0 ], [ 150.0, 24.0 ], [ 150.0, 20.0 ], [ 156.0, 20.0 ] ] ] } },
{ "type": "Feature", "properties": { "nome_folha": "P57" }, "geometry": { "type": "Polygon", "coordinates": [ [ [ 162.0, 20.0 ], [ 162.0, 24.0 ], [ 156.0, 24.0 ], [ 156.0, 20.0 ], [ 162.0, 20.0 ] ] ] } },
{ "type": "Feature", "properties": { "nome_folha": "P58" }, "geometry": { "type": "Polygon", "coordinates": [ [ [ 168.0, 20.0 ], [ 168.0, 24.0 ], [ 162.0, 24.0 ], [ 162.0, 20.0 ], [ 168.0, 20.0 ] ] ] } },
{ "type": "Feature", "properties": { "nome_folha": "P59" }, "geometry": { "type": "Polygon", "coordinates": [ [ [ 174.0, 20.0 ], [ 174.0, 24.0 ], [ 168.0, 24.0 ], [ 168.0, 20.0 ], [ 174.0, 20.0 ] ] ] } },
{ "type": "Feature", "properties": { "nome_folha": "P60" }, "geometry": { "type": "Polygon", "coordinates": [ [ [ 180.0, 20.0 ], [ 180.0, 24.0 ], [ 174.0, 24.0 ], [ 174.0, 20.0 ], [ 180.0, 20.0 ] ] ] } },
{ "type": "Feature", "properties": { "nome_folha": "O01" }, "geometry": { "type": "Polygon", "coordinates": [ [ [ -174.0, 24.0 ], [ -174.0, 28.0 ], [ -180.0, 28.0 ], [ -180.0, 24.0 ], [ -174.0, 24.0 ] ] ] } },
{ "type": "Feature", "properties": { "nome_folha": "O02" }, "geometry": { "type": "Polygon", "coordinates": [ [ [ -168.0, 24.0 ], [ -168.0, 28.0 ], [ -174.0, 28.0 ], [ -174.0, 24.0 ], [ -168.0, 24.0 ] ] ] } },
{ "type": "Feature", "properties": { "nome_folha": "O03" }, "geometry": { "type": "Polygon", "coordinates": [ [ [ -162.0, 24.0 ], [ -162.0, 28.0 ], [ -168.0, 28.0 ], [ -168.0, 24.0 ], [ -162.0, 24.0 ] ] ] } },
{ "type": "Feature", "properties": { "nome_folha": "O04" }, "geometry": { "type": "Polygon", "coordinates": [ [ [ -156.0, 24.0 ], [ -156.0, 28.0 ], [ -162.0, 28.0 ], [ -162.0, 24.0 ], [ -156.0, 24.0 ] ] ] } },
{ "type": "Feature", "properties": { "nome_folha": "O05" }, "geometry": { "type": "Polygon", "coordinates": [ [ [ -150.0, 24.0 ], [ -150.0, 28.0 ], [ -156.0, 28.0 ], [ -156.0, 24.0 ], [ -150.0, 24.0 ] ] ] } },
{ "type": "Feature", "properties": { "nome_folha": "O06" }, "geometry": { "type": "Polygon", "coordinates": [ [ [ -144.0, 24.0 ], [ -144.0, 28.0 ], [ -150.0, 28.0 ], [ -150.0, 24.0 ], [ -144.0, 24.0 ] ] ] } },
{ "type": "Feature", "properties": { "nome_folha": "O07" }, "geometry": { "type": "Polygon", "coordinates": [ [ [ -138.0, 24.0 ], [ -138.0, 28.0 ], [ -144.0, 28.0 ], [ -144.0, 24.0 ], [ -138.0, 24.0 ] ] ] } },
{ "type": "Feature", "properties": { "nome_folha": "O08" }, "geometry": { "type": "Polygon", "coordinates": [ [ [ -132.0, 24.0 ], [ -132.0, 28.0 ], [ -138.0, 28.0 ], [ -138.0, 24.0 ], [ -132.0, 24.0 ] ] ] } },
{ "type": "Feature", "properties": { "nome_folha": "O09" }, "geometry": { "type": "Polygon", "coordinates": [ [ [ -126.0, 24.0 ], [ -126.0, 28.0 ], [ -132.0, 28.0 ], [ -132.0, 24.0 ], [ -126.0, 24.0 ] ] ] } },
{ "type": "Feature", "properties": { "nome_folha": "O10" }, "geometry": { "type": "Polygon", "coordinates": [ [ [ -120.0, 24.0 ], [ -120.0, 28.0 ], [ -126.0, 28.0 ], [ -126.0, 24.0 ], [ -120.0, 24.0 ] ] ] } },
{ "type": "Feature", "properties": { "nome_folha": "O11" }, "geometry": { "type": "Polygon", "coordinates": [ [ [ -114.0, 24.0 ], [ -114.0, 28.0 ], [ -120.0, 28.0 ], [ -120.0, 24.0 ], [ -114.0, 24.0 ] ] ] } },
{ "type": "Feature", "properties": { "nome_folha": "O12" }, "geometry": { "type": "Polygon", "coordinates": [ [ [ -108.0, 24.0 ], [ -108.0, 28.0 ], [ -114.0, 28.0 ], [ -114.0, 24.0 ], [ -108.0, 24.0 ] ] ] } },
{ "type": "Feature", "properties": { "nome_folha": "O13" }, "geometry": { "type": "Polygon", "coordinates": [ [ [ -102.0, 24.0 ], [ -102.0, 28.0 ], [ -108.0, 28.0 ], [ -108.0, 24.0 ], [ -102.0, 24.0 ] ] ] } },
{ "type": "Feature", "properties": { "nome_folha": "O14" }, "geometry": { "type": "Polygon", "coordinates": [ [ [ -96.0, 24.0 ], [ -96.0, 28.0 ], [ -102.0, 28.0 ], [ -102.0, 24.0 ], [ -96.0, 24.0 ] ] ] } },
{ "type": "Feature", "properties": { "nome_folha": "O15" }, "geometry": { "type": "Polygon", "coordinates": [ [ [ -90.0, 24.0 ], [ -90.0, 28.0 ], [ -96.0, 28.0 ], [ -96.0, 24.0 ], [ -90.0, 24.0 ] ] ] } },
{ "type": "Feature", "properties": { "nome_folha": "O16" }, "geometry": { "type": "Polygon", "coordinates": [ [ [ -84.0, 24.0 ], [ -84.0, 28.0 ], [ -90.0, 28.0 ], [ -90.0, 24.0 ], [ -84.0, 24.0 ] ] ] } },
{ "type": "Feature", "properties": { "nome_folha": "O17" }, "geometry": { "type": "Polygon", "coordinates": [ [ [ -78.0, 24.0 ], [ -78.0, 28.0 ], [ -84.0, 28.0 ], [ -84.0, 24.0 ], [ -78.0, 24.0 ] ] ] } },
{ "type": "Feature", "properties": { "nome_folha": "O18" }, "geometry": { "type": "Polygon", "coordinates": [ [ [ -72.0, 24.0 ], [ -72.0, 28.0 ], [ -78.0, 28.0 ], [ -78.0, 24.0 ], [ -72.0, 24.0 ] ] ] } },
{ "type": "Feature", "properties": { "nome_folha": "O19" }, "geometry": { "type": "Polygon", "coordinates": [ [ [ -66.0, 24.0 ], [ -66.0, 28.0 ], [ -72.0, 28.0 ], [ -72.0, 24.0 ], [ -66.0, 24.0 ] ] ] } },
{ "type": "Feature", "properties": { "nome_folha": "O20" }, "geometry": { "type": "Polygon", "coordinates": [ [ [ -60.0, 24.0 ], [ -60.0, 28.0 ], [ -66.0, 28.0 ], [ -66.0, 24.0 ], [ -60.0, 24.0 ] ] ] } },
{ "type": "Feature", "properties": { "nome_folha": "O21" }, "geometry": { "type": "Polygon", "coordinates": [ [ [ -54.0, 24.0 ], [ -54.0, 28.0 ], [ -60.0, 28.0 ], [ -60.0, 24.0 ], [ -54.0, 24.0 ] ] ] } },
{ "type": "Feature", "properties": { "nome_folha": "O22" }, "geometry": { "type": "Polygon", "coordinates": [ [ [ -48.0, 24.0 ], [ -48.0, 28.0 ], [ -54.0, 28.0 ], [ -54.0, 24.0 ], [ -48.0, 24.0 ] ] ] } },
{ "type": "Feature", "properties": { "nome_folha": "O23" }, "geometry": { "type": "Polygon", "coordinates": [ [ [ -42.0, 24.0 ], [ -42.0, 28.0 ], [ -48.0, 28.0 ], [ -48.0, 24.0 ], [ -42.0, 24.0 ] ] ] } },
{ "type": "Feature", "properties": { "nome_folha": "O24" }, "geometry": { "type": "Polygon", "coordinates": [ [ [ -36.0, 24.0 ], [ -36.0, 28.0 ], [ -42.0, 28.0 ], [ -42.0, 24.0 ], [ -36.0, 24.0 ] ] ] } },
{ "type": "Feature", "properties": { "nome_folha": "O25" }, "geometry": { "type": "Polygon", "coordinates": [ [ [ -30.0, 24.0 ], [ -30.0, 28.0 ], [ -36.0, 28.0 ], [ -36.0, 24.0 ], [ -30.0, 24.0 ] ] ] } },
{ "type": "Feature", "properties": { "nome_folha": "O26" }, "geometry": { "type": "Polygon", "coordinates": [ [ [ -24.0, 24.0 ], [ -24.0, 28.0 ], [ -30.0, 28.0 ], [ -30.0, 24.0 ], [ -24.0, 24.0 ] ] ] } },
{ "type": "Feature", "properties": { "nome_folha": "O27" }, "geometry": { "type": "Polygon", "coordinates": [ [ [ -18.0, 24.0 ], [ -18.0, 28.0 ], [ -24.0, 28.0 ], [ -24.0, 24.0 ], [ -18.0, 24.0 ] ] ] } },
{ "type": "Feature", "properties": { "nome_folha": "O28" }, "geometry": { "type": "Polygon", "coordinates": [ [ [ -12.0, 24.0 ], [ -12.0, 28.0 ], [ -18.0, 28.0 ], [ -18.0, 24.0 ], [ -12.0, 24.0 ] ] ] } },
{ "type": "Feature", "properties": { "nome_folha": "O29" }, "geometry": { "type": "Polygon", "coordinates": [ [ [ -6.0, 24.0 ], [ -6.0, 28.0 ], [ -12.0, 28.0 ], [ -12.0, 24.0 ], [ -6.0, 24.0 ] ] ] } },
{ "type": "Feature", "properties": { "nome_folha": "O30" }, "geometry": { "type": "Polygon", "coordinates": [ [ [ 0.0, 24.0 ], [ 0.0, 28.0 ], [ -6.0, 28.0 ], [ -6.0, 24.0 ], [ 0.0, 24.0 ] ] ] } },
{ "type": "Feature", "properties": { "nome_folha": "O31" }, "geometry": { "type": "Polygon", "coordinates": [ [ [ 6.0, 24.0 ], [ 6.0, 28.0 ], [ 0.0, 28.0 ], [ 0.0, 24.0 ], [ 6.0, 24.0 ] ] ] } },
{ "type": "Feature", "properties": { "nome_folha": "O32" }, "geometry": { "type": "Polygon", "coordinates": [ [ [ 12.0, 24.0 ], [ 12.0, 28.0 ], [ 6.0, 28.0 ], [ 6.0, 24.0 ], [ 12.0, 24.0 ] ] ] } },
{ "type": "Feature", "properties": { "nome_folha": "O33" }, "geometry": { "type": "Polygon", "coordinates": [ [ [ 18.0, 24.0 ], [ 18.0, 28.0 ], [ 12.0, 28.0 ], [ 12.0, 24.0 ], [ 18.0, 24.0 ] ] ] } },
{ "type": "Feature", "properties": { "nome_folha": "O34" }, "geometry": { "type": "Polygon", "coordinates": [ [ [ 24.0, 24.0 ], [ 24.0, 28.0 ], [ 18.0, 28.0 ], [ 18.0, 24.0 ], [ 24.0, 24.0 ] ] ] } },
{ "type": "Feature", "properties": { "nome_folha": "O35" }, "geometry": { "type": "Polygon", "coordinates": [ [ [ 30.0, 24.0 ], [ 30.0, 28.0 ], [ 24.0, 28.0 ], [ 24.0, 24.0 ], [ 30.0, 24.0 ] ] ] } },
{ "type": "Feature", "properties": { "nome_folha": "O36" }, "geometry": { "type": "Polygon", "coordinates": [ [ [ 36.0, 24.0 ], [ 36.0, 28.0 ], [ 30.0, 28.0 ], [ 30.0, 24.0 ], [ 36.0, 24.0 ] ] ] } },
{ "type": "Feature", "properties": { "nome_folha": "O37" }, "geometry": { "type": "Polygon", "coordinates": [ [ [ 42.0, 24.0 ], [ 42.0, 28.0 ], [ 36.0, 28.0 ], [ 36.0, 24.0 ], [ 42.0, 24.0 ] ] ] } },
{ "type": "Feature", "properties": { "nome_folha": "O38" }, "geometry": { "type": "Polygon", "coordinates": [ [ [ 48.0, 24.0 ], [ 48.0, 28.0 ], [ 42.0, 28.0 ], [ 42.0, 24.0 ], [ 48.0, 24.0 ] ] ] } },
{ "type": "Feature", "properties": { "nome_folha": "O39" }, "geometry": { "type": "Polygon", "coordinates": [ [ [ 54.0, 24.0 ], [ 54.0, 28.0 ], [ 48.0, 28.0 ], [ 48.0, 24.0 ], [ 54.0, 24.0 ] ] ] } },
{ "type": "Feature", "properties": { "nome_folha": "O40" }, "geometry": { "type": "Polygon", "coordinates": [ [ [ 60.0, 24.0 ], [ 60.0, 28.0 ], [ 54.0, 28.0 ], [ 54.0, 24.0 ], [ 60.0, 24.0 ] ] ] } },
{ "type": "Feature", "properties": { "nome_folha": "O41" }, "geometry": { "type": "Polygon", "coordinates": [ [ [ 66.0, 24.0 ], [ 66.0, 28.0 ], [ 60.0, 28.0 ], [ 60.0, 24.0 ], [ 66.0, 24.0 ] ] ] } },
{ "type": "Feature", "properties": { "nome_folha": "O42" }, "geometry": { "type": "Polygon", "coordinates": [ [ [ 72.0, 24.0 ], [ 72.0, 28.0 ], [ 66.0, 28.0 ], [ 66.0, 24.0 ], [ 72.0, 24.0 ] ] ] } },
{ "type": "Feature", "properties": { "nome_folha": "O43" }, "geometry": { "type": "Polygon", "coordinates": [ [ [ 78.0, 24.0 ], [ 78.0, 28.0 ], [ 72.0, 28.0 ], [ 72.0, 24.0 ], [ 78.0, 24.0 ] ] ] } },
{ "type": "Feature", "properties": { "nome_folha": "O44" }, "geometry": { "type": "Polygon", "coordinates": [ [ [ 84.0, 24.0 ], [ 84.0, 28.0 ], [ 78.0, 28.0 ], [ 78.0, 24.0 ], [ 84.0, 24.0 ] ] ] } },
{ "type": "Feature", "properties": { "nome_folha": "O45" }, "geometry": { "type": "Polygon", "coordinates": [ [ [ 90.0, 24.0 ], [ 90.0, 28.0 ], [ 84.0, 28.0 ], [ 84.0, 24.0 ], [ 90.0, 24.0 ] ] ] } },
{ "type": "Feature", "properties": { "nome_folha": "O46" }, "geometry": { "type": "Polygon", "coordinates": [ [ [ 96.0, 24.0 ], [ 96.0, 28.0 ], [ 90.0, 28.0 ], [ 90.0, 24.0 ], [ 96.0, 24.0 ] ] ] } },
{ "type": "Feature", "properties": { "nome_folha": "O47" }, "geometry": { "type": "Polygon", "coordinates": [ [ [ 102.0, 24.0 ], [ 102.0, 28.0 ], [ 96.0, 28.0 ], [ 96.0, 24.0 ], [ 102.0, 24.0 ] ] ] } },
{ "type": "Feature", "properties": { "nome_folha": "O48" }, "geometry": { "type": "Polygon", "coordinates": [ [ [ 108.0, 24.0 ], [ 108.0, 28.0 ], [ 102.0, 28.0 ], [ 102.0, 24.0 ], [ 108.0, 24.0 ] ] ] } },
{ "type": "Feature", "properties": { "nome_folha": "O49" }, "geometry": { "type": "Polygon", "coordinates": [ [ [ 114.0, 24.0 ], [ 114.0, 28.0 ], [ 108.0, 28.0 ], [ 108.0, 24.0 ], [ 114.0, 24.0 ] ] ] } },
{ "type": "Feature", "properties": { "nome_folha": "O50" }, "geometry": { "type": "Polygon", "coordinates": [ [ [ 120.0, 24.0 ], [ 120.0, 28.0 ], [ 114.0, 28.0 ], [ 114.0, 24.0 ], [ 120.0, 24.0 ] ] ] } },
{ "type": "Feature", "properties": { "nome_folha": "O51" }, "geometry": { "type": "Polygon", "coordinates": [ [ [ 126.0, 24.0 ], [ 126.0, 28.0 ], [ 120.0, 28.0 ], [ 120.0, 24.0 ], [ 126.0, 24.0 ] ] ] } },
{ "type": "Feature", "properties": { "nome_folha": "O52" }, "geometry": { "type": "Polygon", "coordinates": [ [ [ 132.0, 24.0 ], [ 132.0, 28.0 ], [ 126.0, 28.0 ], [ 126.0, 24.0 ], [ 132.0, 24.0 ] ] ] } },
{ "type": "Feature", "properties": { "nome_folha": "O53" }, "geometry": { "type": "Polygon", "coordinates": [ [ [ 138.0, 24.0 ], [ 138.0, 28.0 ], [ 132.0, 28.0 ], [ 132.0, 24.0 ], [ 138.0, 24.0 ] ] ] } },
{ "type": "Feature", "properties": { "nome_folha": "O54" }, "geometry": { "type": "Polygon", "coordinates": [ [ [ 144.0, 24.0 ], [ 144.0, 28.0 ], [ 138.0, 28.0 ], [ 138.0, 24.0 ], [ 144.0, 24.0 ] ] ] } },
{ "type": "Feature", "properties": { "nome_folha": "O55" }, "geometry": { "type": "Polygon", "coordinates": [ [ [ 150.0, 24.0 ], [ 150.0, 28.0 ], [ 144.0, 28.0 ], [ 144.0, 24.0 ], [ 150.0, 24.0 ] ] ] } },
{ "type": "Feature", "properties": { "nome_folha": "O56" }, "geometry": { "type": "Polygon", "coordinates": [ [ [ 156.0, 24.0 ], [ 156.0, 28.0 ], [ 150.0, 28.0 ], [ 150.0, 24.0 ], [ 156.0, 24.0 ] ] ] } },
{ "type": "Feature", "properties": { "nome_folha": "O57" }, "geometry": { "type": "Polygon", "coordinates": [ [ [ 162.0, 24.0 ], [ 162.0, 28.0 ], [ 156.0, 28.0 ], [ 156.0, 24.0 ], [ 162.0, 24.0 ] ] ] } },
{ "type": "Feature", "properties": { "nome_folha": "O58" }, "geometry": { "type": "Polygon", "coordinates": [ [ [ 168.0, 24.0 ], [ 168.0, 28.0 ], [ 162.0, 28.0 ], [ 162.0, 24.0 ], [ 168.0, 24.0 ] ] ] } },
{ "type": "Feature", "properties": { "nome_folha": "O59" }, "geometry": { "type": "Polygon", "coordinates": [ [ [ 174.0, 24.0 ], [ 174.0, 28.0 ], [ 168.0, 28.0 ], [ 168.0, 24.0 ], [ 174.0, 24.0 ] ] ] } },
{ "type": "Feature", "properties": { "nome_folha": "O60" }, "geometry": { "type": "Polygon", "coordinates": [ [ [ 180.0, 24.0 ], [ 180.0, 28.0 ], [ 174.0, 28.0 ], [ 174.0, 24.0 ], [ 180.0, 24.0 ] ] ] } },
{ "type": "Feature", "properties": { "nome_folha": "N01" }, "geometry": { "type": "Polygon", "coordinates": [ [ [ -174.0, 28.0 ], [ -174.0, 32.0 ], [ -180.0, 32.0 ], [ -180.0, 28.0 ], [ -174.0, 28.0 ] ] ] } },
{ "type": "Feature", "properties": { "nome_folha": "N02" }, "geometry": { "type": "Polygon", "coordinates": [ [ [ -168.0, 28.0 ], [ -168.0, 32.0 ], [ -174.0, 32.0 ], [ -174.0, 28.0 ], [ -168.0, 28.0 ] ] ] } },
{ "type": "Feature", "properties": { "nome_folha": "N03" }, "geometry": { "type": "Polygon", "coordinates": [ [ [ -162.0, 28.0 ], [ -162.0, 32.0 ], [ -168.0, 32.0 ], [ -168.0, 28.0 ], [ -162.0, 28.0 ] ] ] } },
{ "type": "Feature", "properties": { "nome_folha": "N04" }, "geometry": { "type": "Polygon", "coordinates": [ [ [ -156.0, 28.0 ], [ -156.0, 32.0 ], [ -162.0, 32.0 ], [ -162.0, 28.0 ], [ -156.0, 28.0 ] ] ] } },
{ "type": "Feature", "properties": { "nome_folha": "N05" }, "geometry": { "type": "Polygon", "coordinates": [ [ [ -150.0, 28.0 ], [ -150.0, 32.0 ], [ -156.0, 32.0 ], [ -156.0, 28.0 ], [ -150.0, 28.0 ] ] ] } },
{ "type": "Feature", "properties": { "nome_folha": "N06" }, "geometry": { "type": "Polygon", "coordinates": [ [ [ -144.0, 28.0 ], [ -144.0, 32.0 ], [ -150.0, 32.0 ], [ -150.0, 28.0 ], [ -144.0, 28.0 ] ] ] } },
{ "type": "Feature", "properties": { "nome_folha": "N07" }, "geometry": { "type": "Polygon", "coordinates": [ [ [ -138.0, 28.0 ], [ -138.0, 32.0 ], [ -144.0, 32.0 ], [ -144.0, 28.0 ], [ -138.0, 28.0 ] ] ] } },
{ "type": "Feature", "properties": { "nome_folha": "N08" }, "geometry": { "type": "Polygon", "coordinates": [ [ [ -132.0, 28.0 ], [ -132.0, 32.0 ], [ -138.0, 32.0 ], [ -138.0, 28.0 ], [ -132.0, 28.0 ] ] ] } },
{ "type": "Feature", "properties": { "nome_folha": "N09" }, "geometry": { "type": "Polygon", "coordinates": [ [ [ -126.0, 28.0 ], [ -126.0, 32.0 ], [ -132.0, 32.0 ], [ -132.0, 28.0 ], [ -126.0, 28.0 ] ] ] } },
{ "type": "Feature", "properties": { "nome_folha": "N10" }, "geometry": { "type": "Polygon", "coordinates": [ [ [ -120.0, 28.0 ], [ -120.0, 32.0 ], [ -126.0, 32.0 ], [ -126.0, 28.0 ], [ -120.0, 28.0 ] ] ] } },
{ "type": "Feature", "properties": { "nome_folha": "N11" }, "geometry": { "type": "Polygon", "coordinates": [ [ [ -114.0, 28.0 ], [ -114.0, 32.0 ], [ -120.0, 32.0 ], [ -120.0, 28.0 ], [ -114.0, 28.0 ] ] ] } },
{ "type": "Feature", "properties": { "nome_folha": "N12" }, "geometry": { "type": "Polygon", "coordinates": [ [ [ -108.0, 28.0 ], [ -108.0, 32.0 ], [ -114.0, 32.0 ], [ -114.0, 28.0 ], [ -108.0, 28.0 ] ] ] } },
{ "type": "Feature", "properties": { "nome_folha": "N13" }, "geometry": { "type": "Polygon", "coordinates": [ [ [ -102.0, 28.0 ], [ -102.0, 32.0 ], [ -108.0, 32.0 ], [ -108.0, 28.0 ], [ -102.0, 28.0 ] ] ] } },
{ "type": "Feature", "properties": { "nome_folha": "N14" }, "geometry": { "type": "Polygon", "coordinates": [ [ [ -96.0, 28.0 ], [ -96.0, 32.0 ], [ -102.0, 32.0 ], [ -102.0, 28.0 ], [ -96.0, 28.0 ] ] ] } },
{ "type": "Feature", "properties": { "nome_folha": "N15" }, "geometry": { "type": "Polygon", "coordinates": [ [ [ -90.0, 28.0 ], [ -90.0, 32.0 ], [ -96.0, 32.0 ], [ -96.0, 28.0 ], [ -90.0, 28.0 ] ] ] } },
{ "type": "Feature", "properties": { "nome_folha": "N16" }, "geometry": { "type": "Polygon", "coordinates": [ [ [ -84.0, 28.0 ], [ -84.0, 32.0 ], [ -90.0, 32.0 ], [ -90.0, 28.0 ], [ -84.0, 28.0 ] ] ] } },
{ "type": "Feature", "properties": { "nome_folha": "N17" }, "geometry": { "type": "Polygon", "coordinates": [ [ [ -78.0, 28.0 ], [ -78.0, 32.0 ], [ -84.0, 32.0 ], [ -84.0, 28.0 ], [ -78.0, 28.0 ] ] ] } },
{ "type": "Feature", "properties": { "nome_folha": "N18" }, "geometry": { "type": "Polygon", "coordinates": [ [ [ -72.0, 28.0 ], [ -72.0, 32.0 ], [ -78.0, 32.0 ], [ -78.0, 28.0 ], [ -72.0, 28.0 ] ] ] } },
{ "type": "Feature", "properties": { "nome_folha": "N19" }, "geometry": { "type": "Polygon", "coordinates": [ [ [ -66.0, 28.0 ], [ -66.0, 32.0 ], [ -72.0, 32.0 ], [ -72.0, 28.0 ], [ -66.0, 28.0 ] ] ] } },
{ "type": "Feature", "properties": { "nome_folha": "N20" }, "geometry": { "type": "Polygon", "coordinates": [ [ [ -60.0, 28.0 ], [ -60.0, 32.0 ], [ -66.0, 32.0 ], [ -66.0, 28.0 ], [ -60.0, 28.0 ] ] ] } },
{ "type": "Feature", "properties": { "nome_folha": "N21" }, "geometry": { "type": "Polygon", "coordinates": [ [ [ -54.0, 28.0 ], [ -54.0, 32.0 ], [ -60.0, 32.0 ], [ -60.0, 28.0 ], [ -54.0, 28.0 ] ] ] } },
{ "type": "Feature", "properties": { "nome_folha": "N22" }, "geometry": { "type": "Polygon", "coordinates": [ [ [ -48.0, 28.0 ], [ -48.0, 32.0 ], [ -54.0, 32.0 ], [ -54.0, 28.0 ], [ -48.0, 28.0 ] ] ] } },
{ "type": "Feature", "properties": { "nome_folha": "N23" }, "geometry": { "type": "Polygon", "coordinates": [ [ [ -42.0, 28.0 ], [ -42.0, 32.0 ], [ -48.0, 32.0 ], [ -48.0, 28.0 ], [ -42.0, 28.0 ] ] ] } },
{ "type": "Feature", "properties": { "nome_folha": "N24" }, "geometry": { "type": "Polygon", "coordinates": [ [ [ -36.0, 28.0 ], [ -36.0, 32.0 ], [ -42.0, 32.0 ], [ -42.0, 28.0 ], [ -36.0, 28.0 ] ] ] } },
{ "type": "Feature", "properties": { "nome_folha": "N25" }, "geometry": { "type": "Polygon", "coordinates": [ [ [ -30.0, 28.0 ], [ -30.0, 32.0 ], [ -36.0, 32.0 ], [ -36.0, 28.0 ], [ -30.0, 28.0 ] ] ] } },
{ "type": "Feature", "properties": { "nome_folha": "N26" }, "geometry": { "type": "Polygon", "coordinates": [ [ [ -24.0, 28.0 ], [ -24.0, 32.0 ], [ -30.0, 32.0 ], [ -30.0, 28.0 ], [ -24.0, 28.0 ] ] ] } },
{ "type": "Feature", "properties": { "nome_folha": "N27" }, "geometry": { "type": "Polygon", "coordinates": [ [ [ -18.0, 28.0 ], [ -18.0, 32.0 ], [ -24.0, 32.0 ], [ -24.0, 28.0 ], [ -18.0, 28.0 ] ] ] } },
{ "type": "Feature", "properties": { "nome_folha": "N28" }, "geometry": { "type": "Polygon", "coordinates": [ [ [ -12.0, 28.0 ], [ -12.0, 32.0 ], [ -18.0, 32.0 ], [ -18.0, 28.0 ], [ -12.0, 28.0 ] ] ] } },
{ "type": "Feature", "properties": { "nome_folha": "N29" }, "geometry": { "type": "Polygon", "coordinates": [ [ [ -6.0, 28.0 ], [ -6.0, 32.0 ], [ -12.0, 32.0 ], [ -12.0, 28.0 ], [ -6.0, 28.0 ] ] ] } },
{ "type": "Feature", "properties": { "nome_folha": "N30" }, "geometry": { "type": "Polygon", "coordinates": [ [ [ 0.0, 28.0 ], [ 0.0, 32.0 ], [ -6.0, 32.0 ], [ -6.0, 28.0 ], [ 0.0, 28.0 ] ] ] } },
{ "type": "Feature", "properties": { "nome_folha": "N31" }, "geometry": { "type": "Polygon", "coordinates": [ [ [ 6.0, 28.0 ], [ 6.0, 32.0 ], [ 0.0, 32.0 ], [ 0.0, 28.0 ], [ 6.0, 28.0 ] ] ] } },
{ "type": "Feature", "properties": { "nome_folha": "N32" }, "geometry": { "type": "Polygon", "coordinates": [ [ [ 12.0, 28.0 ], [ 12.0, 32.0 ], [ 6.0, 32.0 ], [ 6.0, 28.0 ], [ 12.0, 28.0 ] ] ] } },
{ "type": "Feature", "properties": { "nome_folha": "N33" }, "geometry": { "type": "Polygon", "coordinates": [ [ [ 18.0, 28.0 ], [ 18.0, 32.0 ], [ 12.0, 32.0 ], [ 12.0, 28.0 ], [ 18.0, 28.0 ] ] ] } },
{ "type": "Feature", "properties": { "nome_folha": "N34" }, "geometry": { "type": "Polygon", "coordinates": [ [ [ 24.0, 28.0 ], [ 24.0, 32.0 ], [ 18.0, 32.0 ], [ 18.0, 28.0 ], [ 24.0, 28.0 ] ] ] } },
{ "type": "Feature", "properties": { "nome_folha": "N35" }, "geometry": { "type": "Polygon", "coordinates": [ [ [ 30.0, 28.0 ], [ 30.0, 32.0 ], [ 24.0, 32.0 ], [ 24.0, 28.0 ], [ 30.0, 28.0 ] ] ] } },
{ "type": "Feature", "properties": { "nome_folha": "N36" }, "geometry": { "type": "Polygon", "coordinates": [ [ [ 36.0, 28.0 ], [ 36.0, 32.0 ], [ 30.0, 32.0 ], [ 30.0, 28.0 ], [ 36.0, 28.0 ] ] ] } },
{ "type": "Feature", "properties": { "nome_folha": "N37" }, "geometry": { "type": "Polygon", "coordinates": [ [ [ 42.0, 28.0 ], [ 42.0, 32.0 ], [ 36.0, 32.0 ], [ 36.0, 28.0 ], [ 42.0, 28.0 ] ] ] } },
{ "type": "Feature", "properties": { "nome_folha": "N38" }, "geometry": { "type": "Polygon", "coordinates": [ [ [ 48.0, 28.0 ], [ 48.0, 32.0 ], [ 42.0, 32.0 ], [ 42.0, 28.0 ], [ 48.0, 28.0 ] ] ] } },
{ "type": "Feature", "properties": { "nome_folha": "N39" }, "geometry": { "type": "Polygon", "coordinates": [ [ [ 54.0, 28.0 ], [ 54.0, 32.0 ], [ 48.0, 32.0 ], [ 48.0, 28.0 ], [ 54.0, 28.0 ] ] ] } },
{ "type": "Feature", "properties": { "nome_folha": "N40" }, "geometry": { "type": "Polygon", "coordinates": [ [ [ 60.0, 28.0 ], [ 60.0, 32.0 ], [ 54.0, 32.0 ], [ 54.0, 28.0 ], [ 60.0, 28.0 ] ] ] } },
{ "type": "Feature", "properties": { "nome_folha": "N41" }, "geometry": { "type": "Polygon", "coordinates": [ [ [ 66.0, 28.0 ], [ 66.0, 32.0 ], [ 60.0, 32.0 ], [ 60.0, 28.0 ], [ 66.0, 28.0 ] ] ] } },
{ "type": "Feature", "properties": { "nome_folha": "N42" }, "geometry": { "type": "Polygon", "coordinates": [ [ [ 72.0, 28.0 ], [ 72.0, 32.0 ], [ 66.0, 32.0 ], [ 66.0, 28.0 ], [ 72.0, 28.0 ] ] ] } },
{ "type": "Feature", "properties": { "nome_folha": "N43" }, "geometry": { "type": "Polygon", "coordinates": [ [ [ 78.0, 28.0 ], [ 78.0, 32.0 ], [ 72.0, 32.0 ], [ 72.0, 28.0 ], [ 78.0, 28.0 ] ] ] } },
{ "type": "Feature", "properties": { "nome_folha": "N44" }, "geometry": { "type": "Polygon", "coordinates": [ [ [ 84.0, 28.0 ], [ 84.0, 32.0 ], [ 78.0, 32.0 ], [ 78.0, 28.0 ], [ 84.0, 28.0 ] ] ] } },
{ "type": "Feature", "properties": { "nome_folha": "N45" }, "geometry": { "type": "Polygon", "coordinates": [ [ [ 90.0, 28.0 ], [ 90.0, 32.0 ], [ 84.0, 32.0 ], [ 84.0, 28.0 ], [ 90.0, 28.0 ] ] ] } },
{ "type": "Feature", "properties": { "nome_folha": "N46" }, "geometry": { "type": "Polygon", "coordinates": [ [ [ 96.0, 28.0 ], [ 96.0, 32.0 ], [ 90.0, 32.0 ], [ 90.0, 28.0 ], [ 96.0, 28.0 ] ] ] } },
{ "type": "Feature", "properties": { "nome_folha": "N47" }, "geometry": { "type": "Polygon", "coordinates": [ [ [ 102.0, 28.0 ], [ 102.0, 32.0 ], [ 96.0, 32.0 ], [ 96.0, 28.0 ], [ 102.0, 28.0 ] ] ] } },
{ "type": "Feature", "properties": { "nome_folha": "N48" }, "geometry": { "type": "Polygon", "coordinates": [ [ [ 108.0, 28.0 ], [ 108.0, 32.0 ], [ 102.0, 32.0 ], [ 102.0, 28.0 ], [ 108.0, 28.0 ] ] ] } },
{ "type": "Feature", "properties": { "nome_folha": "N49" }, "geometry": { "type": "Polygon", "coordinates": [ [ [ 114.0, 28.0 ], [ 114.0, 32.0 ], [ 108.0, 32.0 ], [ 108.0, 28.0 ], [ 114.0, 28.0 ] ] ] } },
{ "type": "Feature", "properties": { "nome_folha": "N50" }, "geometry": { "type": "Polygon", "coordinates": [ [ [ 120.0, 28.0 ], [ 120.0, 32.0 ], [ 114.0, 32.0 ], [ 114.0, 28.0 ], [ 120.0, 28.0 ] ] ] } },
{ "type": "Feature", "properties": { "nome_folha": "N51" }, "geometry": { "type": "Polygon", "coordinates": [ [ [ 126.0, 28.0 ], [ 126.0, 32.0 ], [ 120.0, 32.0 ], [ 120.0, 28.0 ], [ 126.0, 28.0 ] ] ] } },
{ "type": "Feature", "properties": { "nome_folha": "N52" }, "geometry": { "type": "Polygon", "coordinates": [ [ [ 132.0, 28.0 ], [ 132.0, 32.0 ], [ 126.0, 32.0 ], [ 126.0, 28.0 ], [ 132.0, 28.0 ] ] ] } },
{ "type": "Feature", "properties": { "nome_folha": "N53" }, "geometry": { "type": "Polygon", "coordinates": [ [ [ 138.0, 28.0 ], [ 138.0, 32.0 ], [ 132.0, 32.0 ], [ 132.0, 28.0 ], [ 138.0, 28.0 ] ] ] } },
{ "type": "Feature", "properties": { "nome_folha": "N54" }, "geometry": { "type": "Polygon", "coordinates": [ [ [ 144.0, 28.0 ], [ 144.0, 32.0 ], [ 138.0, 32.0 ], [ 138.0, 28.0 ], [ 144.0, 28.0 ] ] ] } },
{ "type": "Feature", "properties": { "nome_folha": "N55" }, "geometry": { "type": "Polygon", "coordinates": [ [ [ 150.0, 28.0 ], [ 150.0, 32.0 ], [ 144.0, 32.0 ], [ 144.0, 28.0 ], [ 150.0, 28.0 ] ] ] } },
{ "type": "Feature", "properties": { "nome_folha": "N56" }, "geometry": { "type": "Polygon", "coordinates": [ [ [ 156.0, 28.0 ], [ 156.0, 32.0 ], [ 150.0, 32.0 ], [ 150.0, 28.0 ], [ 156.0, 28.0 ] ] ] } },
{ "type": "Feature", "properties": { "nome_folha": "N57" }, "geometry": { "type": "Polygon", "coordinates": [ [ [ 162.0, 28.0 ], [ 162.0, 32.0 ], [ 156.0, 32.0 ], [ 156.0, 28.0 ], [ 162.0, 28.0 ] ] ] } },
{ "type": "Feature", "properties": { "nome_folha": "N58" }, "geometry": { "type": "Polygon", "coordinates": [ [ [ 168.0, 28.0 ], [ 168.0, 32.0 ], [ 162.0, 32.0 ], [ 162.0, 28.0 ], [ 168.0, 28.0 ] ] ] } },
{ "type": "Feature", "properties": { "nome_folha": "N59" }, "geometry": { "type": "Polygon", "coordinates": [ [ [ 174.0, 28.0 ], [ 174.0, 32.0 ], [ 168.0, 32.0 ], [ 168.0, 28.0 ], [ 174.0, 28.0 ] ] ] } },
{ "type": "Feature", "properties": { "nome_folha": "N60" }, "geometry": { "type": "Polygon", "coordinates": [ [ [ 180.0, 28.0 ], [ 180.0, 32.0 ], [ 174.0, 32.0 ], [ 174.0, 28.0 ], [ 180.0, 28.0 ] ] ] } },
{ "type": "Feature", "properties": { "nome_folha": "M01" }, "geometry": { "type": "Polygon", "coordinates": [ [ [ -174.0, 32.0 ], [ -174.0, 36.0 ], [ -180.0, 36.0 ], [ -180.0, 32.0 ], [ -174.0, 32.0 ] ] ] } },
{ "type": "Feature", "properties": { "nome_folha": "M02" }, "geometry": { "type": "Polygon", "coordinates": [ [ [ -168.0, 32.0 ], [ -168.0, 36.0 ], [ -174.0, 36.0 ], [ -174.0, 32.0 ], [ -168.0, 32.0 ] ] ] } },
{ "type": "Feature", "properties": { "nome_folha": "M03" }, "geometry": { "type": "Polygon", "coordinates": [ [ [ -162.0, 32.0 ], [ -162.0, 36.0 ], [ -168.0, 36.0 ], [ -168.0, 32.0 ], [ -162.0, 32.0 ] ] ] } },
{ "type": "Feature", "properties": { "nome_folha": "M04" }, "geometry": { "type": "Polygon", "coordinates": [ [ [ -156.0, 32.0 ], [ -156.0, 36.0 ], [ -162.0, 36.0 ], [ -162.0, 32.0 ], [ -156.0, 32.0 ] ] ] } },
{ "type": "Feature", "properties": { "nome_folha": "M05" }, "geometry": { "type": "Polygon", "coordinates": [ [ [ -150.0, 32.0 ], [ -150.0, 36.0 ], [ -156.0, 36.0 ], [ -156.0, 32.0 ], [ -150.0, 32.0 ] ] ] } },
{ "type": "Feature", "properties": { "nome_folha": "M06" }, "geometry": { "type": "Polygon", "coordinates": [ [ [ -144.0, 32.0 ], [ -144.0, 36.0 ], [ -150.0, 36.0 ], [ -150.0, 32.0 ], [ -144.0, 32.0 ] ] ] } },
{ "type": "Feature", "properties": { "nome_folha": "M07" }, "geometry": { "type": "Polygon", "coordinates": [ [ [ -138.0, 32.0 ], [ -138.0, 36.0 ], [ -144.0, 36.0 ], [ -144.0, 32.0 ], [ -138.0, 32.0 ] ] ] } },
{ "type": "Feature", "properties": { "nome_folha": "M08" }, "geometry": { "type": "Polygon", "coordinates": [ [ [ -132.0, 32.0 ], [ -132.0, 36.0 ], [ -138.0, 36.0 ], [ -138.0, 32.0 ], [ -132.0, 32.0 ] ] ] } },
{ "type": "Feature", "properties": { "nome_folha": "M09" }, "geometry": { "type": "Polygon", "coordinates": [ [ [ -126.0, 32.0 ], [ -126.0, 36.0 ], [ -132.0, 36.0 ], [ -132.0, 32.0 ], [ -126.0, 32.0 ] ] ] } },
{ "type": "Feature", "properties": { "nome_folha": "M10" }, "geometry": { "type": "Polygon", "coordinates": [ [ [ -120.0, 32.0 ], [ -120.0, 36.0 ], [ -126.0, 36.0 ], [ -126.0, 32.0 ], [ -120.0, 32.0 ] ] ] } },
{ "type": "Feature", "properties": { "nome_folha": "M11" }, "geometry": { "type": "Polygon", "coordinates": [ [ [ -114.0, 32.0 ], [ -114.0, 36.0 ], [ -120.0, 36.0 ], [ -120.0, 32.0 ], [ -114.0, 32.0 ] ] ] } },
{ "type": "Feature", "properties": { "nome_folha": "M12" }, "geometry": { "type": "Polygon", "coordinates": [ [ [ -108.0, 32.0 ], [ -108.0, 36.0 ], [ -114.0, 36.0 ], [ -114.0, 32.0 ], [ -108.0, 32.0 ] ] ] } },
{ "type": "Feature", "properties": { "nome_folha": "M13" }, "geometry": { "type": "Polygon", "coordinates": [ [ [ -102.0, 32.0 ], [ -102.0, 36.0 ], [ -108.0, 36.0 ], [ -108.0, 32.0 ], [ -102.0, 32.0 ] ] ] } },
{ "type": "Feature", "properties": { "nome_folha": "M14" }, "geometry": { "type": "Polygon", "coordinates": [ [ [ -96.0, 32.0 ], [ -96.0, 36.0 ], [ -102.0, 36.0 ], [ -102.0, 32.0 ], [ -96.0, 32.0 ] ] ] } },
{ "type": "Feature", "properties": { "nome_folha": "M15" }, "geometry": { "type": "Polygon", "coordinates": [ [ [ -90.0, 32.0 ], [ -90.0, 36.0 ], [ -96.0, 36.0 ], [ -96.0, 32.0 ], [ -90.0, 32.0 ] ] ] } },
{ "type": "Feature", "properties": { "nome_folha": "M16" }, "geometry": { "type": "Polygon", "coordinates": [ [ [ -84.0, 32.0 ], [ -84.0, 36.0 ], [ -90.0, 36.0 ], [ -90.0, 32.0 ], [ -84.0, 32.0 ] ] ] } },
{ "type": "Feature", "properties": { "nome_folha": "M17" }, "geometry": { "type": "Polygon", "coordinates": [ [ [ -78.0, 32.0 ], [ -78.0, 36.0 ], [ -84.0, 36.0 ], [ -84.0, 32.0 ], [ -78.0, 32.0 ] ] ] } },
{ "type": "Feature", "properties": { "nome_folha": "M18" }, "geometry": { "type": "Polygon", "coordinates": [ [ [ -72.0, 32.0 ], [ -72.0, 36.0 ], [ -78.0, 36.0 ], [ -78.0, 32.0 ], [ -72.0, 32.0 ] ] ] } },
{ "type": "Feature", "properties": { "nome_folha": "M19" }, "geometry": { "type": "Polygon", "coordinates": [ [ [ -66.0, 32.0 ], [ -66.0, 36.0 ], [ -72.0, 36.0 ], [ -72.0, 32.0 ], [ -66.0, 32.0 ] ] ] } },
{ "type": "Feature", "properties": { "nome_folha": "M20" }, "geometry": { "type": "Polygon", "coordinates": [ [ [ -60.0, 32.0 ], [ -60.0, 36.0 ], [ -66.0, 36.0 ], [ -66.0, 32.0 ], [ -60.0, 32.0 ] ] ] } },
{ "type": "Feature", "properties": { "nome_folha": "M21" }, "geometry": { "type": "Polygon", "coordinates": [ [ [ -54.0, 32.0 ], [ -54.0, 36.0 ], [ -60.0, 36.0 ], [ -60.0, 32.0 ], [ -54.0, 32.0 ] ] ] } },
{ "type": "Feature", "properties": { "nome_folha": "M22" }, "geometry": { "type": "Polygon", "coordinates": [ [ [ -48.0, 32.0 ], [ -48.0, 36.0 ], [ -54.0, 36.0 ], [ -54.0, 32.0 ], [ -48.0, 32.0 ] ] ] } },
{ "type": "Feature", "properties": { "nome_folha": "M23" }, "geometry": { "type": "Polygon", "coordinates": [ [ [ -42.0, 32.0 ], [ -42.0, 36.0 ], [ -48.0, 36.0 ], [ -48.0, 32.0 ], [ -42.0, 32.0 ] ] ] } },
{ "type": "Feature", "properties": { "nome_folha": "M24" }, "geometry": { "type": "Polygon", "coordinates": [ [ [ -36.0, 32.0 ], [ -36.0, 36.0 ], [ -42.0, 36.0 ], [ -42.0, 32.0 ], [ -36.0, 32.0 ] ] ] } },
{ "type": "Feature", "properties": { "nome_folha": "M25" }, "geometry": { "type": "Polygon", "coordinates": [ [ [ -30.0, 32.0 ], [ -30.0, 36.0 ], [ -36.0, 36.0 ], [ -36.0, 32.0 ], [ -30.0, 32.0 ] ] ] } },
{ "type": "Feature", "properties": { "nome_folha": "M26" }, "geometry": { "type": "Polygon", "coordinates": [ [ [ -24.0, 32.0 ], [ -24.0, 36.0 ], [ -30.0, 36.0 ], [ -30.0, 32.0 ], [ -24.0, 32.0 ] ] ] } },
{ "type": "Feature", "properties": { "nome_folha": "M27" }, "geometry": { "type": "Polygon", "coordinates": [ [ [ -18.0, 32.0 ], [ -18.0, 36.0 ], [ -24.0, 36.0 ], [ -24.0, 32.0 ], [ -18.0, 32.0 ] ] ] } },
{ "type": "Feature", "properties": { "nome_folha": "M28" }, "geometry": { "type": "Polygon", "coordinates": [ [ [ -12.0, 32.0 ], [ -12.0, 36.0 ], [ -18.0, 36.0 ], [ -18.0, 32.0 ], [ -12.0, 32.0 ] ] ] } },
{ "type": "Feature", "properties": { "nome_folha": "M29" }, "geometry": { "type": "Polygon", "coordinates": [ [ [ -6.0, 32.0 ], [ -6.0, 36.0 ], [ -12.0, 36.0 ], [ -12.0, 32.0 ], [ -6.0, 32.0 ] ] ] } },
{ "type": "Feature", "properties": { "nome_folha": "M30" }, "geometry": { "type": "Polygon", "coordinates": [ [ [ 0.0, 32.0 ], [ 0.0, 36.0 ], [ -6.0, 36.0 ], [ -6.0, 32.0 ], [ 0.0, 32.0 ] ] ] } },
{ "type": "Feature", "properties": { "nome_folha": "M31" }, "geometry": { "type": "Polygon", "coordinates": [ [ [ 6.0, 32.0 ], [ 6.0, 36.0 ], [ 0.0, 36.0 ], [ 0.0, 32.0 ], [ 6.0, 32.0 ] ] ] } },
{ "type": "Feature", "properties": { "nome_folha": "M32" }, "geometry": { "type": "Polygon", "coordinates": [ [ [ 12.0, 32.0 ], [ 12.0, 36.0 ], [ 6.0, 36.0 ], [ 6.0, 32.0 ], [ 12.0, 32.0 ] ] ] } },
{ "type": "Feature", "properties": { "nome_folha": "M33" }, "geometry": { "type": "Polygon", "coordinates": [ [ [ 18.0, 32.0 ], [ 18.0, 36.0 ], [ 12.0, 36.0 ], [ 12.0, 32.0 ], [ 18.0, 32.0 ] ] ] } },
{ "type": "Feature", "properties": { "nome_folha": "M34" }, "geometry": { "type": "Polygon", "coordinates": [ [ [ 24.0, 32.0 ], [ 24.0, 36.0 ], [ 18.0, 36.0 ], [ 18.0, 32.0 ], [ 24.0, 32.0 ] ] ] } },
{ "type": "Feature", "properties": { "nome_folha": "M35" }, "geometry": { "type": "Polygon", "coordinates": [ [ [ 30.0, 32.0 ], [ 30.0, 36.0 ], [ 24.0, 36.0 ], [ 24.0, 32.0 ], [ 30.0, 32.0 ] ] ] } },
{ "type": "Feature", "properties": { "nome_folha": "M36" }, "geometry": { "type": "Polygon", "coordinates": [ [ [ 36.0, 32.0 ], [ 36.0, 36.0 ], [ 30.0, 36.0 ], [ 30.0, 32.0 ], [ 36.0, 32.0 ] ] ] } },
{ "type": "Feature", "properties": { "nome_folha": "M37" }, "geometry": { "type": "Polygon", "coordinates": [ [ [ 42.0, 32.0 ], [ 42.0, 36.0 ], [ 36.0, 36.0 ], [ 36.0, 32.0 ], [ 42.0, 32.0 ] ] ] } },
{ "type": "Feature", "properties": { "nome_folha": "M38" }, "geometry": { "type": "Polygon", "coordinates": [ [ [ 48.0, 32.0 ], [ 48.0, 36.0 ], [ 42.0, 36.0 ], [ 42.0, 32.0 ], [ 48.0, 32.0 ] ] ] } },
{ "type": "Feature", "properties": { "nome_folha": "M39" }, "geometry": { "type": "Polygon", "coordinates": [ [ [ 54.0, 32.0 ], [ 54.0, 36.0 ], [ 48.0, 36.0 ], [ 48.0, 32.0 ], [ 54.0, 32.0 ] ] ] } },
{ "type": "Feature", "properties": { "nome_folha": "M40" }, "geometry": { "type": "Polygon", "coordinates": [ [ [ 60.0, 32.0 ], [ 60.0, 36.0 ], [ 54.0, 36.0 ], [ 54.0, 32.0 ], [ 60.0, 32.0 ] ] ] } },
{ "type": "Feature", "properties": { "nome_folha": "M41" }, "geometry": { "type": "Polygon", "coordinates": [ [ [ 66.0, 32.0 ], [ 66.0, 36.0 ], [ 60.0, 36.0 ], [ 60.0, 32.0 ], [ 66.0, 32.0 ] ] ] } },
{ "type": "Feature", "properties": { "nome_folha": "M42" }, "geometry": { "type": "Polygon", "coordinates": [ [ [ 72.0, 32.0 ], [ 72.0, 36.0 ], [ 66.0, 36.0 ], [ 66.0, 32.0 ], [ 72.0, 32.0 ] ] ] } },
{ "type": "Feature", "properties": { "nome_folha": "M43" }, "geometry": { "type": "Polygon", "coordinates": [ [ [ 78.0, 32.0 ], [ 78.0, 36.0 ], [ 72.0, 36.0 ], [ 72.0, 32.0 ], [ 78.0, 32.0 ] ] ] } },
{ "type": "Feature", "properties": { "nome_folha": "M44" }, "geometry": { "type": "Polygon", "coordinates": [ [ [ 84.0, 32.0 ], [ 84.0, 36.0 ], [ 78.0, 36.0 ], [ 78.0, 32.0 ], [ 84.0, 32.0 ] ] ] } },
{ "type": "Feature", "properties": { "nome_folha": "M45" }, "geometry": { "type": "Polygon", "coordinates": [ [ [ 90.0, 32.0 ], [ 90.0, 36.0 ], [ 84.0, 36.0 ], [ 84.0, 32.0 ], [ 90.0, 32.0 ] ] ] } },
{ "type": "Feature", "properties": { "nome_folha": "M46" }, "geometry": { "type": "Polygon", "coordinates": [ [ [ 96.0, 32.0 ], [ 96.0, 36.0 ], [ 90.0, 36.0 ], [ 90.0, 32.0 ], [ 96.0, 32.0 ] ] ] } },
{ "type": "Feature", "properties": { "nome_folha": "M47" }, "geometry": { "type": "Polygon", "coordinates": [ [ [ 102.0, 32.0 ], [ 102.0, 36.0 ], [ 96.0, 36.0 ], [ 96.0, 32.0 ], [ 102.0, 32.0 ] ] ] } },
{ "type": "Feature", "properties": { "nome_folha": "M48" }, "geometry": { "type": "Polygon", "coordinates": [ [ [ 108.0, 32.0 ], [ 108.0, 36.0 ], [ 102.0, 36.0 ], [ 102.0, 32.0 ], [ 108.0, 32.0 ] ] ] } },
{ "type": "Feature", "properties": { "nome_folha": "M49" }, "geometry": { "type": "Polygon", "coordinates": [ [ [ 114.0, 32.0 ], [ 114.0, 36.0 ], [ 108.0, 36.0 ], [ 108.0, 32.0 ], [ 114.0, 32.0 ] ] ] } },
{ "type": "Feature", "properties": { "nome_folha": "M50" }, "geometry": { "type": "Polygon", "coordinates": [ [ [ 120.0, 32.0 ], [ 120.0, 36.0 ], [ 114.0, 36.0 ], [ 114.0, 32.0 ], [ 120.0, 32.0 ] ] ] } },
{ "type": "Feature", "properties": { "nome_folha": "M51" }, "geometry": { "type": "Polygon", "coordinates": [ [ [ 126.0, 32.0 ], [ 126.0, 36.0 ], [ 120.0, 36.0 ], [ 120.0, 32.0 ], [ 126.0, 32.0 ] ] ] } },
{ "type": "Feature", "properties": { "nome_folha": "M52" }, "geometry": { "type": "Polygon", "coordinates": [ [ [ 132.0, 32.0 ], [ 132.0, 36.0 ], [ 126.0, 36.0 ], [ 126.0, 32.0 ], [ 132.0, 32.0 ] ] ] } },
{ "type": "Feature", "properties": { "nome_folha": "M53" }, "geometry": { "type": "Polygon", "coordinates": [ [ [ 138.0, 32.0 ], [ 138.0, 36.0 ], [ 132.0, 36.0 ], [ 132.0, 32.0 ], [ 138.0, 32.0 ] ] ] } },
{ "type": "Feature", "properties": { "nome_folha": "M54" }, "geometry": { "type": "Polygon", "coordinates": [ [ [ 144.0, 32.0 ], [ 144.0, 36.0 ], [ 138.0, 36.0 ], [ 138.0, 32.0 ], [ 144.0, 32.0 ] ] ] } },
{ "type": "Feature", "properties": { "nome_folha": "M55" }, "geometry": { "type": "Polygon", "coordinates": [ [ [ 150.0, 32.0 ], [ 150.0, 36.0 ], [ 144.0, 36.0 ], [ 144.0, 32.0 ], [ 150.0, 32.0 ] ] ] } },
{ "type": "Feature", "properties": { "nome_folha": "M56" }, "geometry": { "type": "Polygon", "coordinates": [ [ [ 156.0, 32.0 ], [ 156.0, 36.0 ], [ 150.0, 36.0 ], [ 150.0, 32.0 ], [ 156.0, 32.0 ] ] ] } },
{ "type": "Feature", "properties": { "nome_folha": "M57" }, "geometry": { "type": "Polygon", "coordinates": [ [ [ 162.0, 32.0 ], [ 162.0, 36.0 ], [ 156.0, 36.0 ], [ 156.0, 32.0 ], [ 162.0, 32.0 ] ] ] } },
{ "type": "Feature", "properties": { "nome_folha": "M58" }, "geometry": { "type": "Polygon", "coordinates": [ [ [ 168.0, 32.0 ], [ 168.0, 36.0 ], [ 162.0, 36.0 ], [ 162.0, 32.0 ], [ 168.0, 32.0 ] ] ] } },
{ "type": "Feature", "properties": { "nome_folha": "M59" }, "geometry": { "type": "Polygon", "coordinates": [ [ [ 174.0, 32.0 ], [ 174.0, 36.0 ], [ 168.0, 36.0 ], [ 168.0, 32.0 ], [ 174.0, 32.0 ] ] ] } },
{ "type": "Feature", "properties": { "nome_folha": "M60" }, "geometry": { "type": "Polygon", "coordinates": [ [ [ 180.0, 32.0 ], [ 180.0, 36.0 ], [ 174.0, 36.0 ], [ 174.0, 32.0 ], [ 180.0, 32.0 ] ] ] } },
{ "type": "Feature", "properties": { "nome_folha": "L01" }, "geometry": { "type": "Polygon", "coordinates": [ [ [ -174.0, 36.0 ], [ -174.0, 40.0 ], [ -180.0, 40.0 ], [ -180.0, 36.0 ], [ -174.0, 36.0 ] ] ] } },
{ "type": "Feature", "properties": { "nome_folha": "L02" }, "geometry": { "type": "Polygon", "coordinates": [ [ [ -168.0, 36.0 ], [ -168.0, 40.0 ], [ -174.0, 40.0 ], [ -174.0, 36.0 ], [ -168.0, 36.0 ] ] ] } },
{ "type": "Feature", "properties": { "nome_folha": "L03" }, "geometry": { "type": "Polygon", "coordinates": [ [ [ -162.0, 36.0 ], [ -162.0, 40.0 ], [ -168.0, 40.0 ], [ -168.0, 36.0 ], [ -162.0, 36.0 ] ] ] } },
{ "type": "Feature", "properties": { "nome_folha": "L04" }, "geometry": { "type": "Polygon", "coordinates": [ [ [ -156.0, 36.0 ], [ -156.0, 40.0 ], [ -162.0, 40.0 ], [ -162.0, 36.0 ], [ -156.0, 36.0 ] ] ] } },
{ "type": "Feature", "properties": { "nome_folha": "L05" }, "geometry": { "type": "Polygon", "coordinates": [ [ [ -150.0, 36.0 ], [ -150.0, 40.0 ], [ -156.0, 40.0 ], [ -156.0, 36.0 ], [ -150.0, 36.0 ] ] ] } },
{ "type": "Feature", "properties": { "nome_folha": "L06" }, "geometry": { "type": "Polygon", "coordinates": [ [ [ -144.0, 36.0 ], [ -144.0, 40.0 ], [ -150.0, 40.0 ], [ -150.0, 36.0 ], [ -144.0, 36.0 ] ] ] } },
{ "type": "Feature", "properties": { "nome_folha": "L07" }, "geometry": { "type": "Polygon", "coordinates": [ [ [ -138.0, 36.0 ], [ -138.0, 40.0 ], [ -144.0, 40.0 ], [ -144.0, 36.0 ], [ -138.0, 36.0 ] ] ] } },
{ "type": "Feature", "properties": { "nome_folha": "L08" }, "geometry": { "type": "Polygon", "coordinates": [ [ [ -132.0, 36.0 ], [ -132.0, 40.0 ], [ -138.0, 40.0 ], [ -138.0, 36.0 ], [ -132.0, 36.0 ] ] ] } },
{ "type": "Feature", "properties": { "nome_folha": "L09" }, "geometry": { "type": "Polygon", "coordinates": [ [ [ -126.0, 36.0 ], [ -126.0, 40.0 ], [ -132.0, 40.0 ], [ -132.0, 36.0 ], [ -126.0, 36.0 ] ] ] } },
{ "type": "Feature", "properties": { "nome_folha": "L10" }, "geometry": { "type": "Polygon", "coordinates": [ [ [ -120.0, 36.0 ], [ -120.0, 40.0 ], [ -126.0, 40.0 ], [ -126.0, 36.0 ], [ -120.0, 36.0 ] ] ] } },
{ "type": "Feature", "properties": { "nome_folha": "L11" }, "geometry": { "type": "Polygon", "coordinates": [ [ [ -114.0, 36.0 ], [ -114.0, 40.0 ], [ -120.0, 40.0 ], [ -120.0, 36.0 ], [ -114.0, 36.0 ] ] ] } },
{ "type": "Feature", "properties": { "nome_folha": "L12" }, "geometry": { "type": "Polygon", "coordinates": [ [ [ -108.0, 36.0 ], [ -108.0, 40.0 ], [ -114.0, 40.0 ], [ -114.0, 36.0 ], [ -108.0, 36.0 ] ] ] } },
{ "type": "Feature", "properties": { "nome_folha": "L13" }, "geometry": { "type": "Polygon", "coordinates": [ [ [ -102.0, 36.0 ], [ -102.0, 40.0 ], [ -108.0, 40.0 ], [ -108.0, 36.0 ], [ -102.0, 36.0 ] ] ] } },
{ "type": "Feature", "properties": { "nome_folha": "L14" }, "geometry": { "type": "Polygon", "coordinates": [ [ [ -96.0, 36.0 ], [ -96.0, 40.0 ], [ -102.0, 40.0 ], [ -102.0, 36.0 ], [ -96.0, 36.0 ] ] ] } },
{ "type": "Feature", "properties": { "nome_folha": "L15" }, "geometry": { "type": "Polygon", "coordinates": [ [ [ -90.0, 36.0 ], [ -90.0, 40.0 ], [ -96.0, 40.0 ], [ -96.0, 36.0 ], [ -90.0, 36.0 ] ] ] } },
{ "type": "Feature", "properties": { "nome_folha": "L16" }, "geometry": { "type": "Polygon", "coordinates": [ [ [ -84.0, 36.0 ], [ -84.0, 40.0 ], [ -90.0, 40.0 ], [ -90.0, 36.0 ], [ -84.0, 36.0 ] ] ] } },
{ "type": "Feature", "properties": { "nome_folha": "L17" }, "geometry": { "type": "Polygon", "coordinates": [ [ [ -78.0, 36.0 ], [ -78.0, 40.0 ], [ -84.0, 40.0 ], [ -84.0, 36.0 ], [ -78.0, 36.0 ] ] ] } },
{ "type": "Feature", "properties": { "nome_folha": "L18" }, "geometry": { "type": "Polygon", "coordinates": [ [ [ -72.0, 36.0 ], [ -72.0, 40.0 ], [ -78.0, 40.0 ], [ -78.0, 36.0 ], [ -72.0, 36.0 ] ] ] } },
{ "type": "Feature", "properties": { "nome_folha": "L19" }, "geometry": { "type": "Polygon", "coordinates": [ [ [ -66.0, 36.0 ], [ -66.0, 40.0 ], [ -72.0, 40.0 ], [ -72.0, 36.0 ], [ -66.0, 36.0 ] ] ] } },
{ "type": "Feature", "properties": { "nome_folha": "L20" }, "geometry": { "type": "Polygon", "coordinates": [ [ [ -60.0, 36.0 ], [ -60.0, 40.0 ], [ -66.0, 40.0 ], [ -66.0, 36.0 ], [ -60.0, 36.0 ] ] ] } },
{ "type": "Feature", "properties": { "nome_folha": "L21" }, "geometry": { "type": "Polygon", "coordinates": [ [ [ -54.0, 36.0 ], [ -54.0, 40.0 ], [ -60.0, 40.0 ], [ -60.0, 36.0 ], [ -54.0, 36.0 ] ] ] } },
{ "type": "Feature", "properties": { "nome_folha": "L22" }, "geometry": { "type": "Polygon", "coordinates": [ [ [ -48.0, 36.0 ], [ -48.0, 40.0 ], [ -54.0, 40.0 ], [ -54.0, 36.0 ], [ -48.0, 36.0 ] ] ] } },
{ "type": "Feature", "properties": { "nome_folha": "L23" }, "geometry": { "type": "Polygon", "coordinates": [ [ [ -42.0, 36.0 ], [ -42.0, 40.0 ], [ -48.0, 40.0 ], [ -48.0, 36.0 ], [ -42.0, 36.0 ] ] ] } },
{ "type": "Feature", "properties": { "nome_folha": "L24" }, "geometry": { "type": "Polygon", "coordinates": [ [ [ -36.0, 36.0 ], [ -36.0, 40.0 ], [ -42.0, 40.0 ], [ -42.0, 36.0 ], [ -36.0, 36.0 ] ] ] } },
{ "type": "Feature", "properties": { "nome_folha": "L25" }, "geometry": { "type": "Polygon", "coordinates": [ [ [ -30.0, 36.0 ], [ -30.0, 40.0 ], [ -36.0, 40.0 ], [ -36.0, 36.0 ], [ -30.0, 36.0 ] ] ] } },
{ "type": "Feature", "properties": { "nome_folha": "L26" }, "geometry": { "type": "Polygon", "coordinates": [ [ [ -24.0, 36.0 ], [ -24.0, 40.0 ], [ -30.0, 40.0 ], [ -30.0, 36.0 ], [ -24.0, 36.0 ] ] ] } },
{ "type": "Feature", "properties": { "nome_folha": "L27" }, "geometry": { "type": "Polygon", "coordinates": [ [ [ -18.0, 36.0 ], [ -18.0, 40.0 ], [ -24.0, 40.0 ], [ -24.0, 36.0 ], [ -18.0, 36.0 ] ] ] } },
{ "type": "Feature", "properties": { "nome_folha": "L28" }, "geometry": { "type": "Polygon", "coordinates": [ [ [ -12.0, 36.0 ], [ -12.0, 40.0 ], [ -18.0, 40.0 ], [ -18.0, 36.0 ], [ -12.0, 36.0 ] ] ] } },
{ "type": "Feature", "properties": { "nome_folha": "L29" }, "geometry": { "type": "Polygon", "coordinates": [ [ [ -6.0, 36.0 ], [ -6.0, 40.0 ], [ -12.0, 40.0 ], [ -12.0, 36.0 ], [ -6.0, 36.0 ] ] ] } },
{ "type": "Feature", "properties": { "nome_folha": "L30" }, "geometry": { "type": "Polygon", "coordinates": [ [ [ 0.0, 36.0 ], [ 0.0, 40.0 ], [ -6.0, 40.0 ], [ -6.0, 36.0 ], [ 0.0, 36.0 ] ] ] } },
{ "type": "Feature", "properties": { "nome_folha": "L31" }, "geometry": { "type": "Polygon", "coordinates": [ [ [ 6.0, 36.0 ], [ 6.0, 40.0 ], [ 0.0, 40.0 ], [ 0.0, 36.0 ], [ 6.0, 36.0 ] ] ] } },
{ "type": "Feature", "properties": { "nome_folha": "L32" }, "geometry": { "type": "Polygon", "coordinates": [ [ [ 12.0, 36.0 ], [ 12.0, 40.0 ], [ 6.0, 40.0 ], [ 6.0, 36.0 ], [ 12.0, 36.0 ] ] ] } },
{ "type": "Feature", "properties": { "nome_folha": "L33" }, "geometry": { "type": "Polygon", "coordinates": [ [ [ 18.0, 36.0 ], [ 18.0, 40.0 ], [ 12.0, 40.0 ], [ 12.0, 36.0 ], [ 18.0, 36.0 ] ] ] } },
{ "type": "Feature", "properties": { "nome_folha": "L34" }, "geometry": { "type": "Polygon", "coordinates": [ [ [ 24.0, 36.0 ], [ 24.0, 40.0 ], [ 18.0, 40.0 ], [ 18.0, 36.0 ], [ 24.0, 36.0 ] ] ] } },
{ "type": "Feature", "properties": { "nome_folha": "L35" }, "geometry": { "type": "Polygon", "coordinates": [ [ [ 30.0, 36.0 ], [ 30.0, 40.0 ], [ 24.0, 40.0 ], [ 24.0, 36.0 ], [ 30.0, 36.0 ] ] ] } },
{ "type": "Feature", "properties": { "nome_folha": "L36" }, "geometry": { "type": "Polygon", "coordinates": [ [ [ 36.0, 36.0 ], [ 36.0, 40.0 ], [ 30.0, 40.0 ], [ 30.0, 36.0 ], [ 36.0, 36.0 ] ] ] } },
{ "type": "Feature", "properties": { "nome_folha": "L37" }, "geometry": { "type": "Polygon", "coordinates": [ [ [ 42.0, 36.0 ], [ 42.0, 40.0 ], [ 36.0, 40.0 ], [ 36.0, 36.0 ], [ 42.0, 36.0 ] ] ] } },
{ "type": "Feature", "properties": { "nome_folha": "L38" }, "geometry": { "type": "Polygon", "coordinates": [ [ [ 48.0, 36.0 ], [ 48.0, 40.0 ], [ 42.0, 40.0 ], [ 42.0, 36.0 ], [ 48.0, 36.0 ] ] ] } },
{ "type": "Feature", "properties": { "nome_folha": "L39" }, "geometry": { "type": "Polygon", "coordinates": [ [ [ 54.0, 36.0 ], [ 54.0, 40.0 ], [ 48.0, 40.0 ], [ 48.0, 36.0 ], [ 54.0, 36.0 ] ] ] } },
{ "type": "Feature", "properties": { "nome_folha": "L40" }, "geometry": { "type": "Polygon", "coordinates": [ [ [ 60.0, 36.0 ], [ 60.0, 40.0 ], [ 54.0, 40.0 ], [ 54.0, 36.0 ], [ 60.0, 36.0 ] ] ] } },
{ "type": "Feature", "properties": { "nome_folha": "L41" }, "geometry": { "type": "Polygon", "coordinates": [ [ [ 66.0, 36.0 ], [ 66.0, 40.0 ], [ 60.0, 40.0 ], [ 60.0, 36.0 ], [ 66.0, 36.0 ] ] ] } },
{ "type": "Feature", "properties": { "nome_folha": "L42" }, "geometry": { "type": "Polygon", "coordinates": [ [ [ 72.0, 36.0 ], [ 72.0, 40.0 ], [ 66.0, 40.0 ], [ 66.0, 36.0 ], [ 72.0, 36.0 ] ] ] } },
{ "type": "Feature", "properties": { "nome_folha": "L43" }, "geometry": { "type": "Polygon", "coordinates": [ [ [ 78.0, 36.0 ], [ 78.0, 40.0 ], [ 72.0, 40.0 ], [ 72.0, 36.0 ], [ 78.0, 36.0 ] ] ] } },
{ "type": "Feature", "properties": { "nome_folha": "L44" }, "geometry": { "type": "Polygon", "coordinates": [ [ [ 84.0, 36.0 ], [ 84.0, 40.0 ], [ 78.0, 40.0 ], [ 78.0, 36.0 ], [ 84.0, 36.0 ] ] ] } },
{ "type": "Feature", "properties": { "nome_folha": "L45" }, "geometry": { "type": "Polygon", "coordinates": [ [ [ 90.0, 36.0 ], [ 90.0, 40.0 ], [ 84.0, 40.0 ], [ 84.0, 36.0 ], [ 90.0, 36.0 ] ] ] } },
{ "type": "Feature", "properties": { "nome_folha": "L46" }, "geometry": { "type": "Polygon", "coordinates": [ [ [ 96.0, 36.0 ], [ 96.0, 40.0 ], [ 90.0, 40.0 ], [ 90.0, 36.0 ], [ 96.0, 36.0 ] ] ] } },
{ "type": "Feature", "properties": { "nome_folha": "L47" }, "geometry": { "type": "Polygon", "coordinates": [ [ [ 102.0, 36.0 ], [ 102.0, 40.0 ], [ 96.0, 40.0 ], [ 96.0, 36.0 ], [ 102.0, 36.0 ] ] ] } },
{ "type": "Feature", "properties": { "nome_folha": "L48" }, "geometry": { "type": "Polygon", "coordinates": [ [ [ 108.0, 36.0 ], [ 108.0, 40.0 ], [ 102.0, 40.0 ], [ 102.0, 36.0 ], [ 108.0, 36.0 ] ] ] } },
{ "type": "Feature", "properties": { "nome_folha": "L49" }, "geometry": { "type": "Polygon", "coordinates": [ [ [ 114.0, 36.0 ], [ 114.0, 40.0 ], [ 108.0, 40.0 ], [ 108.0, 36.0 ], [ 114.0, 36.0 ] ] ] } },
{ "type": "Feature", "properties": { "nome_folha": "L50" }, "geometry": { "type": "Polygon", "coordinates": [ [ [ 120.0, 36.0 ], [ 120.0, 40.0 ], [ 114.0, 40.0 ], [ 114.0, 36.0 ], [ 120.0, 36.0 ] ] ] } },
{ "type": "Feature", "properties": { "nome_folha": "L51" }, "geometry": { "type": "Polygon", "coordinates": [ [ [ 126.0, 36.0 ], [ 126.0, 40.0 ], [ 120.0, 40.0 ], [ 120.0, 36.0 ], [ 126.0, 36.0 ] ] ] } },
{ "type": "Feature", "properties": { "nome_folha": "L52" }, "geometry": { "type": "Polygon", "coordinates": [ [ [ 132.0, 36.0 ], [ 132.0, 40.0 ], [ 126.0, 40.0 ], [ 126.0, 36.0 ], [ 132.0, 36.0 ] ] ] } },
{ "type": "Feature", "properties": { "nome_folha": "L53" }, "geometry": { "type": "Polygon", "coordinates": [ [ [ 138.0, 36.0 ], [ 138.0, 40.0 ], [ 132.0, 40.0 ], [ 132.0, 36.0 ], [ 138.0, 36.0 ] ] ] } },
{ "type": "Feature", "properties": { "nome_folha": "L54" }, "geometry": { "type": "Polygon", "coordinates": [ [ [ 144.0, 36.0 ], [ 144.0, 40.0 ], [ 138.0, 40.0 ], [ 138.0, 36.0 ], [ 144.0, 36.0 ] ] ] } },
{ "type": "Feature", "properties": { "nome_folha": "L55" }, "geometry": { "type": "Polygon", "coordinates": [ [ [ 150.0, 36.0 ], [ 150.0, 40.0 ], [ 144.0, 40.0 ], [ 144.0, 36.0 ], [ 150.0, 36.0 ] ] ] } },
{ "type": "Feature", "properties": { "nome_folha": "L56" }, "geometry": { "type": "Polygon", "coordinates": [ [ [ 156.0, 36.0 ], [ 156.0, 40.0 ], [ 150.0, 40.0 ], [ 150.0, 36.0 ], [ 156.0, 36.0 ] ] ] } },
{ "type": "Feature", "properties": { "nome_folha": "L57" }, "geometry": { "type": "Polygon", "coordinates": [ [ [ 162.0, 36.0 ], [ 162.0, 40.0 ], [ 156.0, 40.0 ], [ 156.0, 36.0 ], [ 162.0, 36.0 ] ] ] } },
{ "type": "Feature", "properties": { "nome_folha": "L58" }, "geometry": { "type": "Polygon", "coordinates": [ [ [ 168.0, 36.0 ], [ 168.0, 40.0 ], [ 162.0, 40.0 ], [ 162.0, 36.0 ], [ 168.0, 36.0 ] ] ] } },
{ "type": "Feature", "properties": { "nome_folha": "L59" }, "geometry": { "type": "Polygon", "coordinates": [ [ [ 174.0, 36.0 ], [ 174.0, 40.0 ], [ 168.0, 40.0 ], [ 168.0, 36.0 ], [ 174.0, 36.0 ] ] ] } },
{ "type": "Feature", "properties": { "nome_folha": "L60" }, "geometry": { "type": "Polygon", "coordinates": [ [ [ 180.0, 36.0 ], [ 180.0, 40.0 ], [ 174.0, 40.0 ], [ 174.0, 36.0 ], [ 180.0, 36.0 ] ] ] } },
{ "type": "Feature", "properties": { "nome_folha": "K01" }, "geometry": { "type": "Polygon", "coordinates": [ [ [ -174.0, 40.0 ], [ -174.0, 44.0 ], [ -180.0, 44.0 ], [ -180.0, 40.0 ], [ -174.0, 40.0 ] ] ] } },
{ "type": "Feature", "properties": { "nome_folha": "K02" }, "geometry": { "type": "Polygon", "coordinates": [ [ [ -168.0, 40.0 ], [ -168.0, 44.0 ], [ -174.0, 44.0 ], [ -174.0, 40.0 ], [ -168.0, 40.0 ] ] ] } },
{ "type": "Feature", "properties": { "nome_folha": "K03" }, "geometry": { "type": "Polygon", "coordinates": [ [ [ -162.0, 40.0 ], [ -162.0, 44.0 ], [ -168.0, 44.0 ], [ -168.0, 40.0 ], [ -162.0, 40.0 ] ] ] } },
{ "type": "Feature", "properties": { "nome_folha": "K04" }, "geometry": { "type": "Polygon", "coordinates": [ [ [ -156.0, 40.0 ], [ -156.0, 44.0 ], [ -162.0, 44.0 ], [ -162.0, 40.0 ], [ -156.0, 40.0 ] ] ] } },
{ "type": "Feature", "properties": { "nome_folha": "K05" }, "geometry": { "type": "Polygon", "coordinates": [ [ [ -150.0, 40.0 ], [ -150.0, 44.0 ], [ -156.0, 44.0 ], [ -156.0, 40.0 ], [ -150.0, 40.0 ] ] ] } },
{ "type": "Feature", "properties": { "nome_folha": "K06" }, "geometry": { "type": "Polygon", "coordinates": [ [ [ -144.0, 40.0 ], [ -144.0, 44.0 ], [ -150.0, 44.0 ], [ -150.0, 40.0 ], [ -144.0, 40.0 ] ] ] } },
{ "type": "Feature", "properties": { "nome_folha": "K07" }, "geometry": { "type": "Polygon", "coordinates": [ [ [ -138.0, 40.0 ], [ -138.0, 44.0 ], [ -144.0, 44.0 ], [ -144.0, 40.0 ], [ -138.0, 40.0 ] ] ] } },
{ "type": "Feature", "properties": { "nome_folha": "K08" }, "geometry": { "type": "Polygon", "coordinates": [ [ [ -132.0, 40.0 ], [ -132.0, 44.0 ], [ -138.0, 44.0 ], [ -138.0, 40.0 ], [ -132.0, 40.0 ] ] ] } },
{ "type": "Feature", "properties": { "nome_folha": "K09" }, "geometry": { "type": "Polygon", "coordinates": [ [ [ -126.0, 40.0 ], [ -126.0, 44.0 ], [ -132.0, 44.0 ], [ -132.0, 40.0 ], [ -126.0, 40.0 ] ] ] } },
{ "type": "Feature", "properties": { "nome_folha": "K10" }, "geometry": { "type": "Polygon", "coordinates": [ [ [ -120.0, 40.0 ], [ -120.0, 44.0 ], [ -126.0, 44.0 ], [ -126.0, 40.0 ], [ -120.0, 40.0 ] ] ] } },
{ "type": "Feature", "properties": { "nome_folha": "K11" }, "geometry": { "type": "Polygon", "coordinates": [ [ [ -114.0, 40.0 ], [ -114.0, 44.0 ], [ -120.0, 44.0 ], [ -120.0, 40.0 ], [ -114.0, 40.0 ] ] ] } },
{ "type": "Feature", "properties": { "nome_folha": "K12" }, "geometry": { "type": "Polygon", "coordinates": [ [ [ -108.0, 40.0 ], [ -108.0, 44.0 ], [ -114.0, 44.0 ], [ -114.0, 40.0 ], [ -108.0, 40.0 ] ] ] } },
{ "type": "Feature", "properties": { "nome_folha": "K13" }, "geometry": { "type": "Polygon", "coordinates": [ [ [ -102.0, 40.0 ], [ -102.0, 44.0 ], [ -108.0, 44.0 ], [ -108.0, 40.0 ], [ -102.0, 40.0 ] ] ] } },
{ "type": "Feature", "properties": { "nome_folha": "K14" }, "geometry": { "type": "Polygon", "coordinates": [ [ [ -96.0, 40.0 ], [ -96.0, 44.0 ], [ -102.0, 44.0 ], [ -102.0, 40.0 ], [ -96.0, 40.0 ] ] ] } },
{ "type": "Feature", "properties": { "nome_folha": "K15" }, "geometry": { "type": "Polygon", "coordinates": [ [ [ -90.0, 40.0 ], [ -90.0, 44.0 ], [ -96.0, 44.0 ], [ -96.0, 40.0 ], [ -90.0, 40.0 ] ] ] } },
{ "type": "Feature", "properties": { "nome_folha": "K16" }, "geometry": { "type": "Polygon", "coordinates": [ [ [ -84.0, 40.0 ], [ -84.0, 44.0 ], [ -90.0, 44.0 ], [ -90.0, 40.0 ], [ -84.0, 40.0 ] ] ] } },
{ "type": "Feature", "properties": { "nome_folha": "K17" }, "geometry": { "type": "Polygon", "coordinates": [ [ [ -78.0, 40.0 ], [ -78.0, 44.0 ], [ -84.0, 44.0 ], [ -84.0, 40.0 ], [ -78.0, 40.0 ] ] ] } },
{ "type": "Feature", "properties": { "nome_folha": "K18" }, "geometry": { "type": "Polygon", "coordinates": [ [ [ -72.0, 40.0 ], [ -72.0, 44.0 ], [ -78.0, 44.0 ], [ -78.0, 40.0 ], [ -72.0, 40.0 ] ] ] } },
{ "type": "Feature", "properties": { "nome_folha": "K19" }, "geometry": { "type": "Polygon", "coordinates": [ [ [ -66.0, 40.0 ], [ -66.0, 44.0 ], [ -72.0, 44.0 ], [ -72.0, 40.0 ], [ -66.0, 40.0 ] ] ] } },
{ "type": "Feature", "properties": { "nome_folha": "K20" }, "geometry": { "type": "Polygon", "coordinates": [ [ [ -60.0, 40.0 ], [ -60.0, 44.0 ], [ -66.0, 44.0 ], [ -66.0, 40.0 ], [ -60.0, 40.0 ] ] ] } },
{ "type": "Feature", "properties": { "nome_folha": "K21" }, "geometry": { "type": "Polygon", "coordinates": [ [ [ -54.0, 40.0 ], [ -54.0, 44.0 ], [ -60.0, 44.0 ], [ -60.0, 40.0 ], [ -54.0, 40.0 ] ] ] } },
{ "type": "Feature", "properties": { "nome_folha": "K22" }, "geometry": { "type": "Polygon", "coordinates": [ [ [ -48.0, 40.0 ], [ -48.0, 44.0 ], [ -54.0, 44.0 ], [ -54.0, 40.0 ], [ -48.0, 40.0 ] ] ] } },
{ "type": "Feature", "properties": { "nome_folha": "K23" }, "geometry": { "type": "Polygon", "coordinates": [ [ [ -42.0, 40.0 ], [ -42.0, 44.0 ], [ -48.0, 44.0 ], [ -48.0, 40.0 ], [ -42.0, 40.0 ] ] ] } },
{ "type": "Feature", "properties": { "nome_folha": "K24" }, "geometry": { "type": "Polygon", "coordinates": [ [ [ -36.0, 40.0 ], [ -36.0, 44.0 ], [ -42.0, 44.0 ], [ -42.0, 40.0 ], [ -36.0, 40.0 ] ] ] } },
{ "type": "Feature", "properties": { "nome_folha": "K25" }, "geometry": { "type": "Polygon", "coordinates": [ [ [ -30.0, 40.0 ], [ -30.0, 44.0 ], [ -36.0, 44.0 ], [ -36.0, 40.0 ], [ -30.0, 40.0 ] ] ] } },
{ "type": "Feature", "properties": { "nome_folha": "K26" }, "geometry": { "type": "Polygon", "coordinates": [ [ [ -24.0, 40.0 ], [ -24.0, 44.0 ], [ -30.0, 44.0 ], [ -30.0, 40.0 ], [ -24.0, 40.0 ] ] ] } },
{ "type": "Feature", "properties": { "nome_folha": "K27" }, "geometry": { "type": "Polygon", "coordinates": [ [ [ -18.0, 40.0 ], [ -18.0, 44.0 ], [ -24.0, 44.0 ], [ -24.0, 40.0 ], [ -18.0, 40.0 ] ] ] } },
{ "type": "Feature", "properties": { "nome_folha": "K28" }, "geometry": { "type": "Polygon", "coordinates": [ [ [ -12.0, 40.0 ], [ -12.0, 44.0 ], [ -18.0, 44.0 ], [ -18.0, 40.0 ], [ -12.0, 40.0 ] ] ] } },
{ "type": "Feature", "properties": { "nome_folha": "K29" }, "geometry": { "type": "Polygon", "coordinates": [ [ [ -6.0, 40.0 ], [ -6.0, 44.0 ], [ -12.0, 44.0 ], [ -12.0, 40.0 ], [ -6.0, 40.0 ] ] ] } },
{ "type": "Feature", "properties": { "nome_folha": "K30" }, "geometry": { "type": "Polygon", "coordinates": [ [ [ 0.0, 40.0 ], [ 0.0, 44.0 ], [ -6.0, 44.0 ], [ -6.0, 40.0 ], [ 0.0, 40.0 ] ] ] } },
{ "type": "Feature", "properties": { "nome_folha": "K31" }, "geometry": { "type": "Polygon", "coordinates": [ [ [ 6.0, 40.0 ], [ 6.0, 44.0 ], [ 0.0, 44.0 ], [ 0.0, 40.0 ], [ 6.0, 40.0 ] ] ] } },
{ "type": "Feature", "properties": { "nome_folha": "K32" }, "geometry": { "type": "Polygon", "coordinates": [ [ [ 12.0, 40.0 ], [ 12.0, 44.0 ], [ 6.0, 44.0 ], [ 6.0, 40.0 ], [ 12.0, 40.0 ] ] ] } },
{ "type": "Feature", "properties": { "nome_folha": "K33" }, "geometry": { "type": "Polygon", "coordinates": [ [ [ 18.0, 40.0 ], [ 18.0, 44.0 ], [ 12.0, 44.0 ], [ 12.0, 40.0 ], [ 18.0, 40.0 ] ] ] } },
{ "type": "Feature", "properties": { "nome_folha": "K34" }, "geometry": { "type": "Polygon", "coordinates": [ [ [ 24.0, 40.0 ], [ 24.0, 44.0 ], [ 18.0, 44.0 ], [ 18.0, 40.0 ], [ 24.0, 40.0 ] ] ] } },
{ "type": "Feature", "properties": { "nome_folha": "K35" }, "geometry": { "type": "Polygon", "coordinates": [ [ [ 30.0, 40.0 ], [ 30.0, 44.0 ], [ 24.0, 44.0 ], [ 24.0, 40.0 ], [ 30.0, 40.0 ] ] ] } },
{ "type": "Feature", "properties": { "nome_folha": "K36" }, "geometry": { "type": "Polygon", "coordinates": [ [ [ 36.0, 40.0 ], [ 36.0, 44.0 ], [ 30.0, 44.0 ], [ 30.0, 40.0 ], [ 36.0, 40.0 ] ] ] } },
{ "type": "Feature", "properties": { "nome_folha": "K37" }, "geometry": { "type": "Polygon", "coordinates": [ [ [ 42.0, 40.0 ], [ 42.0, 44.0 ], [ 36.0, 44.0 ], [ 36.0, 40.0 ], [ 42.0, 40.0 ] ] ] } },
{ "type": "Feature", "properties": { "nome_folha": "K38" }, "geometry": { "type": "Polygon", "coordinates": [ [ [ 48.0, 40.0 ], [ 48.0, 44.0 ], [ 42.0, 44.0 ], [ 42.0, 40.0 ], [ 48.0, 40.0 ] ] ] } },
{ "type": "Feature", "properties": { "nome_folha": "K39" }, "geometry": { "type": "Polygon", "coordinates": [ [ [ 54.0, 40.0 ], [ 54.0, 44.0 ], [ 48.0, 44.0 ], [ 48.0, 40.0 ], [ 54.0, 40.0 ] ] ] } },
{ "type": "Feature", "properties": { "nome_folha": "K40" }, "geometry": { "type": "Polygon", "coordinates": [ [ [ 60.0, 40.0 ], [ 60.0, 44.0 ], [ 54.0, 44.0 ], [ 54.0, 40.0 ], [ 60.0, 40.0 ] ] ] } },
{ "type": "Feature", "properties": { "nome_folha": "K41" }, "geometry": { "type": "Polygon", "coordinates": [ [ [ 66.0, 40.0 ], [ 66.0, 44.0 ], [ 60.0, 44.0 ], [ 60.0, 40.0 ], [ 66.0, 40.0 ] ] ] } },
{ "type": "Feature", "properties": { "nome_folha": "K42" }, "geometry": { "type": "Polygon", "coordinates": [ [ [ 72.0, 40.0 ], [ 72.0, 44.0 ], [ 66.0, 44.0 ], [ 66.0, 40.0 ], [ 72.0, 40.0 ] ] ] } },
{ "type": "Feature", "properties": { "nome_folha": "K43" }, "geometry": { "type": "Polygon", "coordinates": [ [ [ 78.0, 40.0 ], [ 78.0, 44.0 ], [ 72.0, 44.0 ], [ 72.0, 40.0 ], [ 78.0, 40.0 ] ] ] } },
{ "type": "Feature", "properties": { "nome_folha": "K44" }, "geometry": { "type": "Polygon", "coordinates": [ [ [ 84.0, 40.0 ], [ 84.0, 44.0 ], [ 78.0, 44.0 ], [ 78.0, 40.0 ], [ 84.0, 40.0 ] ] ] } },
{ "type": "Feature", "properties": { "nome_folha": "K45" }, "geometry": { "type": "Polygon", "coordinates": [ [ [ 90.0, 40.0 ], [ 90.0, 44.0 ], [ 84.0, 44.0 ], [ 84.0, 40.0 ], [ 90.0, 40.0 ] ] ] } },
{ "type": "Feature", "properties": { "nome_folha": "K46" }, "geometry": { "type": "Polygon", "coordinates": [ [ [ 96.0, 40.0 ], [ 96.0, 44.0 ], [ 90.0, 44.0 ], [ 90.0, 40.0 ], [ 96.0, 40.0 ] ] ] } },
{ "type": "Feature", "properties": { "nome_folha": "K47" }, "geometry": { "type": "Polygon", "coordinates": [ [ [ 102.0, 40.0 ], [ 102.0, 44.0 ], [ 96.0, 44.0 ], [ 96.0, 40.0 ], [ 102.0, 40.0 ] ] ] } },
{ "type": "Feature", "properties": { "nome_folha": "K48" }, "geometry": { "type": "Polygon", "coordinates": [ [ [ 108.0, 40.0 ], [ 108.0, 44.0 ], [ 102.0, 44.0 ], [ 102.0, 40.0 ], [ 108.0, 40.0 ] ] ] } },
{ "type": "Feature", "properties": { "nome_folha": "K49" }, "geometry": { "type": "Polygon", "coordinates": [ [ [ 114.0, 40.0 ], [ 114.0, 44.0 ], [ 108.0, 44.0 ], [ 108.0, 40.0 ], [ 114.0, 40.0 ] ] ] } },
{ "type": "Feature", "properties": { "nome_folha": "K50" }, "geometry": { "type": "Polygon", "coordinates": [ [ [ 120.0, 40.0 ], [ 120.0, 44.0 ], [ 114.0, 44.0 ], [ 114.0, 40.0 ], [ 120.0, 40.0 ] ] ] } },
{ "type": "Feature", "properties": { "nome_folha": "K51" }, "geometry": { "type": "Polygon", "coordinates": [ [ [ 126.0, 40.0 ], [ 126.0, 44.0 ], [ 120.0, 44.0 ], [ 120.0, 40.0 ], [ 126.0, 40.0 ] ] ] } },
{ "type": "Feature", "properties": { "nome_folha": "K52" }, "geometry": { "type": "Polygon", "coordinates": [ [ [ 132.0, 40.0 ], [ 132.0, 44.0 ], [ 126.0, 44.0 ], [ 126.0, 40.0 ], [ 132.0, 40.0 ] ] ] } },
{ "type": "Feature", "properties": { "nome_folha": "K53" }, "geometry": { "type": "Polygon", "coordinates": [ [ [ 138.0, 40.0 ], [ 138.0, 44.0 ], [ 132.0, 44.0 ], [ 132.0, 40.0 ], [ 138.0, 40.0 ] ] ] } },
{ "type": "Feature", "properties": { "nome_folha": "K54" }, "geometry": { "type": "Polygon", "coordinates": [ [ [ 144.0, 40.0 ], [ 144.0, 44.0 ], [ 138.0, 44.0 ], [ 138.0, 40.0 ], [ 144.0, 40.0 ] ] ] } },
{ "type": "Feature", "properties": { "nome_folha": "K55" }, "geometry": { "type": "Polygon", "coordinates": [ [ [ 150.0, 40.0 ], [ 150.0, 44.0 ], [ 144.0, 44.0 ], [ 144.0, 40.0 ], [ 150.0, 40.0 ] ] ] } },
{ "type": "Feature", "properties": { "nome_folha": "K56" }, "geometry": { "type": "Polygon", "coordinates": [ [ [ 156.0, 40.0 ], [ 156.0, 44.0 ], [ 150.0, 44.0 ], [ 150.0, 40.0 ], [ 156.0, 40.0 ] ] ] } },
{ "type": "Feature", "properties": { "nome_folha": "K57" }, "geometry": { "type": "Polygon", "coordinates": [ [ [ 162.0, 40.0 ], [ 162.0, 44.0 ], [ 156.0, 44.0 ], [ 156.0, 40.0 ], [ 162.0, 40.0 ] ] ] } },
{ "type": "Feature", "properties": { "nome_folha": "K58" }, "geometry": { "type": "Polygon", "coordinates": [ [ [ 168.0, 40.0 ], [ 168.0, 44.0 ], [ 162.0, 44.0 ], [ 162.0, 40.0 ], [ 168.0, 40.0 ] ] ] } },
{ "type": "Feature", "properties": { "nome_folha": "K59" }, "geometry": { "type": "Polygon", "coordinates": [ [ [ 174.0, 40.0 ], [ 174.0, 44.0 ], [ 168.0, 44.0 ], [ 168.0, 40.0 ], [ 174.0, 40.0 ] ] ] } },
{ "type": "Feature", "properties": { "nome_folha": "K60" }, "geometry": { "type": "Polygon", "coordinates": [ [ [ 180.0, 40.0 ], [ 180.0, 44.0 ], [ 174.0, 44.0 ], [ 174.0, 40.0 ], [ 180.0, 40.0 ] ] ] } },
{ "type": "Feature", "properties": { "nome_folha": "J01" }, "geometry": { "type": "Polygon", "coordinates": [ [ [ -174.0, 44.0 ], [ -174.0, 48.0 ], [ -180.0, 48.0 ], [ -180.0, 44.0 ], [ -174.0, 44.0 ] ] ] } },
{ "type": "Feature", "properties": { "nome_folha": "J02" }, "geometry": { "type": "Polygon", "coordinates": [ [ [ -168.0, 44.0 ], [ -168.0, 48.0 ], [ -174.0, 48.0 ], [ -174.0, 44.0 ], [ -168.0, 44.0 ] ] ] } },
{ "type": "Feature", "properties": { "nome_folha": "J03" }, "geometry": { "type": "Polygon", "coordinates": [ [ [ -162.0, 44.0 ], [ -162.0, 48.0 ], [ -168.0, 48.0 ], [ -168.0, 44.0 ], [ -162.0, 44.0 ] ] ] } },
{ "type": "Feature", "properties": { "nome_folha": "J04" }, "geometry": { "type": "Polygon", "coordinates": [ [ [ -156.0, 44.0 ], [ -156.0, 48.0 ], [ -162.0, 48.0 ], [ -162.0, 44.0 ], [ -156.0, 44.0 ] ] ] } },
{ "type": "Feature", "properties": { "nome_folha": "J05" }, "geometry": { "type": "Polygon", "coordinates": [ [ [ -150.0, 44.0 ], [ -150.0, 48.0 ], [ -156.0, 48.0 ], [ -156.0, 44.0 ], [ -150.0, 44.0 ] ] ] } },
{ "type": "Feature", "properties": { "nome_folha": "J06" }, "geometry": { "type": "Polygon", "coordinates": [ [ [ -144.0, 44.0 ], [ -144.0, 48.0 ], [ -150.0, 48.0 ], [ -150.0, 44.0 ], [ -144.0, 44.0 ] ] ] } },
{ "type": "Feature", "properties": { "nome_folha": "J07" }, "geometry": { "type": "Polygon", "coordinates": [ [ [ -138.0, 44.0 ], [ -138.0, 48.0 ], [ -144.0, 48.0 ], [ -144.0, 44.0 ], [ -138.0, 44.0 ] ] ] } },
{ "type": "Feature", "properties": { "nome_folha": "J08" }, "geometry": { "type": "Polygon", "coordinates": [ [ [ -132.0, 44.0 ], [ -132.0, 48.0 ], [ -138.0, 48.0 ], [ -138.0, 44.0 ], [ -132.0, 44.0 ] ] ] } },
{ "type": "Feature", "properties": { "nome_folha": "J09" }, "geometry": { "type": "Polygon", "coordinates": [ [ [ -126.0, 44.0 ], [ -126.0, 48.0 ], [ -132.0, 48.0 ], [ -132.0, 44.0 ], [ -126.0, 44.0 ] ] ] } },
{ "type": "Feature", "properties": { "nome_folha": "J10" }, "geometry": { "type": "Polygon", "coordinates": [ [ [ -120.0, 44.0 ], [ -120.0, 48.0 ], [ -126.0, 48.0 ], [ -126.0, 44.0 ], [ -120.0, 44.0 ] ] ] } },
{ "type": "Feature", "properties": { "nome_folha": "J11" }, "geometry": { "type": "Polygon", "coordinates": [ [ [ -114.0, 44.0 ], [ -114.0, 48.0 ], [ -120.0, 48.0 ], [ -120.0, 44.0 ], [ -114.0, 44.0 ] ] ] } },
{ "type": "Feature", "properties": { "nome_folha": "J12" }, "geometry": { "type": "Polygon", "coordinates": [ [ [ -108.0, 44.0 ], [ -108.0, 48.0 ], [ -114.0, 48.0 ], [ -114.0, 44.0 ], [ -108.0, 44.0 ] ] ] } },
{ "type": "Feature", "properties": { "nome_folha": "J13" }, "geometry": { "type": "Polygon", "coordinates": [ [ [ -102.0, 44.0 ], [ -102.0, 48.0 ], [ -108.0, 48.0 ], [ -108.0, 44.0 ], [ -102.0, 44.0 ] ] ] } },
{ "type": "Feature", "properties": { "nome_folha": "J14" }, "geometry": { "type": "Polygon", "coordinates": [ [ [ -96.0, 44.0 ], [ -96.0, 48.0 ], [ -102.0, 48.0 ], [ -102.0, 44.0 ], [ -96.0, 44.0 ] ] ] } },
{ "type": "Feature", "properties": { "nome_folha": "J15" }, "geometry": { "type": "Polygon", "coordinates": [ [ [ -90.0, 44.0 ], [ -90.0, 48.0 ], [ -96.0, 48.0 ], [ -96.0, 44.0 ], [ -90.0, 44.0 ] ] ] } },
{ "type": "Feature", "properties": { "nome_folha": "J16" }, "geometry": { "type": "Polygon", "coordinates": [ [ [ -84.0, 44.0 ], [ -84.0, 48.0 ], [ -90.0, 48.0 ], [ -90.0, 44.0 ], [ -84.0, 44.0 ] ] ] } },
{ "type": "Feature", "properties": { "nome_folha": "J17" }, "geometry": { "type": "Polygon", "coordinates": [ [ [ -78.0, 44.0 ], [ -78.0, 48.0 ], [ -84.0, 48.0 ], [ -84.0, 44.0 ], [ -78.0, 44.0 ] ] ] } },
{ "type": "Feature", "properties": { "nome_folha": "J18" }, "geometry": { "type": "Polygon", "coordinates": [ [ [ -72.0, 44.0 ], [ -72.0, 48.0 ], [ -78.0, 48.0 ], [ -78.0, 44.0 ], [ -72.0, 44.0 ] ] ] } },
{ "type": "Feature", "properties": { "nome_folha": "J19" }, "geometry": { "type": "Polygon", "coordinates": [ [ [ -66.0, 44.0 ], [ -66.0, 48.0 ], [ -72.0, 48.0 ], [ -72.0, 44.0 ], [ -66.0, 44.0 ] ] ] } },
{ "type": "Feature", "properties": { "nome_folha": "J20" }, "geometry": { "type": "Polygon", "coordinates": [ [ [ -60.0, 44.0 ], [ -60.0, 48.0 ], [ -66.0, 48.0 ], [ -66.0, 44.0 ], [ -60.0, 44.0 ] ] ] } },
{ "type": "Feature", "properties": { "nome_folha": "J21" }, "geometry": { "type": "Polygon", "coordinates": [ [ [ -54.0, 44.0 ], [ -54.0, 48.0 ], [ -60.0, 48.0 ], [ -60.0, 44.0 ], [ -54.0, 44.0 ] ] ] } },
{ "type": "Feature", "properties": { "nome_folha": "J22" }, "geometry": { "type": "Polygon", "coordinates": [ [ [ -48.0, 44.0 ], [ -48.0, 48.0 ], [ -54.0, 48.0 ], [ -54.0, 44.0 ], [ -48.0, 44.0 ] ] ] } },
{ "type": "Feature", "properties": { "nome_folha": "J23" }, "geometry": { "type": "Polygon", "coordinates": [ [ [ -42.0, 44.0 ], [ -42.0, 48.0 ], [ -48.0, 48.0 ], [ -48.0, 44.0 ], [ -42.0, 44.0 ] ] ] } },
{ "type": "Feature", "properties": { "nome_folha": "J24" }, "geometry": { "type": "Polygon", "coordinates": [ [ [ -36.0, 44.0 ], [ -36.0, 48.0 ], [ -42.0, 48.0 ], [ -42.0, 44.0 ], [ -36.0, 44.0 ] ] ] } },
{ "type": "Feature", "properties": { "nome_folha": "J25" }, "geometry": { "type": "Polygon", "coordinates": [ [ [ -30.0, 44.0 ], [ -30.0, 48.0 ], [ -36.0, 48.0 ], [ -36.0, 44.0 ], [ -30.0, 44.0 ] ] ] } },
{ "type": "Feature", "properties": { "nome_folha": "J26" }, "geometry": { "type": "Polygon", "coordinates": [ [ [ -24.0, 44.0 ], [ -24.0, 48.0 ], [ -30.0, 48.0 ], [ -30.0, 44.0 ], [ -24.0, 44.0 ] ] ] } },
{ "type": "Feature", "properties": { "nome_folha": "J27" }, "geometry": { "type": "Polygon", "coordinates": [ [ [ -18.0, 44.0 ], [ -18.0, 48.0 ], [ -24.0, 48.0 ], [ -24.0, 44.0 ], [ -18.0, 44.0 ] ] ] } },
{ "type": "Feature", "properties": { "nome_folha": "J28" }, "geometry": { "type": "Polygon", "coordinates": [ [ [ -12.0, 44.0 ], [ -12.0, 48.0 ], [ -18.0, 48.0 ], [ -18.0, 44.0 ], [ -12.0, 44.0 ] ] ] } },
{ "type": "Feature", "properties": { "nome_folha": "J29" }, "geometry": { "type": "Polygon", "coordinates": [ [ [ -6.0, 44.0 ], [ -6.0, 48.0 ], [ -12.0, 48.0 ], [ -12.0, 44.0 ], [ -6.0, 44.0 ] ] ] } },
{ "type": "Feature", "properties": { "nome_folha": "J30" }, "geometry": { "type": "Polygon", "coordinates": [ [ [ 0.0, 44.0 ], [ 0.0, 48.0 ], [ -6.0, 48.0 ], [ -6.0, 44.0 ], [ 0.0, 44.0 ] ] ] } },
{ "type": "Feature", "properties": { "nome_folha": "J31" }, "geometry": { "type": "Polygon", "coordinates": [ [ [ 6.0, 44.0 ], [ 6.0, 48.0 ], [ 0.0, 48.0 ], [ 0.0, 44.0 ], [ 6.0, 44.0 ] ] ] } },
{ "type": "Feature", "properties": { "nome_folha": "J32" }, "geometry": { "type": "Polygon", "coordinates": [ [ [ 12.0, 44.0 ], [ 12.0, 48.0 ], [ 6.0, 48.0 ], [ 6.0, 44.0 ], [ 12.0, 44.0 ] ] ] } },
{ "type": "Feature", "properties": { "nome_folha": "J33" }, "geometry": { "type": "Polygon", "coordinates": [ [ [ 18.0, 44.0 ], [ 18.0, 48.0 ], [ 12.0, 48.0 ], [ 12.0, 44.0 ], [ 18.0, 44.0 ] ] ] } },
{ "type": "Feature", "properties": { "nome_folha": "J34" }, "geometry": { "type": "Polygon", "coordinates": [ [ [ 24.0, 44.0 ], [ 24.0, 48.0 ], [ 18.0, 48.0 ], [ 18.0, 44.0 ], [ 24.0, 44.0 ] ] ] } },
{ "type": "Feature", "properties": { "nome_folha": "J35" }, "geometry": { "type": "Polygon", "coordinates": [ [ [ 30.0, 44.0 ], [ 30.0, 48.0 ], [ 24.0, 48.0 ], [ 24.0, 44.0 ], [ 30.0, 44.0 ] ] ] } },
{ "type": "Feature", "properties": { "nome_folha": "J36" }, "geometry": { "type": "Polygon", "coordinates": [ [ [ 36.0, 44.0 ], [ 36.0, 48.0 ], [ 30.0, 48.0 ], [ 30.0, 44.0 ], [ 36.0, 44.0 ] ] ] } },
{ "type": "Feature", "properties": { "nome_folha": "J37" }, "geometry": { "type": "Polygon", "coordinates": [ [ [ 42.0, 44.0 ], [ 42.0, 48.0 ], [ 36.0, 48.0 ], [ 36.0, 44.0 ], [ 42.0, 44.0 ] ] ] } },
{ "type": "Feature", "properties": { "nome_folha": "J38" }, "geometry": { "type": "Polygon", "coordinates": [ [ [ 48.0, 44.0 ], [ 48.0, 48.0 ], [ 42.0, 48.0 ], [ 42.0, 44.0 ], [ 48.0, 44.0 ] ] ] } },
{ "type": "Feature", "properties": { "nome_folha": "J39" }, "geometry": { "type": "Polygon", "coordinates": [ [ [ 54.0, 44.0 ], [ 54.0, 48.0 ], [ 48.0, 48.0 ], [ 48.0, 44.0 ], [ 54.0, 44.0 ] ] ] } },
{ "type": "Feature", "properties": { "nome_folha": "J40" }, "geometry": { "type": "Polygon", "coordinates": [ [ [ 60.0, 44.0 ], [ 60.0, 48.0 ], [ 54.0, 48.0 ], [ 54.0, 44.0 ], [ 60.0, 44.0 ] ] ] } },
{ "type": "Feature", "properties": { "nome_folha": "J41" }, "geometry": { "type": "Polygon", "coordinates": [ [ [ 66.0, 44.0 ], [ 66.0, 48.0 ], [ 60.0, 48.0 ], [ 60.0, 44.0 ], [ 66.0, 44.0 ] ] ] } },
{ "type": "Feature", "properties": { "nome_folha": "J42" }, "geometry": { "type": "Polygon", "coordinates": [ [ [ 72.0, 44.0 ], [ 72.0, 48.0 ], [ 66.0, 48.0 ], [ 66.0, 44.0 ], [ 72.0, 44.0 ] ] ] } },
{ "type": "Feature", "properties": { "nome_folha": "J43" }, "geometry": { "type": "Polygon", "coordinates": [ [ [ 78.0, 44.0 ], [ 78.0, 48.0 ], [ 72.0, 48.0 ], [ 72.0, 44.0 ], [ 78.0, 44.0 ] ] ] } },
{ "type": "Feature", "properties": { "nome_folha": "J44" }, "geometry": { "type": "Polygon", "coordinates": [ [ [ 84.0, 44.0 ], [ 84.0, 48.0 ], [ 78.0, 48.0 ], [ 78.0, 44.0 ], [ 84.0, 44.0 ] ] ] } },
{ "type": "Feature", "properties": { "nome_folha": "J45" }, "geometry": { "type": "Polygon", "coordinates": [ [ [ 90.0, 44.0 ], [ 90.0, 48.0 ], [ 84.0, 48.0 ], [ 84.0, 44.0 ], [ 90.0, 44.0 ] ] ] } },
{ "type": "Feature", "properties": { "nome_folha": "J46" }, "geometry": { "type": "Polygon", "coordinates": [ [ [ 96.0, 44.0 ], [ 96.0, 48.0 ], [ 90.0, 48.0 ], [ 90.0, 44.0 ], [ 96.0, 44.0 ] ] ] } },
{ "type": "Feature", "properties": { "nome_folha": "J47" }, "geometry": { "type": "Polygon", "coordinates": [ [ [ 102.0, 44.0 ], [ 102.0, 48.0 ], [ 96.0, 48.0 ], [ 96.0, 44.0 ], [ 102.0, 44.0 ] ] ] } },
{ "type": "Feature", "properties": { "nome_folha": "J48" }, "geometry": { "type": "Polygon", "coordinates": [ [ [ 108.0, 44.0 ], [ 108.0, 48.0 ], [ 102.0, 48.0 ], [ 102.0, 44.0 ], [ 108.0, 44.0 ] ] ] } },
{ "type": "Feature", "properties": { "nome_folha": "J49" }, "geometry": { "type": "Polygon", "coordinates": [ [ [ 114.0, 44.0 ], [ 114.0, 48.0 ], [ 108.0, 48.0 ], [ 108.0, 44.0 ], [ 114.0, 44.0 ] ] ] } },
{ "type": "Feature", "properties": { "nome_folha": "J50" }, "geometry": { "type": "Polygon", "coordinates": [ [ [ 120.0, 44.0 ], [ 120.0, 48.0 ], [ 114.0, 48.0 ], [ 114.0, 44.0 ], [ 120.0, 44.0 ] ] ] } },
{ "type": "Feature", "properties": { "nome_folha": "J51" }, "geometry": { "type": "Polygon", "coordinates": [ [ [ 126.0, 44.0 ], [ 126.0, 48.0 ], [ 120.0, 48.0 ], [ 120.0, 44.0 ], [ 126.0, 44.0 ] ] ] } },
{ "type": "Feature", "properties": { "nome_folha": "J52" }, "geometry": { "type": "Polygon", "coordinates": [ [ [ 132.0, 44.0 ], [ 132.0, 48.0 ], [ 126.0, 48.0 ], [ 126.0, 44.0 ], [ 132.0, 44.0 ] ] ] } },
{ "type": "Feature", "properties": { "nome_folha": "J53" }, "geometry": { "type": "Polygon", "coordinates": [ [ [ 138.0, 44.0 ], [ 138.0, 48.0 ], [ 132.0, 48.0 ], [ 132.0, 44.0 ], [ 138.0, 44.0 ] ] ] } },
{ "type": "Feature", "properties": { "nome_folha": "J54" }, "geometry": { "type": "Polygon", "coordinates": [ [ [ 144.0, 44.0 ], [ 144.0, 48.0 ], [ 138.0, 48.0 ], [ 138.0, 44.0 ], [ 144.0, 44.0 ] ] ] } },
{ "type": "Feature", "properties": { "nome_folha": "J55" }, "geometry": { "type": "Polygon", "coordinates": [ [ [ 150.0, 44.0 ], [ 150.0, 48.0 ], [ 144.0, 48.0 ], [ 144.0, 44.0 ], [ 150.0, 44.0 ] ] ] } },
{ "type": "Feature", "properties": { "nome_folha": "J56" }, "geometry": { "type": "Polygon", "coordinates": [ [ [ 156.0, 44.0 ], [ 156.0, 48.0 ], [ 150.0, 48.0 ], [ 150.0, 44.0 ], [ 156.0, 44.0 ] ] ] } },
{ "type": "Feature", "properties": { "nome_folha": "J57" }, "geometry": { "type": "Polygon", "coordinates": [ [ [ 162.0, 44.0 ], [ 162.0, 48.0 ], [ 156.0, 48.0 ], [ 156.0, 44.0 ], [ 162.0, 44.0 ] ] ] } },
{ "type": "Feature", "properties": { "nome_folha": "J58" }, "geometry": { "type": "Polygon", "coordinates": [ [ [ 168.0, 44.0 ], [ 168.0, 48.0 ], [ 162.0, 48.0 ], [ 162.0, 44.0 ], [ 168.0, 44.0 ] ] ] } },
{ "type": "Feature", "properties": { "nome_folha": "J59" }, "geometry": { "type": "Polygon", "coordinates": [ [ [ 174.0, 44.0 ], [ 174.0, 48.0 ], [ 168.0, 48.0 ], [ 168.0, 44.0 ], [ 174.0, 44.0 ] ] ] } },
{ "type": "Feature", "properties": { "nome_folha": "J60" }, "geometry": { "type": "Polygon", "coordinates": [ [ [ 180.0, 44.0 ], [ 180.0, 48.0 ], [ 174.0, 48.0 ], [ 174.0, 44.0 ], [ 180.0, 44.0 ] ] ] } },
{ "type": "Feature", "properties": { "nome_folha": "I01" }, "geometry": { "type": "Polygon", "coordinates": [ [ [ -174.0, 48.0 ], [ -174.0, 52.0 ], [ -180.0, 52.0 ], [ -180.0, 48.0 ], [ -174.0, 48.0 ] ] ] } },
{ "type": "Feature", "properties": { "nome_folha": "I02" }, "geometry": { "type": "Polygon", "coordinates": [ [ [ -168.0, 48.0 ], [ -168.0, 52.0 ], [ -174.0, 52.0 ], [ -174.0, 48.0 ], [ -168.0, 48.0 ] ] ] } },
{ "type": "Feature", "properties": { "nome_folha": "I03" }, "geometry": { "type": "Polygon", "coordinates": [ [ [ -162.0, 48.0 ], [ -162.0, 52.0 ], [ -168.0, 52.0 ], [ -168.0, 48.0 ], [ -162.0, 48.0 ] ] ] } },
{ "type": "Feature", "properties": { "nome_folha": "I04" }, "geometry": { "type": "Polygon", "coordinates": [ [ [ -156.0, 48.0 ], [ -156.0, 52.0 ], [ -162.0, 52.0 ], [ -162.0, 48.0 ], [ -156.0, 48.0 ] ] ] } },
{ "type": "Feature", "properties": { "nome_folha": "I05" }, "geometry": { "type": "Polygon", "coordinates": [ [ [ -150.0, 48.0 ], [ -150.0, 52.0 ], [ -156.0, 52.0 ], [ -156.0, 48.0 ], [ -150.0, 48.0 ] ] ] } },
{ "type": "Feature", "properties": { "nome_folha": "I06" }, "geometry": { "type": "Polygon", "coordinates": [ [ [ -144.0, 48.0 ], [ -144.0, 52.0 ], [ -150.0, 52.0 ], [ -150.0, 48.0 ], [ -144.0, 48.0 ] ] ] } },
{ "type": "Feature", "properties": { "nome_folha": "I07" }, "geometry": { "type": "Polygon", "coordinates": [ [ [ -138.0, 48.0 ], [ -138.0, 52.0 ], [ -144.0, 52.0 ], [ -144.0, 48.0 ], [ -138.0, 48.0 ] ] ] } },
{ "type": "Feature", "properties": { "nome_folha": "I08" }, "geometry": { "type": "Polygon", "coordinates": [ [ [ -132.0, 48.0 ], [ -132.0, 52.0 ], [ -138.0, 52.0 ], [ -138.0, 48.0 ], [ -132.0, 48.0 ] ] ] } },
{ "type": "Feature", "properties": { "nome_folha": "I09" }, "geometry": { "type": "Polygon", "coordinates": [ [ [ -126.0, 48.0 ], [ -126.0, 52.0 ], [ -132.0, 52.0 ], [ -132.0, 48.0 ], [ -126.0, 48.0 ] ] ] } },
{ "type": "Feature", "properties": { "nome_folha": "I10" }, "geometry": { "type": "Polygon", "coordinates": [ [ [ -120.0, 48.0 ], [ -120.0, 52.0 ], [ -126.0, 52.0 ], [ -126.0, 48.0 ], [ -120.0, 48.0 ] ] ] } },
{ "type": "Feature", "properties": { "nome_folha": "I11" }, "geometry": { "type": "Polygon", "coordinates": [ [ [ -114.0, 48.0 ], [ -114.0, 52.0 ], [ -120.0, 52.0 ], [ -120.0, 48.0 ], [ -114.0, 48.0 ] ] ] } },
{ "type": "Feature", "properties": { "nome_folha": "I12" }, "geometry": { "type": "Polygon", "coordinates": [ [ [ -108.0, 48.0 ], [ -108.0, 52.0 ], [ -114.0, 52.0 ], [ -114.0, 48.0 ], [ -108.0, 48.0 ] ] ] } },
{ "type": "Feature", "properties": { "nome_folha": "I13" }, "geometry": { "type": "Polygon", "coordinates": [ [ [ -102.0, 48.0 ], [ -102.0, 52.0 ], [ -108.0, 52.0 ], [ -108.0, 48.0 ], [ -102.0, 48.0 ] ] ] } },
{ "type": "Feature", "properties": { "nome_folha": "I14" }, "geometry": { "type": "Polygon", "coordinates": [ [ [ -96.0, 48.0 ], [ -96.0, 52.0 ], [ -102.0, 52.0 ], [ -102.0, 48.0 ], [ -96.0, 48.0 ] ] ] } },
{ "type": "Feature", "properties": { "nome_folha": "I15" }, "geometry": { "type": "Polygon", "coordinates": [ [ [ -90.0, 48.0 ], [ -90.0, 52.0 ], [ -96.0, 52.0 ], [ -96.0, 48.0 ], [ -90.0, 48.0 ] ] ] } },
{ "type": "Feature", "properties": { "nome_folha": "I16" }, "geometry": { "type": "Polygon", "coordinates": [ [ [ -84.0, 48.0 ], [ -84.0, 52.0 ], [ -90.0, 52.0 ], [ -90.0, 48.0 ], [ -84.0, 48.0 ] ] ] } },
{ "type": "Feature", "properties": { "nome_folha": "I17" }, "geometry": { "type": "Polygon", "coordinates": [ [ [ -78.0, 48.0 ], [ -78.0, 52.0 ], [ -84.0, 52.0 ], [ -84.0, 48.0 ], [ -78.0, 48.0 ] ] ] } },
{ "type": "Feature", "properties": { "nome_folha": "I18" }, "geometry": { "type": "Polygon", "coordinates": [ [ [ -72.0, 48.0 ], [ -72.0, 52.0 ], [ -78.0, 52.0 ], [ -78.0, 48.0 ], [ -72.0, 48.0 ] ] ] } },
{ "type": "Feature", "properties": { "nome_folha": "I19" }, "geometry": { "type": "Polygon", "coordinates": [ [ [ -66.0, 48.0 ], [ -66.0, 52.0 ], [ -72.0, 52.0 ], [ -72.0, 48.0 ], [ -66.0, 48.0 ] ] ] } },
{ "type": "Feature", "properties": { "nome_folha": "I20" }, "geometry": { "type": "Polygon", "coordinates": [ [ [ -60.0, 48.0 ], [ -60.0, 52.0 ], [ -66.0, 52.0 ], [ -66.0, 48.0 ], [ -60.0, 48.0 ] ] ] } },
{ "type": "Feature", "properties": { "nome_folha": "I21" }, "geometry": { "type": "Polygon", "coordinates": [ [ [ -54.0, 48.0 ], [ -54.0, 52.0 ], [ -60.0, 52.0 ], [ -60.0, 48.0 ], [ -54.0, 48.0 ] ] ] } },
{ "type": "Feature", "properties": { "nome_folha": "I22" }, "geometry": { "type": "Polygon", "coordinates": [ [ [ -48.0, 48.0 ], [ -48.0, 52.0 ], [ -54.0, 52.0 ], [ -54.0, 48.0 ], [ -48.0, 48.0 ] ] ] } },
{ "type": "Feature", "properties": { "nome_folha": "I23" }, "geometry": { "type": "Polygon", "coordinates": [ [ [ -42.0, 48.0 ], [ -42.0, 52.0 ], [ -48.0, 52.0 ], [ -48.0, 48.0 ], [ -42.0, 48.0 ] ] ] } },
{ "type": "Feature", "properties": { "nome_folha": "I24" }, "geometry": { "type": "Polygon", "coordinates": [ [ [ -36.0, 48.0 ], [ -36.0, 52.0 ], [ -42.0, 52.0 ], [ -42.0, 48.0 ], [ -36.0, 48.0 ] ] ] } },
{ "type": "Feature", "properties": { "nome_folha": "I25" }, "geometry": { "type": "Polygon", "coordinates": [ [ [ -30.0, 48.0 ], [ -30.0, 52.0 ], [ -36.0, 52.0 ], [ -36.0, 48.0 ], [ -30.0, 48.0 ] ] ] } },
{ "type": "Feature", "properties": { "nome_folha": "I26" }, "geometry": { "type": "Polygon", "coordinates": [ [ [ -24.0, 48.0 ], [ -24.0, 52.0 ], [ -30.0, 52.0 ], [ -30.0, 48.0 ], [ -24.0, 48.0 ] ] ] } },
{ "type": "Feature", "properties": { "nome_folha": "I27" }, "geometry": { "type": "Polygon", "coordinates": [ [ [ -18.0, 48.0 ], [ -18.0, 52.0 ], [ -24.0, 52.0 ], [ -24.0, 48.0 ], [ -18.0, 48.0 ] ] ] } },
{ "type": "Feature", "properties": { "nome_folha": "I28" }, "geometry": { "type": "Polygon", "coordinates": [ [ [ -12.0, 48.0 ], [ -12.0, 52.0 ], [ -18.0, 52.0 ], [ -18.0, 48.0 ], [ -12.0, 48.0 ] ] ] } },
{ "type": "Feature", "properties": { "nome_folha": "I29" }, "geometry": { "type": "Polygon", "coordinates": [ [ [ -6.0, 48.0 ], [ -6.0, 52.0 ], [ -12.0, 52.0 ], [ -12.0, 48.0 ], [ -6.0, 48.0 ] ] ] } },
{ "type": "Feature", "properties": { "nome_folha": "I30" }, "geometry": { "type": "Polygon", "coordinates": [ [ [ 0.0, 48.0 ], [ 0.0, 52.0 ], [ -6.0, 52.0 ], [ -6.0, 48.0 ], [ 0.0, 48.0 ] ] ] } },
{ "type": "Feature", "properties": { "nome_folha": "I31" }, "geometry": { "type": "Polygon", "coordinates": [ [ [ 6.0, 48.0 ], [ 6.0, 52.0 ], [ 0.0, 52.0 ], [ 0.0, 48.0 ], [ 6.0, 48.0 ] ] ] } },
{ "type": "Feature", "properties": { "nome_folha": "I32" }, "geometry": { "type": "Polygon", "coordinates": [ [ [ 12.0, 48.0 ], [ 12.0, 52.0 ], [ 6.0, 52.0 ], [ 6.0, 48.0 ], [ 12.0, 48.0 ] ] ] } },
{ "type": "Feature", "properties": { "nome_folha": "I33" }, "geometry": { "type": "Polygon", "coordinates": [ [ [ 18.0, 48.0 ], [ 18.0, 52.0 ], [ 12.0, 52.0 ], [ 12.0, 48.0 ], [ 18.0, 48.0 ] ] ] } },
{ "type": "Feature", "properties": { "nome_folha": "I34" }, "geometry": { "type": "Polygon", "coordinates": [ [ [ 24.0, 48.0 ], [ 24.0, 52.0 ], [ 18.0, 52.0 ], [ 18.0, 48.0 ], [ 24.0, 48.0 ] ] ] } },
{ "type": "Feature", "properties": { "nome_folha": "I35" }, "geometry": { "type": "Polygon", "coordinates": [ [ [ 30.0, 48.0 ], [ 30.0, 52.0 ], [ 24.0, 52.0 ], [ 24.0, 48.0 ], [ 30.0, 48.0 ] ] ] } },
{ "type": "Feature", "properties": { "nome_folha": "I36" }, "geometry": { "type": "Polygon", "coordinates": [ [ [ 36.0, 48.0 ], [ 36.0, 52.0 ], [ 30.0, 52.0 ], [ 30.0, 48.0 ], [ 36.0, 48.0 ] ] ] } },
{ "type": "Feature", "properties": { "nome_folha": "I37" }, "geometry": { "type": "Polygon", "coordinates": [ [ [ 42.0, 48.0 ], [ 42.0, 52.0 ], [ 36.0, 52.0 ], [ 36.0, 48.0 ], [ 42.0, 48.0 ] ] ] } },
{ "type": "Feature", "properties": { "nome_folha": "I38" }, "geometry": { "type": "Polygon", "coordinates": [ [ [ 48.0, 48.0 ], [ 48.0, 52.0 ], [ 42.0, 52.0 ], [ 42.0, 48.0 ], [ 48.0, 48.0 ] ] ] } },
{ "type": "Feature", "properties": { "nome_folha": "I39" }, "geometry": { "type": "Polygon", "coordinates": [ [ [ 54.0, 48.0 ], [ 54.0, 52.0 ], [ 48.0, 52.0 ], [ 48.0, 48.0 ], [ 54.0, 48.0 ] ] ] } },
{ "type": "Feature", "properties": { "nome_folha": "I40" }, "geometry": { "type": "Polygon", "coordinates": [ [ [ 60.0, 48.0 ], [ 60.0, 52.0 ], [ 54.0, 52.0 ], [ 54.0, 48.0 ], [ 60.0, 48.0 ] ] ] } },
{ "type": "Feature", "properties": { "nome_folha": "I41" }, "geometry": { "type": "Polygon", "coordinates": [ [ [ 66.0, 48.0 ], [ 66.0, 52.0 ], [ 60.0, 52.0 ], [ 60.0, 48.0 ], [ 66.0, 48.0 ] ] ] } },
{ "type": "Feature", "properties": { "nome_folha": "I42" }, "geometry": { "type": "Polygon", "coordinates": [ [ [ 72.0, 48.0 ], [ 72.0, 52.0 ], [ 66.0, 52.0 ], [ 66.0, 48.0 ], [ 72.0, 48.0 ] ] ] } },
{ "type": "Feature", "properties": { "nome_folha": "I43" }, "geometry": { "type": "Polygon", "coordinates": [ [ [ 78.0, 48.0 ], [ 78.0, 52.0 ], [ 72.0, 52.0 ], [ 72.0, 48.0 ], [ 78.0, 48.0 ] ] ] } },
{ "type": "Feature", "properties": { "nome_folha": "I44" }, "geometry": { "type": "Polygon", "coordinates": [ [ [ 84.0, 48.0 ], [ 84.0, 52.0 ], [ 78.0, 52.0 ], [ 78.0, 48.0 ], [ 84.0, 48.0 ] ] ] } },
{ "type": "Feature", "properties": { "nome_folha": "I45" }, "geometry": { "type": "Polygon", "coordinates": [ [ [ 90.0, 48.0 ], [ 90.0, 52.0 ], [ 84.0, 52.0 ], [ 84.0, 48.0 ], [ 90.0, 48.0 ] ] ] } },
{ "type": "Feature", "properties": { "nome_folha": "I46" }, "geometry": { "type": "Polygon", "coordinates": [ [ [ 96.0, 48.0 ], [ 96.0, 52.0 ], [ 90.0, 52.0 ], [ 90.0, 48.0 ], [ 96.0, 48.0 ] ] ] } },
{ "type": "Feature", "properties": { "nome_folha": "I47" }, "geometry": { "type": "Polygon", "coordinates": [ [ [ 102.0, 48.0 ], [ 102.0, 52.0 ], [ 96.0, 52.0 ], [ 96.0, 48.0 ], [ 102.0, 48.0 ] ] ] } },
{ "type": "Feature", "properties": { "nome_folha": "I48" }, "geometry": { "type": "Polygon", "coordinates": [ [ [ 108.0, 48.0 ], [ 108.0, 52.0 ], [ 102.0, 52.0 ], [ 102.0, 48.0 ], [ 108.0, 48.0 ] ] ] } },
{ "type": "Feature", "properties": { "nome_folha": "I49" }, "geometry": { "type": "Polygon", "coordinates": [ [ [ 114.0, 48.0 ], [ 114.0, 52.0 ], [ 108.0, 52.0 ], [ 108.0, 48.0 ], [ 114.0, 48.0 ] ] ] } },
{ "type": "Feature", "properties": { "nome_folha": "I50" }, "geometry": { "type": "Polygon", "coordinates": [ [ [ 120.0, 48.0 ], [ 120.0, 52.0 ], [ 114.0, 52.0 ], [ 114.0, 48.0 ], [ 120.0, 48.0 ] ] ] } },
{ "type": "Feature", "properties": { "nome_folha": "I51" }, "geometry": { "type": "Polygon", "coordinates": [ [ [ 126.0, 48.0 ], [ 126.0, 52.0 ], [ 120.0, 52.0 ], [ 120.0, 48.0 ], [ 126.0, 48.0 ] ] ] } },
{ "type": "Feature", "properties": { "nome_folha": "I52" }, "geometry": { "type": "Polygon", "coordinates": [ [ [ 132.0, 48.0 ], [ 132.0, 52.0 ], [ 126.0, 52.0 ], [ 126.0, 48.0 ], [ 132.0, 48.0 ] ] ] } },
{ "type": "Feature", "properties": { "nome_folha": "I53" }, "geometry": { "type": "Polygon", "coordinates": [ [ [ 138.0, 48.0 ], [ 138.0, 52.0 ], [ 132.0, 52.0 ], [ 132.0, 48.0 ], [ 138.0, 48.0 ] ] ] } },
{ "type": "Feature", "properties": { "nome_folha": "I54" }, "geometry": { "type": "Polygon", "coordinates": [ [ [ 144.0, 48.0 ], [ 144.0, 52.0 ], [ 138.0, 52.0 ], [ 138.0, 48.0 ], [ 144.0, 48.0 ] ] ] } },
{ "type": "Feature", "properties": { "nome_folha": "I55" }, "geometry": { "type": "Polygon", "coordinates": [ [ [ 150.0, 48.0 ], [ 150.0, 52.0 ], [ 144.0, 52.0 ], [ 144.0, 48.0 ], [ 150.0, 48.0 ] ] ] } },
{ "type": "Feature", "properties": { "nome_folha": "I56" }, "geometry": { "type": "Polygon", "coordinates": [ [ [ 156.0, 48.0 ], [ 156.0, 52.0 ], [ 150.0, 52.0 ], [ 150.0, 48.0 ], [ 156.0, 48.0 ] ] ] } },
{ "type": "Feature", "properties": { "nome_folha": "I57" }, "geometry": { "type": "Polygon", "coordinates": [ [ [ 162.0, 48.0 ], [ 162.0, 52.0 ], [ 156.0, 52.0 ], [ 156.0, 48.0 ], [ 162.0, 48.0 ] ] ] } },
{ "type": "Feature", "properties": { "nome_folha": "I58" }, "geometry": { "type": "Polygon", "coordinates": [ [ [ 168.0, 48.0 ], [ 168.0, 52.0 ], [ 162.0, 52.0 ], [ 162.0, 48.0 ], [ 168.0, 48.0 ] ] ] } },
{ "type": "Feature", "properties": { "nome_folha": "I59" }, "geometry": { "type": "Polygon", "coordinates": [ [ [ 174.0, 48.0 ], [ 174.0, 52.0 ], [ 168.0, 52.0 ], [ 168.0, 48.0 ], [ 174.0, 48.0 ] ] ] } },
{ "type": "Feature", "properties": { "nome_folha": "I60" }, "geometry": { "type": "Polygon", "coordinates": [ [ [ 180.0, 48.0 ], [ 180.0, 52.0 ], [ 174.0, 52.0 ], [ 174.0, 48.0 ], [ 180.0, 48.0 ] ] ] } },
{ "type": "Feature", "properties": { "nome_folha": "H01" }, "geometry": { "type": "Polygon", "coordinates": [ [ [ -174.0, 52.0 ], [ -174.0, 56.0 ], [ -180.0, 56.0 ], [ -180.0, 52.0 ], [ -174.0, 52.0 ] ] ] } },
{ "type": "Feature", "properties": { "nome_folha": "H02" }, "geometry": { "type": "Polygon", "coordinates": [ [ [ -168.0, 52.0 ], [ -168.0, 56.0 ], [ -174.0, 56.0 ], [ -174.0, 52.0 ], [ -168.0, 52.0 ] ] ] } },
{ "type": "Feature", "properties": { "nome_folha": "H03" }, "geometry": { "type": "Polygon", "coordinates": [ [ [ -162.0, 52.0 ], [ -162.0, 56.0 ], [ -168.0, 56.0 ], [ -168.0, 52.0 ], [ -162.0, 52.0 ] ] ] } },
{ "type": "Feature", "properties": { "nome_folha": "H04" }, "geometry": { "type": "Polygon", "coordinates": [ [ [ -156.0, 52.0 ], [ -156.0, 56.0 ], [ -162.0, 56.0 ], [ -162.0, 52.0 ], [ -156.0, 52.0 ] ] ] } },
{ "type": "Feature", "properties": { "nome_folha": "H05" }, "geometry": { "type": "Polygon", "coordinates": [ [ [ -150.0, 52.0 ], [ -150.0, 56.0 ], [ -156.0, 56.0 ], [ -156.0, 52.0 ], [ -150.0, 52.0 ] ] ] } },
{ "type": "Feature", "properties": { "nome_folha": "H06" }, "geometry": { "type": "Polygon", "coordinates": [ [ [ -144.0, 52.0 ], [ -144.0, 56.0 ], [ -150.0, 56.0 ], [ -150.0, 52.0 ], [ -144.0, 52.0 ] ] ] } },
{ "type": "Feature", "properties": { "nome_folha": "H07" }, "geometry": { "type": "Polygon", "coordinates": [ [ [ -138.0, 52.0 ], [ -138.0, 56.0 ], [ -144.0, 56.0 ], [ -144.0, 52.0 ], [ -138.0, 52.0 ] ] ] } },
{ "type": "Feature", "properties": { "nome_folha": "H08" }, "geometry": { "type": "Polygon", "coordinates": [ [ [ -132.0, 52.0 ], [ -132.0, 56.0 ], [ -138.0, 56.0 ], [ -138.0, 52.0 ], [ -132.0, 52.0 ] ] ] } },
{ "type": "Feature", "properties": { "nome_folha": "H09" }, "geometry": { "type": "Polygon", "coordinates": [ [ [ -126.0, 52.0 ], [ -126.0, 56.0 ], [ -132.0, 56.0 ], [ -132.0, 52.0 ], [ -126.0, 52.0 ] ] ] } },
{ "type": "Feature", "properties": { "nome_folha": "H10" }, "geometry": { "type": "Polygon", "coordinates": [ [ [ -120.0, 52.0 ], [ -120.0, 56.0 ], [ -126.0, 56.0 ], [ -126.0, 52.0 ], [ -120.0, 52.0 ] ] ] } },
{ "type": "Feature", "properties": { "nome_folha": "H11" }, "geometry": { "type": "Polygon", "coordinates": [ [ [ -114.0, 52.0 ], [ -114.0, 56.0 ], [ -120.0, 56.0 ], [ -120.0, 52.0 ], [ -114.0, 52.0 ] ] ] } },
{ "type": "Feature", "properties": { "nome_folha": "H12" }, "geometry": { "type": "Polygon", "coordinates": [ [ [ -108.0, 52.0 ], [ -108.0, 56.0 ], [ -114.0, 56.0 ], [ -114.0, 52.0 ], [ -108.0, 52.0 ] ] ] } },
{ "type": "Feature", "properties": { "nome_folha": "H13" }, "geometry": { "type": "Polygon", "coordinates": [ [ [ -102.0, 52.0 ], [ -102.0, 56.0 ], [ -108.0, 56.0 ], [ -108.0, 52.0 ], [ -102.0, 52.0 ] ] ] } },
{ "type": "Feature", "properties": { "nome_folha": "H14" }, "geometry": { "type": "Polygon", "coordinates": [ [ [ -96.0, 52.0 ], [ -96.0, 56.0 ], [ -102.0, 56.0 ], [ -102.0, 52.0 ], [ -96.0, 52.0 ] ] ] } },
{ "type": "Feature", "properties": { "nome_folha": "H15" }, "geometry": { "type": "Polygon", "coordinates": [ [ [ -90.0, 52.0 ], [ -90.0, 56.0 ], [ -96.0, 56.0 ], [ -96.0, 52.0 ], [ -90.0, 52.0 ] ] ] } },
{ "type": "Feature", "properties": { "nome_folha": "H16" }, "geometry": { "type": "Polygon", "coordinates": [ [ [ -84.0, 52.0 ], [ -84.0, 56.0 ], [ -90.0, 56.0 ], [ -90.0, 52.0 ], [ -84.0, 52.0 ] ] ] } },
{ "type": "Feature", "properties": { "nome_folha": "H17" }, "geometry": { "type": "Polygon", "coordinates": [ [ [ -78.0, 52.0 ], [ -78.0, 56.0 ], [ -84.0, 56.0 ], [ -84.0, 52.0 ], [ -78.0, 52.0 ] ] ] } },
{ "type": "Feature", "properties": { "nome_folha": "H18" }, "geometry": { "type": "Polygon", "coordinates": [ [ [ -72.0, 52.0 ], [ -72.0, 56.0 ], [ -78.0, 56.0 ], [ -78.0, 52.0 ], [ -72.0, 52.0 ] ] ] } },
{ "type": "Feature", "properties": { "nome_folha": "H19" }, "geometry": { "type": "Polygon", "coordinates": [ [ [ -66.0, 52.0 ], [ -66.0, 56.0 ], [ -72.0, 56.0 ], [ -72.0, 52.0 ], [ -66.0, 52.0 ] ] ] } },
{ "type": "Feature", "properties": { "nome_folha": "H20" }, "geometry": { "type": "Polygon", "coordinates": [ [ [ -60.0, 52.0 ], [ -60.0, 56.0 ], [ -66.0, 56.0 ], [ -66.0, 52.0 ], [ -60.0, 52.0 ] ] ] } },
{ "type": "Feature", "properties": { "nome_folha": "H21" }, "geometry": { "type": "Polygon", "coordinates": [ [ [ -54.0, 52.0 ], [ -54.0, 56.0 ], [ -60.0, 56.0 ], [ -60.0, 52.0 ], [ -54.0, 52.0 ] ] ] } },
{ "type": "Feature", "properties": { "nome_folha": "H22" }, "geometry": { "type": "Polygon", "coordinates": [ [ [ -48.0, 52.0 ], [ -48.0, 56.0 ], [ -54.0, 56.0 ], [ -54.0, 52.0 ], [ -48.0, 52.0 ] ] ] } },
{ "type": "Feature", "properties": { "nome_folha": "H23" }, "geometry": { "type": "Polygon", "coordinates": [ [ [ -42.0, 52.0 ], [ -42.0, 56.0 ], [ -48.0, 56.0 ], [ -48.0, 52.0 ], [ -42.0, 52.0 ] ] ] } },
{ "type": "Feature", "properties": { "nome_folha": "H24" }, "geometry": { "type": "Polygon", "coordinates": [ [ [ -36.0, 52.0 ], [ -36.0, 56.0 ], [ -42.0, 56.0 ], [ -42.0, 52.0 ], [ -36.0, 52.0 ] ] ] } },
{ "type": "Feature", "properties": { "nome_folha": "H25" }, "geometry": { "type": "Polygon", "coordinates": [ [ [ -30.0, 52.0 ], [ -30.0, 56.0 ], [ -36.0, 56.0 ], [ -36.0, 52.0 ], [ -30.0, 52.0 ] ] ] } },
{ "type": "Feature", "properties": { "nome_folha": "H26" }, "geometry": { "type": "Polygon", "coordinates": [ [ [ -24.0, 52.0 ], [ -24.0, 56.0 ], [ -30.0, 56.0 ], [ -30.0, 52.0 ], [ -24.0, 52.0 ] ] ] } },
{ "type": "Feature", "properties": { "nome_folha": "H27" }, "geometry": { "type": "Polygon", "coordinates": [ [ [ -18.0, 52.0 ], [ -18.0, 56.0 ], [ -24.0, 56.0 ], [ -24.0, 52.0 ], [ -18.0, 52.0 ] ] ] } },
{ "type": "Feature", "properties": { "nome_folha": "H28" }, "geometry": { "type": "Polygon", "coordinates": [ [ [ -12.0, 52.0 ], [ -12.0, 56.0 ], [ -18.0, 56.0 ], [ -18.0, 52.0 ], [ -12.0, 52.0 ] ] ] } },
{ "type": "Feature", "properties": { "nome_folha": "H29" }, "geometry": { "type": "Polygon", "coordinates": [ [ [ -6.0, 52.0 ], [ -6.0, 56.0 ], [ -12.0, 56.0 ], [ -12.0, 52.0 ], [ -6.0, 52.0 ] ] ] } },
{ "type": "Feature", "properties": { "nome_folha": "H30" }, "geometry": { "type": "Polygon", "coordinates": [ [ [ 0.0, 52.0 ], [ 0.0, 56.0 ], [ -6.0, 56.0 ], [ -6.0, 52.0 ], [ 0.0, 52.0 ] ] ] } },
{ "type": "Feature", "properties": { "nome_folha": "H31" }, "geometry": { "type": "Polygon", "coordinates": [ [ [ 6.0, 52.0 ], [ 6.0, 56.0 ], [ 0.0, 56.0 ], [ 0.0, 52.0 ], [ 6.0, 52.0 ] ] ] } },
{ "type": "Feature", "properties": { "nome_folha": "H32" }, "geometry": { "type": "Polygon", "coordinates": [ [ [ 12.0, 52.0 ], [ 12.0, 56.0 ], [ 6.0, 56.0 ], [ 6.0, 52.0 ], [ 12.0, 52.0 ] ] ] } },
{ "type": "Feature", "properties": { "nome_folha": "H33" }, "geometry": { "type": "Polygon", "coordinates": [ [ [ 18.0, 52.0 ], [ 18.0, 56.0 ], [ 12.0, 56.0 ], [ 12.0, 52.0 ], [ 18.0, 52.0 ] ] ] } },
{ "type": "Feature", "properties": { "nome_folha": "H34" }, "geometry": { "type": "Polygon", "coordinates": [ [ [ 24.0, 52.0 ], [ 24.0, 56.0 ], [ 18.0, 56.0 ], [ 18.0, 52.0 ], [ 24.0, 52.0 ] ] ] } },
{ "type": "Feature", "properties": { "nome_folha": "H35" }, "geometry": { "type": "Polygon", "coordinates": [ [ [ 30.0, 52.0 ], [ 30.0, 56.0 ], [ 24.0, 56.0 ], [ 24.0, 52.0 ], [ 30.0, 52.0 ] ] ] } },
{ "type": "Feature", "properties": { "nome_folha": "H36" }, "geometry": { "type": "Polygon", "coordinates": [ [ [ 36.0, 52.0 ], [ 36.0, 56.0 ], [ 30.0, 56.0 ], [ 30.0, 52.0 ], [ 36.0, 52.0 ] ] ] } },
{ "type": "Feature", "properties": { "nome_folha": "H37" }, "geometry": { "type": "Polygon", "coordinates": [ [ [ 42.0, 52.0 ], [ 42.0, 56.0 ], [ 36.0, 56.0 ], [ 36.0, 52.0 ], [ 42.0, 52.0 ] ] ] } },
{ "type": "Feature", "properties": { "nome_folha": "H38" }, "geometry": { "type": "Polygon", "coordinates": [ [ [ 48.0, 52.0 ], [ 48.0, 56.0 ], [ 42.0, 56.0 ], [ 42.0, 52.0 ], [ 48.0, 52.0 ] ] ] } },
{ "type": "Feature", "properties": { "nome_folha": "H39" }, "geometry": { "type": "Polygon", "coordinates": [ [ [ 54.0, 52.0 ], [ 54.0, 56.0 ], [ 48.0, 56.0 ], [ 48.0, 52.0 ], [ 54.0, 52.0 ] ] ] } },
{ "type": "Feature", "properties": { "nome_folha": "H40" }, "geometry": { "type": "Polygon", "coordinates": [ [ [ 60.0, 52.0 ], [ 60.0, 56.0 ], [ 54.0, 56.0 ], [ 54.0, 52.0 ], [ 60.0, 52.0 ] ] ] } },
{ "type": "Feature", "properties": { "nome_folha": "H41" }, "geometry": { "type": "Polygon", "coordinates": [ [ [ 66.0, 52.0 ], [ 66.0, 56.0 ], [ 60.0, 56.0 ], [ 60.0, 52.0 ], [ 66.0, 52.0 ] ] ] } },
{ "type": "Feature", "properties": { "nome_folha": "H42" }, "geometry": { "type": "Polygon", "coordinates": [ [ [ 72.0, 52.0 ], [ 72.0, 56.0 ], [ 66.0, 56.0 ], [ 66.0, 52.0 ], [ 72.0, 52.0 ] ] ] } },
{ "type": "Feature", "properties": { "nome_folha": "H43" }, "geometry": { "type": "Polygon", "coordinates": [ [ [ 78.0, 52.0 ], [ 78.0, 56.0 ], [ 72.0, 56.0 ], [ 72.0, 52.0 ], [ 78.0, 52.0 ] ] ] } },
{ "type": "Feature", "properties": { "nome_folha": "H44" }, "geometry": { "type": "Polygon", "coordinates": [ [ [ 84.0, 52.0 ], [ 84.0, 56.0 ], [ 78.0, 56.0 ], [ 78.0, 52.0 ], [ 84.0, 52.0 ] ] ] } },
{ "type": "Feature", "properties": { "nome_folha": "H45" }, "geometry": { "type": "Polygon", "coordinates": [ [ [ 90.0, 52.0 ], [ 90.0, 56.0 ], [ 84.0, 56.0 ], [ 84.0, 52.0 ], [ 90.0, 52.0 ] ] ] } },
{ "type": "Feature", "properties": { "nome_folha": "H46" }, "geometry": { "type": "Polygon", "coordinates": [ [ [ 96.0, 52.0 ], [ 96.0, 56.0 ], [ 90.0, 56.0 ], [ 90.0, 52.0 ], [ 96.0, 52.0 ] ] ] } },
{ "type": "Feature", "properties": { "nome_folha": "H47" }, "geometry": { "type": "Polygon", "coordinates": [ [ [ 102.0, 52.0 ], [ 102.0, 56.0 ], [ 96.0, 56.0 ], [ 96.0, 52.0 ], [ 102.0, 52.0 ] ] ] } },
{ "type": "Feature", "properties": { "nome_folha": "H48" }, "geometry": { "type": "Polygon", "coordinates": [ [ [ 108.0, 52.0 ], [ 108.0, 56.0 ], [ 102.0, 56.0 ], [ 102.0, 52.0 ], [ 108.0, 52.0 ] ] ] } },
{ "type": "Feature", "properties": { "nome_folha": "H49" }, "geometry": { "type": "Polygon", "coordinates": [ [ [ 114.0, 52.0 ], [ 114.0, 56.0 ], [ 108.0, 56.0 ], [ 108.0, 52.0 ], [ 114.0, 52.0 ] ] ] } },
{ "type": "Feature", "properties": { "nome_folha": "H50" }, "geometry": { "type": "Polygon", "coordinates": [ [ [ 120.0, 52.0 ], [ 120.0, 56.0 ], [ 114.0, 56.0 ], [ 114.0, 52.0 ], [ 120.0, 52.0 ] ] ] } },
{ "type": "Feature", "properties": { "nome_folha": "H51" }, "geometry": { "type": "Polygon", "coordinates": [ [ [ 126.0, 52.0 ], [ 126.0, 56.0 ], [ 120.0, 56.0 ], [ 120.0, 52.0 ], [ 126.0, 52.0 ] ] ] } },
{ "type": "Feature", "properties": { "nome_folha": "H52" }, "geometry": { "type": "Polygon", "coordinates": [ [ [ 132.0, 52.0 ], [ 132.0, 56.0 ], [ 126.0, 56.0 ], [ 126.0, 52.0 ], [ 132.0, 52.0 ] ] ] } },
{ "type": "Feature", "properties": { "nome_folha": "H53" }, "geometry": { "type": "Polygon", "coordinates": [ [ [ 138.0, 52.0 ], [ 138.0, 56.0 ], [ 132.0, 56.0 ], [ 132.0, 52.0 ], [ 138.0, 52.0 ] ] ] } },
{ "type": "Feature", "properties": { "nome_folha": "H54" }, "geometry": { "type": "Polygon", "coordinates": [ [ [ 144.0, 52.0 ], [ 144.0, 56.0 ], [ 138.0, 56.0 ], [ 138.0, 52.0 ], [ 144.0, 52.0 ] ] ] } },
{ "type": "Feature", "properties": { "nome_folha": "H55" }, "geometry": { "type": "Polygon", "coordinates": [ [ [ 150.0, 52.0 ], [ 150.0, 56.0 ], [ 144.0, 56.0 ], [ 144.0, 52.0 ], [ 150.0, 52.0 ] ] ] } },
{ "type": "Feature", "properties": { "nome_folha": "H56" }, "geometry": { "type": "Polygon", "coordinates": [ [ [ 156.0, 52.0 ], [ 156.0, 56.0 ], [ 150.0, 56.0 ], [ 150.0, 52.0 ], [ 156.0, 52.0 ] ] ] } },
{ "type": "Feature", "properties": { "nome_folha": "H57" }, "geometry": { "type": "Polygon", "coordinates": [ [ [ 162.0, 52.0 ], [ 162.0, 56.0 ], [ 156.0, 56.0 ], [ 156.0, 52.0 ], [ 162.0, 52.0 ] ] ] } },
{ "type": "Feature", "properties": { "nome_folha": "H58" }, "geometry": { "type": "Polygon", "coordinates": [ [ [ 168.0, 52.0 ], [ 168.0, 56.0 ], [ 162.0, 56.0 ], [ 162.0, 52.0 ], [ 168.0, 52.0 ] ] ] } },
{ "type": "Feature", "properties": { "nome_folha": "H59" }, "geometry": { "type": "Polygon", "coordinates": [ [ [ 174.0, 52.0 ], [ 174.0, 56.0 ], [ 168.0, 56.0 ], [ 168.0, 52.0 ], [ 174.0, 52.0 ] ] ] } },
{ "type": "Feature", "properties": { "nome_folha": "H60" }, "geometry": { "type": "Polygon", "coordinates": [ [ [ 180.0, 52.0 ], [ 180.0, 56.0 ], [ 174.0, 56.0 ], [ 174.0, 52.0 ], [ 180.0, 52.0 ] ] ] } },
{ "type": "Feature", "properties": { "nome_folha": "G01" }, "geometry": { "type": "Polygon", "coordinates": [ [ [ -174.0, 56.0 ], [ -174.0, 60.0 ], [ -180.0, 60.0 ], [ -180.0, 56.0 ], [ -174.0, 56.0 ] ] ] } },
{ "type": "Feature", "properties": { "nome_folha": "G02" }, "geometry": { "type": "Polygon", "coordinates": [ [ [ -168.0, 56.0 ], [ -168.0, 60.0 ], [ -174.0, 60.0 ], [ -174.0, 56.0 ], [ -168.0, 56.0 ] ] ] } },
{ "type": "Feature", "properties": { "nome_folha": "G03" }, "geometry": { "type": "Polygon", "coordinates": [ [ [ -162.0, 56.0 ], [ -162.0, 60.0 ], [ -168.0, 60.0 ], [ -168.0, 56.0 ], [ -162.0, 56.0 ] ] ] } },
{ "type": "Feature", "properties": { "nome_folha": "G04" }, "geometry": { "type": "Polygon", "coordinates": [ [ [ -156.0, 56.0 ], [ -156.0, 60.0 ], [ -162.0, 60.0 ], [ -162.0, 56.0 ], [ -156.0, 56.0 ] ] ] } },
{ "type": "Feature", "properties": { "nome_folha": "G05" }, "geometry": { "type": "Polygon", "coordinates": [ [ [ -150.0, 56.0 ], [ -150.0, 60.0 ], [ -156.0, 60.0 ], [ -156.0, 56.0 ], [ -150.0, 56.0 ] ] ] } },
{ "type": "Feature", "properties": { "nome_folha": "G06" }, "geometry": { "type": "Polygon", "coordinates": [ [ [ -144.0, 56.0 ], [ -144.0, 60.0 ], [ -150.0, 60.0 ], [ -150.0, 56.0 ], [ -144.0, 56.0 ] ] ] } },
{ "type": "Feature", "properties": { "nome_folha": "G07" }, "geometry": { "type": "Polygon", "coordinates": [ [ [ -138.0, 56.0 ], [ -138.0, 60.0 ], [ -144.0, 60.0 ], [ -144.0, 56.0 ], [ -138.0, 56.0 ] ] ] } },
{ "type": "Feature", "properties": { "nome_folha": "G08" }, "geometry": { "type": "Polygon", "coordinates": [ [ [ -132.0, 56.0 ], [ -132.0, 60.0 ], [ -138.0, 60.0 ], [ -138.0, 56.0 ], [ -132.0, 56.0 ] ] ] } },
{ "type": "Feature", "properties": { "nome_folha": "G09" }, "geometry": { "type": "Polygon", "coordinates": [ [ [ -126.0, 56.0 ], [ -126.0, 60.0 ], [ -132.0, 60.0 ], [ -132.0, 56.0 ], [ -126.0, 56.0 ] ] ] } },
{ "type": "Feature", "properties": { "nome_folha": "G10" }, "geometry": { "type": "Polygon", "coordinates": [ [ [ -120.0, 56.0 ], [ -120.0, 60.0 ], [ -126.0, 60.0 ], [ -126.0, 56.0 ], [ -120.0, 56.0 ] ] ] } },
{ "type": "Feature", "properties": { "nome_folha": "G11" }, "geometry": { "type": "Polygon", "coordinates": [ [ [ -114.0, 56.0 ], [ -114.0, 60.0 ], [ -120.0, 60.0 ], [ -120.0, 56.0 ], [ -114.0, 56.0 ] ] ] } },
{ "type": "Feature", "properties": { "nome_folha": "G12" }, "geometry": { "type": "Polygon", "coordinates": [ [ [ -108.0, 56.0 ], [ -108.0, 60.0 ], [ -114.0, 60.0 ], [ -114.0, 56.0 ], [ -108.0, 56.0 ] ] ] } },
{ "type": "Feature", "properties": { "nome_folha": "G13" }, "geometry": { "type": "Polygon", "coordinates": [ [ [ -102.0, 56.0 ], [ -102.0, 60.0 ], [ -108.0, 60.0 ], [ -108.0, 56.0 ], [ -102.0, 56.0 ] ] ] } },
{ "type": "Feature", "properties": { "nome_folha": "G14" }, "geometry": { "type": "Polygon", "coordinates": [ [ [ -96.0, 56.0 ], [ -96.0, 60.0 ], [ -102.0, 60.0 ], [ -102.0, 56.0 ], [ -96.0, 56.0 ] ] ] } },
{ "type": "Feature", "properties": { "nome_folha": "G15" }, "geometry": { "type": "Polygon", "coordinates": [ [ [ -90.0, 56.0 ], [ -90.0, 60.0 ], [ -96.0, 60.0 ], [ -96.0, 56.0 ], [ -90.0, 56.0 ] ] ] } },
{ "type": "Feature", "properties": { "nome_folha": "G16" }, "geometry": { "type": "Polygon", "coordinates": [ [ [ -84.0, 56.0 ], [ -84.0, 60.0 ], [ -90.0, 60.0 ], [ -90.0, 56.0 ], [ -84.0, 56.0 ] ] ] } },
{ "type": "Feature", "properties": { "nome_folha": "G17" }, "geometry": { "type": "Polygon", "coordinates": [ [ [ -78.0, 56.0 ], [ -78.0, 60.0 ], [ -84.0, 60.0 ], [ -84.0, 56.0 ], [ -78.0, 56.0 ] ] ] } },
{ "type": "Feature", "properties": { "nome_folha": "G18" }, "geometry": { "type": "Polygon", "coordinates": [ [ [ -72.0, 56.0 ], [ -72.0, 60.0 ], [ -78.0, 60.0 ], [ -78.0, 56.0 ], [ -72.0, 56.0 ] ] ] } },
{ "type": "Feature", "properties": { "nome_folha": "G19" }, "geometry": { "type": "Polygon", "coordinates": [ [ [ -66.0, 56.0 ], [ -66.0, 60.0 ], [ -72.0, 60.0 ], [ -72.0, 56.0 ], [ -66.0, 56.0 ] ] ] } },
{ "type": "Feature", "properties": { "nome_folha": "G20" }, "geometry": { "type": "Polygon", "coordinates": [ [ [ -60.0, 56.0 ], [ -60.0, 60.0 ], [ -66.0, 60.0 ], [ -66.0, 56.0 ], [ -60.0, 56.0 ] ] ] } },
{ "type": "Feature", "properties": { "nome_folha": "G21" }, "geometry": { "type": "Polygon", "coordinates": [ [ [ -54.0, 56.0 ], [ -54.0, 60.0 ], [ -60.0, 60.0 ], [ -60.0, 56.0 ], [ -54.0, 56.0 ] ] ] } },
{ "type": "Feature", "properties": { "nome_folha": "G22" }, "geometry": { "type": "Polygon", "coordinates": [ [ [ -48.0, 56.0 ], [ -48.0, 60.0 ], [ -54.0, 60.0 ], [ -54.0, 56.0 ], [ -48.0, 56.0 ] ] ] } },
{ "type": "Feature", "properties": { "nome_folha": "G23" }, "geometry": { "type": "Polygon", "coordinates": [ [ [ -42.0, 56.0 ], [ -42.0, 60.0 ], [ -48.0, 60.0 ], [ -48.0, 56.0 ], [ -42.0, 56.0 ] ] ] } },
{ "type": "Feature", "properties": { "nome_folha": "G24" }, "geometry": { "type": "Polygon", "coordinates": [ [ [ -36.0, 56.0 ], [ -36.0, 60.0 ], [ -42.0, 60.0 ], [ -42.0, 56.0 ], [ -36.0, 56.0 ] ] ] } },
{ "type": "Feature", "properties": { "nome_folha": "G25" }, "geometry": { "type": "Polygon", "coordinates": [ [ [ -30.0, 56.0 ], [ -30.0, 60.0 ], [ -36.0, 60.0 ], [ -36.0, 56.0 ], [ -30.0, 56.0 ] ] ] } },
{ "type": "Feature", "properties": { "nome_folha": "G26" }, "geometry": { "type": "Polygon", "coordinates": [ [ [ -24.0, 56.0 ], [ -24.0, 60.0 ], [ -30.0, 60.0 ], [ -30.0, 56.0 ], [ -24.0, 56.0 ] ] ] } },
{ "type": "Feature", "properties": { "nome_folha": "G27" }, "geometry": { "type": "Polygon", "coordinates": [ [ [ -18.0, 56.0 ], [ -18.0, 60.0 ], [ -24.0, 60.0 ], [ -24.0, 56.0 ], [ -18.0, 56.0 ] ] ] } },
{ "type": "Feature", "properties": { "nome_folha": "G28" }, "geometry": { "type": "Polygon", "coordinates": [ [ [ -12.0, 56.0 ], [ -12.0, 60.0 ], [ -18.0, 60.0 ], [ -18.0, 56.0 ], [ -12.0, 56.0 ] ] ] } },
{ "type": "Feature", "properties": { "nome_folha": "G29" }, "geometry": { "type": "Polygon", "coordinates": [ [ [ -6.0, 56.0 ], [ -6.0, 60.0 ], [ -12.0, 60.0 ], [ -12.0, 56.0 ], [ -6.0, 56.0 ] ] ] } },
{ "type": "Feature", "properties": { "nome_folha": "G30" }, "geometry": { "type": "Polygon", "coordinates": [ [ [ 0.0, 56.0 ], [ 0.0, 60.0 ], [ -6.0, 60.0 ], [ -6.0, 56.0 ], [ 0.0, 56.0 ] ] ] } },
{ "type": "Feature", "properties": { "nome_folha": "G31" }, "geometry": { "type": "Polygon", "coordinates": [ [ [ 6.0, 56.0 ], [ 6.0, 60.0 ], [ 0.0, 60.0 ], [ 0.0, 56.0 ], [ 6.0, 56.0 ] ] ] } },
{ "type": "Feature", "properties": { "nome_folha": "G32" }, "geometry": { "type": "Polygon", "coordinates": [ [ [ 12.0, 56.0 ], [ 12.0, 60.0 ], [ 6.0, 60.0 ], [ 6.0, 56.0 ], [ 12.0, 56.0 ] ] ] } },
{ "type": "Feature", "properties": { "nome_folha": "G33" }, "geometry": { "type": "Polygon", "coordinates": [ [ [ 18.0, 56.0 ], [ 18.0, 60.0 ], [ 12.0, 60.0 ], [ 12.0, 56.0 ], [ 18.0, 56.0 ] ] ] } },
{ "type": "Feature", "properties": { "nome_folha": "G34" }, "geometry": { "type": "Polygon", "coordinates": [ [ [ 24.0, 56.0 ], [ 24.0, 60.0 ], [ 18.0, 60.0 ], [ 18.0, 56.0 ], [ 24.0, 56.0 ] ] ] } },
{ "type": "Feature", "properties": { "nome_folha": "G35" }, "geometry": { "type": "Polygon", "coordinates": [ [ [ 30.0, 56.0 ], [ 30.0, 60.0 ], [ 24.0, 60.0 ], [ 24.0, 56.0 ], [ 30.0, 56.0 ] ] ] } },
{ "type": "Feature", "properties": { "nome_folha": "G36" }, "geometry": { "type": "Polygon", "coordinates": [ [ [ 36.0, 56.0 ], [ 36.0, 60.0 ], [ 30.0, 60.0 ], [ 30.0, 56.0 ], [ 36.0, 56.0 ] ] ] } },
{ "type": "Feature", "properties": { "nome_folha": "G37" }, "geometry": { "type": "Polygon", "coordinates": [ [ [ 42.0, 56.0 ], [ 42.0, 60.0 ], [ 36.0, 60.0 ], [ 36.0, 56.0 ], [ 42.0, 56.0 ] ] ] } },
{ "type": "Feature", "properties": { "nome_folha": "G38" }, "geometry": { "type": "Polygon", "coordinates": [ [ [ 48.0, 56.0 ], [ 48.0, 60.0 ], [ 42.0, 60.0 ], [ 42.0, 56.0 ], [ 48.0, 56.0 ] ] ] } },
{ "type": "Feature", "properties": { "nome_folha": "G39" }, "geometry": { "type": "Polygon", "coordinates": [ [ [ 54.0, 56.0 ], [ 54.0, 60.0 ], [ 48.0, 60.0 ], [ 48.0, 56.0 ], [ 54.0, 56.0 ] ] ] } },
{ "type": "Feature", "properties": { "nome_folha": "G40" }, "geometry": { "type": "Polygon", "coordinates": [ [ [ 60.0, 56.0 ], [ 60.0, 60.0 ], [ 54.0, 60.0 ], [ 54.0, 56.0 ], [ 60.0, 56.0 ] ] ] } },
{ "type": "Feature", "properties": { "nome_folha": "G41" }, "geometry": { "type": "Polygon", "coordinates": [ [ [ 66.0, 56.0 ], [ 66.0, 60.0 ], [ 60.0, 60.0 ], [ 60.0, 56.0 ], [ 66.0, 56.0 ] ] ] } },
{ "type": "Feature", "properties": { "nome_folha": "G42" }, "geometry": { "type": "Polygon", "coordinates": [ [ [ 72.0, 56.0 ], [ 72.0, 60.0 ], [ 66.0, 60.0 ], [ 66.0, 56.0 ], [ 72.0, 56.0 ] ] ] } },
{ "type": "Feature", "properties": { "nome_folha": "G43" }, "geometry": { "type": "Polygon", "coordinates": [ [ [ 78.0, 56.0 ], [ 78.0, 60.0 ], [ 72.0, 60.0 ], [ 72.0, 56.0 ], [ 78.0, 56.0 ] ] ] } },
{ "type": "Feature", "properties": { "nome_folha": "G44" }, "geometry": { "type": "Polygon", "coordinates": [ [ [ 84.0, 56.0 ], [ 84.0, 60.0 ], [ 78.0, 60.0 ], [ 78.0, 56.0 ], [ 84.0, 56.0 ] ] ] } },
{ "type": "Feature", "properties": { "nome_folha": "G45" }, "geometry": { "type": "Polygon", "coordinates": [ [ [ 90.0, 56.0 ], [ 90.0, 60.0 ], [ 84.0, 60.0 ], [ 84.0, 56.0 ], [ 90.0, 56.0 ] ] ] } },
{ "type": "Feature", "properties": { "nome_folha": "G46" }, "geometry": { "type": "Polygon", "coordinates": [ [ [ 96.0, 56.0 ], [ 96.0, 60.0 ], [ 90.0, 60.0 ], [ 90.0, 56.0 ], [ 96.0, 56.0 ] ] ] } },
{ "type": "Feature", "properties": { "nome_folha": "G47" }, "geometry": { "type": "Polygon", "coordinates": [ [ [ 102.0, 56.0 ], [ 102.0, 60.0 ], [ 96.0, 60.0 ], [ 96.0, 56.0 ], [ 102.0, 56.0 ] ] ] } },
{ "type": "Feature", "properties": { "nome_folha": "G48" }, "geometry": { "type": "Polygon", "coordinates": [ [ [ 108.0, 56.0 ], [ 108.0, 60.0 ], [ 102.0, 60.0 ], [ 102.0, 56.0 ], [ 108.0, 56.0 ] ] ] } },
{ "type": "Feature", "properties": { "nome_folha": "G49" }, "geometry": { "type": "Polygon", "coordinates": [ [ [ 114.0, 56.0 ], [ 114.0, 60.0 ], [ 108.0, 60.0 ], [ 108.0, 56.0 ], [ 114.0, 56.0 ] ] ] } },
{ "type": "Feature", "properties": { "nome_folha": "G50" }, "geometry": { "type": "Polygon", "coordinates": [ [ [ 120.0, 56.0 ], [ 120.0, 60.0 ], [ 114.0, 60.0 ], [ 114.0, 56.0 ], [ 120.0, 56.0 ] ] ] } },
{ "type": "Feature", "properties": { "nome_folha": "G51" }, "geometry": { "type": "Polygon", "coordinates": [ [ [ 126.0, 56.0 ], [ 126.0, 60.0 ], [ 120.0, 60.0 ], [ 120.0, 56.0 ], [ 126.0, 56.0 ] ] ] } },
{ "type": "Feature", "properties": { "nome_folha": "G52" }, "geometry": { "type": "Polygon", "coordinates": [ [ [ 132.0, 56.0 ], [ 132.0, 60.0 ], [ 126.0, 60.0 ], [ 126.0, 56.0 ], [ 132.0, 56.0 ] ] ] } },
{ "type": "Feature", "properties": { "nome_folha": "G53" }, "geometry": { "type": "Polygon", "coordinates": [ [ [ 138.0, 56.0 ], [ 138.0, 60.0 ], [ 132.0, 60.0 ], [ 132.0, 56.0 ], [ 138.0, 56.0 ] ] ] } },
{ "type": "Feature", "properties": { "nome_folha": "G54" }, "geometry": { "type": "Polygon", "coordinates": [ [ [ 144.0, 56.0 ], [ 144.0, 60.0 ], [ 138.0, 60.0 ], [ 138.0, 56.0 ], [ 144.0, 56.0 ] ] ] } },
{ "type": "Feature", "properties": { "nome_folha": "G55" }, "geometry": { "type": "Polygon", "coordinates": [ [ [ 150.0, 56.0 ], [ 150.0, 60.0 ], [ 144.0, 60.0 ], [ 144.0, 56.0 ], [ 150.0, 56.0 ] ] ] } },
{ "type": "Feature", "properties": { "nome_folha": "G56" }, "geometry": { "type": "Polygon", "coordinates": [ [ [ 156.0, 56.0 ], [ 156.0, 60.0 ], [ 150.0, 60.0 ], [ 150.0, 56.0 ], [ 156.0, 56.0 ] ] ] } },
{ "type": "Feature", "properties": { "nome_folha": "G57" }, "geometry": { "type": "Polygon", "coordinates": [ [ [ 162.0, 56.0 ], [ 162.0, 60.0 ], [ 156.0, 60.0 ], [ 156.0, 56.0 ], [ 162.0, 56.0 ] ] ] } },
{ "type": "Feature", "properties": { "nome_folha": "G58" }, "geometry": { "type": "Polygon", "coordinates": [ [ [ 168.0, 56.0 ], [ 168.0, 60.0 ], [ 162.0, 60.0 ], [ 162.0, 56.0 ], [ 168.0, 56.0 ] ] ] } },
{ "type": "Feature", "properties": { "nome_folha": "G59" }, "geometry": { "type": "Polygon", "coordinates": [ [ [ 174.0, 56.0 ], [ 174.0, 60.0 ], [ 168.0, 60.0 ], [ 168.0, 56.0 ], [ 174.0, 56.0 ] ] ] } },
{ "type": "Feature", "properties": { "nome_folha": "G60" }, "geometry": { "type": "Polygon", "coordinates": [ [ [ 180.0, 56.0 ], [ 180.0, 60.0 ], [ 174.0, 60.0 ], [ 174.0, 56.0 ], [ 180.0, 56.0 ] ] ] } },
{ "type": "Feature", "properties": { "nome_folha": "F01" }, "geometry": { "type": "Polygon", "coordinates": [ [ [ -174.0, 60.0 ], [ -174.0, 64.0 ], [ -180.0, 64.0 ], [ -180.0, 60.0 ], [ -174.0, 60.0 ] ] ] } },
{ "type": "Feature", "properties": { "nome_folha": "F02" }, "geometry": { "type": "Polygon", "coordinates": [ [ [ -168.0, 60.0 ], [ -168.0, 64.0 ], [ -174.0, 64.0 ], [ -174.0, 60.0 ], [ -168.0, 60.0 ] ] ] } },
{ "type": "Feature", "properties": { "nome_folha": "F03" }, "geometry": { "type": "Polygon", "coordinates": [ [ [ -162.0, 60.0 ], [ -162.0, 64.0 ], [ -168.0, 64.0 ], [ -168.0, 60.0 ], [ -162.0, 60.0 ] ] ] } },
{ "type": "Feature", "properties": { "nome_folha": "F04" }, "geometry": { "type": "Polygon", "coordinates": [ [ [ -156.0, 60.0 ], [ -156.0, 64.0 ], [ -162.0, 64.0 ], [ -162.0, 60.0 ], [ -156.0, 60.0 ] ] ] } },
{ "type": "Feature", "properties": { "nome_folha": "F05" }, "geometry": { "type": "Polygon", "coordinates": [ [ [ -150.0, 60.0 ], [ -150.0, 64.0 ], [ -156.0, 64.0 ], [ -156.0, 60.0 ], [ -150.0, 60.0 ] ] ] } },
{ "type": "Feature", "properties": { "nome_folha": "F06" }, "geometry": { "type": "Polygon", "coordinates": [ [ [ -144.0, 60.0 ], [ -144.0, 64.0 ], [ -150.0, 64.0 ], [ -150.0, 60.0 ], [ -144.0, 60.0 ] ] ] } },
{ "type": "Feature", "properties": { "nome_folha": "F07" }, "geometry": { "type": "Polygon", "coordinates": [ [ [ -138.0, 60.0 ], [ -138.0, 64.0 ], [ -144.0, 64.0 ], [ -144.0, 60.0 ], [ -138.0, 60.0 ] ] ] } },
{ "type": "Feature", "properties": { "nome_folha": "F08" }, "geometry": { "type": "Polygon", "coordinates": [ [ [ -132.0, 60.0 ], [ -132.0, 64.0 ], [ -138.0, 64.0 ], [ -138.0, 60.0 ], [ -132.0, 60.0 ] ] ] } },
{ "type": "Feature", "properties": { "nome_folha": "F09" }, "geometry": { "type": "Polygon", "coordinates": [ [ [ -126.0, 60.0 ], [ -126.0, 64.0 ], [ -132.0, 64.0 ], [ -132.0, 60.0 ], [ -126.0, 60.0 ] ] ] } },
{ "type": "Feature", "properties": { "nome_folha": "F10" }, "geometry": { "type": "Polygon", "coordinates": [ [ [ -120.0, 60.0 ], [ -120.0, 64.0 ], [ -126.0, 64.0 ], [ -126.0, 60.0 ], [ -120.0, 60.0 ] ] ] } },
{ "type": "Feature", "properties": { "nome_folha": "F11" }, "geometry": { "type": "Polygon", "coordinates": [ [ [ -114.0, 60.0 ], [ -114.0, 64.0 ], [ -120.0, 64.0 ], [ -120.0, 60.0 ], [ -114.0, 60.0 ] ] ] } },
{ "type": "Feature", "properties": { "nome_folha": "F12" }, "geometry": { "type": "Polygon", "coordinates": [ [ [ -108.0, 60.0 ], [ -108.0, 64.0 ], [ -114.0, 64.0 ], [ -114.0, 60.0 ], [ -108.0, 60.0 ] ] ] } },
{ "type": "Feature", "properties": { "nome_folha": "F13" }, "geometry": { "type": "Polygon", "coordinates": [ [ [ -102.0, 60.0 ], [ -102.0, 64.0 ], [ -108.0, 64.0 ], [ -108.0, 60.0 ], [ -102.0, 60.0 ] ] ] } },
{ "type": "Feature", "properties": { "nome_folha": "F14" }, "geometry": { "type": "Polygon", "coordinates": [ [ [ -96.0, 60.0 ], [ -96.0, 64.0 ], [ -102.0, 64.0 ], [ -102.0, 60.0 ], [ -96.0, 60.0 ] ] ] } },
{ "type": "Feature", "properties": { "nome_folha": "F15" }, "geometry": { "type": "Polygon", "coordinates": [ [ [ -90.0, 60.0 ], [ -90.0, 64.0 ], [ -96.0, 64.0 ], [ -96.0, 60.0 ], [ -90.0, 60.0 ] ] ] } },
{ "type": "Feature", "properties": { "nome_folha": "F16" }, "geometry": { "type": "Polygon", "coordinates": [ [ [ -84.0, 60.0 ], [ -84.0, 64.0 ], [ -90.0, 64.0 ], [ -90.0, 60.0 ], [ -84.0, 60.0 ] ] ] } },
{ "type": "Feature", "properties": { "nome_folha": "F17" }, "geometry": { "type": "Polygon", "coordinates": [ [ [ -78.0, 60.0 ], [ -78.0, 64.0 ], [ -84.0, 64.0 ], [ -84.0, 60.0 ], [ -78.0, 60.0 ] ] ] } },
{ "type": "Feature", "properties": { "nome_folha": "F18" }, "geometry": { "type": "Polygon", "coordinates": [ [ [ -72.0, 60.0 ], [ -72.0, 64.0 ], [ -78.0, 64.0 ], [ -78.0, 60.0 ], [ -72.0, 60.0 ] ] ] } },
{ "type": "Feature", "properties": { "nome_folha": "F19" }, "geometry": { "type": "Polygon", "coordinates": [ [ [ -66.0, 60.0 ], [ -66.0, 64.0 ], [ -72.0, 64.0 ], [ -72.0, 60.0 ], [ -66.0, 60.0 ] ] ] } },
{ "type": "Feature", "properties": { "nome_folha": "F20" }, "geometry": { "type": "Polygon", "coordinates": [ [ [ -60.0, 60.0 ], [ -60.0, 64.0 ], [ -66.0, 64.0 ], [ -66.0, 60.0 ], [ -60.0, 60.0 ] ] ] } },
{ "type": "Feature", "properties": { "nome_folha": "F21" }, "geometry": { "type": "Polygon", "coordinates": [ [ [ -54.0, 60.0 ], [ -54.0, 64.0 ], [ -60.0, 64.0 ], [ -60.0, 60.0 ], [ -54.0, 60.0 ] ] ] } },
{ "type": "Feature", "properties": { "nome_folha": "F22" }, "geometry": { "type": "Polygon", "coordinates": [ [ [ -48.0, 60.0 ], [ -48.0, 64.0 ], [ -54.0, 64.0 ], [ -54.0, 60.0 ], [ -48.0, 60.0 ] ] ] } },
{ "type": "Feature", "properties": { "nome_folha": "F23" }, "geometry": { "type": "Polygon", "coordinates": [ [ [ -42.0, 60.0 ], [ -42.0, 64.0 ], [ -48.0, 64.0 ], [ -48.0, 60.0 ], [ -42.0, 60.0 ] ] ] } },
{ "type": "Feature", "properties": { "nome_folha": "F24" }, "geometry": { "type": "Polygon", "coordinates": [ [ [ -36.0, 60.0 ], [ -36.0, 64.0 ], [ -42.0, 64.0 ], [ -42.0, 60.0 ], [ -36.0, 60.0 ] ] ] } },
{ "type": "Feature", "properties": { "nome_folha": "F25" }, "geometry": { "type": "Polygon", "coordinates": [ [ [ -30.0, 60.0 ], [ -30.0, 64.0 ], [ -36.0, 64.0 ], [ -36.0, 60.0 ], [ -30.0, 60.0 ] ] ] } },
{ "type": "Feature", "properties": { "nome_folha": "F26" }, "geometry": { "type": "Polygon", "coordinates": [ [ [ -24.0, 60.0 ], [ -24.0, 64.0 ], [ -30.0, 64.0 ], [ -30.0, 60.0 ], [ -24.0, 60.0 ] ] ] } },
{ "type": "Feature", "properties": { "nome_folha": "F27" }, "geometry": { "type": "Polygon", "coordinates": [ [ [ -18.0, 60.0 ], [ -18.0, 64.0 ], [ -24.0, 64.0 ], [ -24.0, 60.0 ], [ -18.0, 60.0 ] ] ] } },
{ "type": "Feature", "properties": { "nome_folha": "F28" }, "geometry": { "type": "Polygon", "coordinates": [ [ [ -12.0, 60.0 ], [ -12.0, 64.0 ], [ -18.0, 64.0 ], [ -18.0, 60.0 ], [ -12.0, 60.0 ] ] ] } },
{ "type": "Feature", "properties": { "nome_folha": "F29" }, "geometry": { "type": "Polygon", "coordinates": [ [ [ -6.0, 60.0 ], [ -6.0, 64.0 ], [ -12.0, 64.0 ], [ -12.0, 60.0 ], [ -6.0, 60.0 ] ] ] } },
{ "type": "Feature", "properties": { "nome_folha": "F30" }, "geometry": { "type": "Polygon", "coordinates": [ [ [ 0.0, 60.0 ], [ 0.0, 64.0 ], [ -6.0, 64.0 ], [ -6.0, 60.0 ], [ 0.0, 60.0 ] ] ] } },
{ "type": "Feature", "properties": { "nome_folha": "F31" }, "geometry": { "type": "Polygon", "coordinates": [ [ [ 6.0, 60.0 ], [ 6.0, 64.0 ], [ 0.0, 64.0 ], [ 0.0, 60.0 ], [ 6.0, 60.0 ] ] ] } },
{ "type": "Feature", "properties": { "nome_folha": "F32" }, "geometry": { "type": "Polygon", "coordinates": [ [ [ 12.0, 60.0 ], [ 12.0, 64.0 ], [ 6.0, 64.0 ], [ 6.0, 60.0 ], [ 12.0, 60.0 ] ] ] } },
{ "type": "Feature", "properties": { "nome_folha": "F33" }, "geometry": { "type": "Polygon", "coordinates": [ [ [ 18.0, 60.0 ], [ 18.0, 64.0 ], [ 12.0, 64.0 ], [ 12.0, 60.0 ], [ 18.0, 60.0 ] ] ] } },
{ "type": "Feature", "properties": { "nome_folha": "F34" }, "geometry": { "type": "Polygon", "coordinates": [ [ [ 24.0, 60.0 ], [ 24.0, 64.0 ], [ 18.0, 64.0 ], [ 18.0, 60.0 ], [ 24.0, 60.0 ] ] ] } },
{ "type": "Feature", "properties": { "nome_folha": "F35" }, "geometry": { "type": "Polygon", "coordinates": [ [ [ 30.0, 60.0 ], [ 30.0, 64.0 ], [ 24.0, 64.0 ], [ 24.0, 60.0 ], [ 30.0, 60.0 ] ] ] } },
{ "type": "Feature", "properties": { "nome_folha": "F36" }, "geometry": { "type": "Polygon", "coordinates": [ [ [ 36.0, 60.0 ], [ 36.0, 64.0 ], [ 30.0, 64.0 ], [ 30.0, 60.0 ], [ 36.0, 60.0 ] ] ] } },
{ "type": "Feature", "properties": { "nome_folha": "F37" }, "geometry": { "type": "Polygon", "coordinates": [ [ [ 42.0, 60.0 ], [ 42.0, 64.0 ], [ 36.0, 64.0 ], [ 36.0, 60.0 ], [ 42.0, 60.0 ] ] ] } },
{ "type": "Feature", "properties": { "nome_folha": "F38" }, "geometry": { "type": "Polygon", "coordinates": [ [ [ 48.0, 60.0 ], [ 48.0, 64.0 ], [ 42.0, 64.0 ], [ 42.0, 60.0 ], [ 48.0, 60.0 ] ] ] } },
{ "type": "Feature", "properties": { "nome_folha": "F39" }, "geometry": { "type": "Polygon", "coordinates": [ [ [ 54.0, 60.0 ], [ 54.0, 64.0 ], [ 48.0, 64.0 ], [ 48.0, 60.0 ], [ 54.0, 60.0 ] ] ] } },
{ "type": "Feature", "properties": { "nome_folha": "F40" }, "geometry": { "type": "Polygon", "coordinates": [ [ [ 60.0, 60.0 ], [ 60.0, 64.0 ], [ 54.0, 64.0 ], [ 54.0, 60.0 ], [ 60.0, 60.0 ] ] ] } },
{ "type": "Feature", "properties": { "nome_folha": "F41" }, "geometry": { "type": "Polygon", "coordinates": [ [ [ 66.0, 60.0 ], [ 66.0, 64.0 ], [ 60.0, 64.0 ], [ 60.0, 60.0 ], [ 66.0, 60.0 ] ] ] } },
{ "type": "Feature", "properties": { "nome_folha": "F42" }, "geometry": { "type": "Polygon", "coordinates": [ [ [ 72.0, 60.0 ], [ 72.0, 64.0 ], [ 66.0, 64.0 ], [ 66.0, 60.0 ], [ 72.0, 60.0 ] ] ] } },
{ "type": "Feature", "properties": { "nome_folha": "F43" }, "geometry": { "type": "Polygon", "coordinates": [ [ [ 78.0, 60.0 ], [ 78.0, 64.0 ], [ 72.0, 64.0 ], [ 72.0, 60.0 ], [ 78.0, 60.0 ] ] ] } },
{ "type": "Feature", "properties": { "nome_folha": "F44" }, "geometry": { "type": "Polygon", "coordinates": [ [ [ 84.0, 60.0 ], [ 84.0, 64.0 ], [ 78.0, 64.0 ], [ 78.0, 60.0 ], [ 84.0, 60.0 ] ] ] } },
{ "type": "Feature", "properties": { "nome_folha": "F45" }, "geometry": { "type": "Polygon", "coordinates": [ [ [ 90.0, 60.0 ], [ 90.0, 64.0 ], [ 84.0, 64.0 ], [ 84.0, 60.0 ], [ 90.0, 60.0 ] ] ] } },
{ "type": "Feature", "properties": { "nome_folha": "F46" }, "geometry": { "type": "Polygon", "coordinates": [ [ [ 96.0, 60.0 ], [ 96.0, 64.0 ], [ 90.0, 64.0 ], [ 90.0, 60.0 ], [ 96.0, 60.0 ] ] ] } },
{ "type": "Feature", "properties": { "nome_folha": "F47" }, "geometry": { "type": "Polygon", "coordinates": [ [ [ 102.0, 60.0 ], [ 102.0, 64.0 ], [ 96.0, 64.0 ], [ 96.0, 60.0 ], [ 102.0, 60.0 ] ] ] } },
{ "type": "Feature", "properties": { "nome_folha": "F48" }, "geometry": { "type": "Polygon", "coordinates": [ [ [ 108.0, 60.0 ], [ 108.0, 64.0 ], [ 102.0, 64.0 ], [ 102.0, 60.0 ], [ 108.0, 60.0 ] ] ] } },
{ "type": "Feature", "properties": { "nome_folha": "F49" }, "geometry": { "type": "Polygon", "coordinates": [ [ [ 114.0, 60.0 ], [ 114.0, 64.0 ], [ 108.0, 64.0 ], [ 108.0, 60.0 ], [ 114.0, 60.0 ] ] ] } },
{ "type": "Feature", "properties": { "nome_folha": "F50" }, "geometry": { "type": "Polygon", "coordinates": [ [ [ 120.0, 60.0 ], [ 120.0, 64.0 ], [ 114.0, 64.0 ], [ 114.0, 60.0 ], [ 120.0, 60.0 ] ] ] } },
{ "type": "Feature", "properties": { "nome_folha": "F51" }, "geometry": { "type": "Polygon", "coordinates": [ [ [ 126.0, 60.0 ], [ 126.0, 64.0 ], [ 120.0, 64.0 ], [ 120.0, 60.0 ], [ 126.0, 60.0 ] ] ] } },
{ "type": "Feature", "properties": { "nome_folha": "F52" }, "geometry": { "type": "Polygon", "coordinates": [ [ [ 132.0, 60.0 ], [ 132.0, 64.0 ], [ 126.0, 64.0 ], [ 126.0, 60.0 ], [ 132.0, 60.0 ] ] ] } },
{ "type": "Feature", "properties": { "nome_folha": "F53" }, "geometry": { "type": "Polygon", "coordinates": [ [ [ 138.0, 60.0 ], [ 138.0, 64.0 ], [ 132.0, 64.0 ], [ 132.0, 60.0 ], [ 138.0, 60.0 ] ] ] } },
{ "type": "Feature", "properties": { "nome_folha": "F54" }, "geometry": { "type": "Polygon", "coordinates": [ [ [ 144.0, 60.0 ], [ 144.0, 64.0 ], [ 138.0, 64.0 ], [ 138.0, 60.0 ], [ 144.0, 60.0 ] ] ] } },
{ "type": "Feature", "properties": { "nome_folha": "F55" }, "geometry": { "type": "Polygon", "coordinates": [ [ [ 150.0, 60.0 ], [ 150.0, 64.0 ], [ 144.0, 64.0 ], [ 144.0, 60.0 ], [ 150.0, 60.0 ] ] ] } },
{ "type": "Feature", "properties": { "nome_folha": "F56" }, "geometry": { "type": "Polygon", "coordinates": [ [ [ 156.0, 60.0 ], [ 156.0, 64.0 ], [ 150.0, 64.0 ], [ 150.0, 60.0 ], [ 156.0, 60.0 ] ] ] } },
{ "type": "Feature", "properties": { "nome_folha": "F57" }, "geometry": { "type": "Polygon", "coordinates": [ [ [ 162.0, 60.0 ], [ 162.0, 64.0 ], [ 156.0, 64.0 ], [ 156.0, 60.0 ], [ 162.0, 60.0 ] ] ] } },
{ "type": "Feature", "properties": { "nome_folha": "F58" }, "geometry": { "type": "Polygon", "coordinates": [ [ [ 168.0, 60.0 ], [ 168.0, 64.0 ], [ 162.0, 64.0 ], [ 162.0, 60.0 ], [ 168.0, 60.0 ] ] ] } },
{ "type": "Feature", "properties": { "nome_folha": "F59" }, "geometry": { "type": "Polygon", "coordinates": [ [ [ 174.0, 60.0 ], [ 174.0, 64.0 ], [ 168.0, 64.0 ], [ 168.0, 60.0 ], [ 174.0, 60.0 ] ] ] } },
{ "type": "Feature", "properties": { "nome_folha": "F60" }, "geometry": { "type": "Polygon", "coordinates": [ [ [ 180.0, 60.0 ], [ 180.0, 64.0 ], [ 174.0, 64.0 ], [ 174.0, 60.0 ], [ 180.0, 60.0 ] ] ] } },
{ "type": "Feature", "properties": { "nome_folha": "E01" }, "geometry": { "type": "Polygon", "coordinates": [ [ [ -174.0, 64.0 ], [ -174.0, 68.0 ], [ -180.0, 68.0 ], [ -180.0, 64.0 ], [ -174.0, 64.0 ] ] ] } },
{ "type": "Feature", "properties": { "nome_folha": "E02" }, "geometry": { "type": "Polygon", "coordinates": [ [ [ -168.0, 64.0 ], [ -168.0, 68.0 ], [ -174.0, 68.0 ], [ -174.0, 64.0 ], [ -168.0, 64.0 ] ] ] } },
{ "type": "Feature", "properties": { "nome_folha": "E03" }, "geometry": { "type": "Polygon", "coordinates": [ [ [ -162.0, 64.0 ], [ -162.0, 68.0 ], [ -168.0, 68.0 ], [ -168.0, 64.0 ], [ -162.0, 64.0 ] ] ] } },
{ "type": "Feature", "properties": { "nome_folha": "E04" }, "geometry": { "type": "Polygon", "coordinates": [ [ [ -156.0, 64.0 ], [ -156.0, 68.0 ], [ -162.0, 68.0 ], [ -162.0, 64.0 ], [ -156.0, 64.0 ] ] ] } },
{ "type": "Feature", "properties": { "nome_folha": "E05" }, "geometry": { "type": "Polygon", "coordinates": [ [ [ -150.0, 64.0 ], [ -150.0, 68.0 ], [ -156.0, 68.0 ], [ -156.0, 64.0 ], [ -150.0, 64.0 ] ] ] } },
{ "type": "Feature", "properties": { "nome_folha": "E06" }, "geometry": { "type": "Polygon", "coordinates": [ [ [ -144.0, 64.0 ], [ -144.0, 68.0 ], [ -150.0, 68.0 ], [ -150.0, 64.0 ], [ -144.0, 64.0 ] ] ] } },
{ "type": "Feature", "properties": { "nome_folha": "E07" }, "geometry": { "type": "Polygon", "coordinates": [ [ [ -138.0, 64.0 ], [ -138.0, 68.0 ], [ -144.0, 68.0 ], [ -144.0, 64.0 ], [ -138.0, 64.0 ] ] ] } },
{ "type": "Feature", "properties": { "nome_folha": "E08" }, "geometry": { "type": "Polygon", "coordinates": [ [ [ -132.0, 64.0 ], [ -132.0, 68.0 ], [ -138.0, 68.0 ], [ -138.0, 64.0 ], [ -132.0, 64.0 ] ] ] } },
{ "type": "Feature", "properties": { "nome_folha": "E09" }, "geometry": { "type": "Polygon", "coordinates": [ [ [ -126.0, 64.0 ], [ -126.0, 68.0 ], [ -132.0, 68.0 ], [ -132.0, 64.0 ], [ -126.0, 64.0 ] ] ] } },
{ "type": "Feature", "properties": { "nome_folha": "E10" }, "geometry": { "type": "Polygon", "coordinates": [ [ [ -120.0, 64.0 ], [ -120.0, 68.0 ], [ -126.0, 68.0 ], [ -126.0, 64.0 ], [ -120.0, 64.0 ] ] ] } },
{ "type": "Feature", "properties": { "nome_folha": "E11" }, "geometry": { "type": "Polygon", "coordinates": [ [ [ -114.0, 64.0 ], [ -114.0, 68.0 ], [ -120.0, 68.0 ], [ -120.0, 64.0 ], [ -114.0, 64.0 ] ] ] } },
{ "type": "Feature", "properties": { "nome_folha": "E12" }, "geometry": { "type": "Polygon", "coordinates": [ [ [ -108.0, 64.0 ], [ -108.0, 68.0 ], [ -114.0, 68.0 ], [ -114.0, 64.0 ], [ -108.0, 64.0 ] ] ] } },
{ "type": "Feature", "properties": { "nome_folha": "E13" }, "geometry": { "type": "Polygon", "coordinates": [ [ [ -102.0, 64.0 ], [ -102.0, 68.0 ], [ -108.0, 68.0 ], [ -108.0, 64.0 ], [ -102.0, 64.0 ] ] ] } },
{ "type": "Feature", "properties": { "nome_folha": "E14" }, "geometry": { "type": "Polygon", "coordinates": [ [ [ -96.0, 64.0 ], [ -96.0, 68.0 ], [ -102.0, 68.0 ], [ -102.0, 64.0 ], [ -96.0, 64.0 ] ] ] } },
{ "type": "Feature", "properties": { "nome_folha": "E15" }, "geometry": { "type": "Polygon", "coordinates": [ [ [ -90.0, 64.0 ], [ -90.0, 68.0 ], [ -96.0, 68.0 ], [ -96.0, 64.0 ], [ -90.0, 64.0 ] ] ] } },
{ "type": "Feature", "properties": { "nome_folha": "E16" }, "geometry": { "type": "Polygon", "coordinates": [ [ [ -84.0, 64.0 ], [ -84.0, 68.0 ], [ -90.0, 68.0 ], [ -90.0, 64.0 ], [ -84.0, 64.0 ] ] ] } },
{ "type": "Feature", "properties": { "nome_folha": "E17" }, "geometry": { "type": "Polygon", "coordinates": [ [ [ -78.0, 64.0 ], [ -78.0, 68.0 ], [ -84.0, 68.0 ], [ -84.0, 64.0 ], [ -78.0, 64.0 ] ] ] } },
{ "type": "Feature", "properties": { "nome_folha": "E18" }, "geometry": { "type": "Polygon", "coordinates": [ [ [ -72.0, 64.0 ], [ -72.0, 68.0 ], [ -78.0, 68.0 ], [ -78.0, 64.0 ], [ -72.0, 64.0 ] ] ] } },
{ "type": "Feature", "properties": { "nome_folha": "E19" }, "geometry": { "type": "Polygon", "coordinates": [ [ [ -66.0, 64.0 ], [ -66.0, 68.0 ], [ -72.0, 68.0 ], [ -72.0, 64.0 ], [ -66.0, 64.0 ] ] ] } },
{ "type": "Feature", "properties": { "nome_folha": "E20" }, "geometry": { "type": "Polygon", "coordinates": [ [ [ -60.0, 64.0 ], [ -60.0, 68.0 ], [ -66.0, 68.0 ], [ -66.0, 64.0 ], [ -60.0, 64.0 ] ] ] } },
{ "type": "Feature", "properties": { "nome_folha": "E21" }, "geometry": { "type": "Polygon", "coordinates": [ [ [ -54.0, 64.0 ], [ -54.0, 68.0 ], [ -60.0, 68.0 ], [ -60.0, 64.0 ], [ -54.0, 64.0 ] ] ] } },
{ "type": "Feature", "properties": { "nome_folha": "E22" }, "geometry": { "type": "Polygon", "coordinates": [ [ [ -48.0, 64.0 ], [ -48.0, 68.0 ], [ -54.0, 68.0 ], [ -54.0, 64.0 ], [ -48.0, 64.0 ] ] ] } },
{ "type": "Feature", "properties": { "nome_folha": "E23" }, "geometry": { "type": "Polygon", "coordinates": [ [ [ -42.0, 64.0 ], [ -42.0, 68.0 ], [ -48.0, 68.0 ], [ -48.0, 64.0 ], [ -42.0, 64.0 ] ] ] } },
{ "type": "Feature", "properties": { "nome_folha": "E24" }, "geometry": { "type": "Polygon", "coordinates": [ [ [ -36.0, 64.0 ], [ -36.0, 68.0 ], [ -42.0, 68.0 ], [ -42.0, 64.0 ], [ -36.0, 64.0 ] ] ] } },
{ "type": "Feature", "properties": { "nome_folha": "E25" }, "geometry": { "type": "Polygon", "coordinates": [ [ [ -30.0, 64.0 ], [ -30.0, 68.0 ], [ -36.0, 68.0 ], [ -36.0, 64.0 ], [ -30.0, 64.0 ] ] ] } },
{ "type": "Feature", "properties": { "nome_folha": "E26" }, "geometry": { "type": "Polygon", "coordinates": [ [ [ -24.0, 64.0 ], [ -24.0, 68.0 ], [ -30.0, 68.0 ], [ -30.0, 64.0 ], [ -24.0, 64.0 ] ] ] } },
{ "type": "Feature", "properties": { "nome_folha": "E27" }, "geometry": { "type": "Polygon", "coordinates": [ [ [ -18.0, 64.0 ], [ -18.0, 68.0 ], [ -24.0, 68.0 ], [ -24.0, 64.0 ], [ -18.0, 64.0 ] ] ] } },
{ "type": "Feature", "properties": { "nome_folha": "E28" }, "geometry": { "type": "Polygon", "coordinates": [ [ [ -12.0, 64.0 ], [ -12.0, 68.0 ], [ -18.0, 68.0 ], [ -18.0, 64.0 ], [ -12.0, 64.0 ] ] ] } },
{ "type": "Feature", "properties": { "nome_folha": "E29" }, "geometry": { "type": "Polygon", "coordinates": [ [ [ -6.0, 64.0 ], [ -6.0, 68.0 ], [ -12.0, 68.0 ], [ -12.0, 64.0 ], [ -6.0, 64.0 ] ] ] } },
{ "type": "Feature", "properties": { "nome_folha": "E30" }, "geometry": { "type": "Polygon", "coordinates": [ [ [ 0.0, 64.0 ], [ 0.0, 68.0 ], [ -6.0, 68.0 ], [ -6.0, 64.0 ], [ 0.0, 64.0 ] ] ] } },
{ "type": "Feature", "properties": { "nome_folha": "E31" }, "geometry": { "type": "Polygon", "coordinates": [ [ [ 6.0, 64.0 ], [ 6.0, 68.0 ], [ 0.0, 68.0 ], [ 0.0, 64.0 ], [ 6.0, 64.0 ] ] ] } },
{ "type": "Feature", "properties": { "nome_folha": "E32" }, "geometry": { "type": "Polygon", "coordinates": [ [ [ 12.0, 64.0 ], [ 12.0, 68.0 ], [ 6.0, 68.0 ], [ 6.0, 64.0 ], [ 12.0, 64.0 ] ] ] } },
{ "type": "Feature", "properties": { "nome_folha": "E33" }, "geometry": { "type": "Polygon", "coordinates": [ [ [ 18.0, 64.0 ], [ 18.0, 68.0 ], [ 12.0, 68.0 ], [ 12.0, 64.0 ], [ 18.0, 64.0 ] ] ] } },
{ "type": "Feature", "properties": { "nome_folha": "E34" }, "geometry": { "type": "Polygon", "coordinates": [ [ [ 24.0, 64.0 ], [ 24.0, 68.0 ], [ 18.0, 68.0 ], [ 18.0, 64.0 ], [ 24.0, 64.0 ] ] ] } },
{ "type": "Feature", "properties": { "nome_folha": "E35" }, "geometry": { "type": "Polygon", "coordinates": [ [ [ 30.0, 64.0 ], [ 30.0, 68.0 ], [ 24.0, 68.0 ], [ 24.0, 64.0 ], [ 30.0, 64.0 ] ] ] } },
{ "type": "Feature", "properties": { "nome_folha": "E36" }, "geometry": { "type": "Polygon", "coordinates": [ [ [ 36.0, 64.0 ], [ 36.0, 68.0 ], [ 30.0, 68.0 ], [ 30.0, 64.0 ], [ 36.0, 64.0 ] ] ] } },
{ "type": "Feature", "properties": { "nome_folha": "E37" }, "geometry": { "type": "Polygon", "coordinates": [ [ [ 42.0, 64.0 ], [ 42.0, 68.0 ], [ 36.0, 68.0 ], [ 36.0, 64.0 ], [ 42.0, 64.0 ] ] ] } },
{ "type": "Feature", "properties": { "nome_folha": "E38" }, "geometry": { "type": "Polygon", "coordinates": [ [ [ 48.0, 64.0 ], [ 48.0, 68.0 ], [ 42.0, 68.0 ], [ 42.0, 64.0 ], [ 48.0, 64.0 ] ] ] } },
{ "type": "Feature", "properties": { "nome_folha": "E39" }, "geometry": { "type": "Polygon", "coordinates": [ [ [ 54.0, 64.0 ], [ 54.0, 68.0 ], [ 48.0, 68.0 ], [ 48.0, 64.0 ], [ 54.0, 64.0 ] ] ] } },
{ "type": "Feature", "properties": { "nome_folha": "E40" }, "geometry": { "type": "Polygon", "coordinates": [ [ [ 60.0, 64.0 ], [ 60.0, 68.0 ], [ 54.0, 68.0 ], [ 54.0, 64.0 ], [ 60.0, 64.0 ] ] ] } },
{ "type": "Feature", "properties": { "nome_folha": "E41" }, "geometry": { "type": "Polygon", "coordinates": [ [ [ 66.0, 64.0 ], [ 66.0, 68.0 ], [ 60.0, 68.0 ], [ 60.0, 64.0 ], [ 66.0, 64.0 ] ] ] } },
{ "type": "Feature", "properties": { "nome_folha": "E42" }, "geometry": { "type": "Polygon", "coordinates": [ [ [ 72.0, 64.0 ], [ 72.0, 68.0 ], [ 66.0, 68.0 ], [ 66.0, 64.0 ], [ 72.0, 64.0 ] ] ] } },
{ "type": "Feature", "properties": { "nome_folha": "E43" }, "geometry": { "type": "Polygon", "coordinates": [ [ [ 78.0, 64.0 ], [ 78.0, 68.0 ], [ 72.0, 68.0 ], [ 72.0, 64.0 ], [ 78.0, 64.0 ] ] ] } },
{ "type": "Feature", "properties": { "nome_folha": "E44" }, "geometry": { "type": "Polygon", "coordinates": [ [ [ 84.0, 64.0 ], [ 84.0, 68.0 ], [ 78.0, 68.0 ], [ 78.0, 64.0 ], [ 84.0, 64.0 ] ] ] } },
{ "type": "Feature", "properties": { "nome_folha": "E45" }, "geometry": { "type": "Polygon", "coordinates": [ [ [ 90.0, 64.0 ], [ 90.0, 68.0 ], [ 84.0, 68.0 ], [ 84.0, 64.0 ], [ 90.0, 64.0 ] ] ] } },
{ "type": "Feature", "properties": { "nome_folha": "E46" }, "geometry": { "type": "Polygon", "coordinates": [ [ [ 96.0, 64.0 ], [ 96.0, 68.0 ], [ 90.0, 68.0 ], [ 90.0, 64.0 ], [ 96.0, 64.0 ] ] ] } },
{ "type": "Feature", "properties": { "nome_folha": "E47" }, "geometry": { "type": "Polygon", "coordinates": [ [ [ 102.0, 64.0 ], [ 102.0, 68.0 ], [ 96.0, 68.0 ], [ 96.0, 64.0 ], [ 102.0, 64.0 ] ] ] } },
{ "type": "Feature", "properties": { "nome_folha": "E48" }, "geometry": { "type": "Polygon", "coordinates": [ [ [ 108.0, 64.0 ], [ 108.0, 68.0 ], [ 102.0, 68.0 ], [ 102.0, 64.0 ], [ 108.0, 64.0 ] ] ] } },
{ "type": "Feature", "properties": { "nome_folha": "E49" }, "geometry": { "type": "Polygon", "coordinates": [ [ [ 114.0, 64.0 ], [ 114.0, 68.0 ], [ 108.0, 68.0 ], [ 108.0, 64.0 ], [ 114.0, 64.0 ] ] ] } },
{ "type": "Feature", "properties": { "nome_folha": "E50" }, "geometry": { "type": "Polygon", "coordinates": [ [ [ 120.0, 64.0 ], [ 120.0, 68.0 ], [ 114.0, 68.0 ], [ 114.0, 64.0 ], [ 120.0, 64.0 ] ] ] } },
{ "type": "Feature", "properties": { "nome_folha": "E51" }, "geometry": { "type": "Polygon", "coordinates": [ [ [ 126.0, 64.0 ], [ 126.0, 68.0 ], [ 120.0, 68.0 ], [ 120.0, 64.0 ], [ 126.0, 64.0 ] ] ] } },
{ "type": "Feature", "properties": { "nome_folha": "E52" }, "geometry": { "type": "Polygon", "coordinates": [ [ [ 132.0, 64.0 ], [ 132.0, 68.0 ], [ 126.0, 68.0 ], [ 126.0, 64.0 ], [ 132.0, 64.0 ] ] ] } },
{ "type": "Feature", "properties": { "nome_folha": "E53" }, "geometry": { "type": "Polygon", "coordinates": [ [ [ 138.0, 64.0 ], [ 138.0, 68.0 ], [ 132.0, 68.0 ], [ 132.0, 64.0 ], [ 138.0, 64.0 ] ] ] } },
{ "type": "Feature", "properties": { "nome_folha": "E54" }, "geometry": { "type": "Polygon", "coordinates": [ [ [ 144.0, 64.0 ], [ 144.0, 68.0 ], [ 138.0, 68.0 ], [ 138.0, 64.0 ], [ 144.0, 64.0 ] ] ] } },
{ "type": "Feature", "properties": { "nome_folha": "E55" }, "geometry": { "type": "Polygon", "coordinates": [ [ [ 150.0, 64.0 ], [ 150.0, 68.0 ], [ 144.0, 68.0 ], [ 144.0, 64.0 ], [ 150.0, 64.0 ] ] ] } },
{ "type": "Feature", "properties": { "nome_folha": "E56" }, "geometry": { "type": "Polygon", "coordinates": [ [ [ 156.0, 64.0 ], [ 156.0, 68.0 ], [ 150.0, 68.0 ], [ 150.0, 64.0 ], [ 156.0, 64.0 ] ] ] } },
{ "type": "Feature", "properties": { "nome_folha": "E57" }, "geometry": { "type": "Polygon", "coordinates": [ [ [ 162.0, 64.0 ], [ 162.0, 68.0 ], [ 156.0, 68.0 ], [ 156.0, 64.0 ], [ 162.0, 64.0 ] ] ] } },
{ "type": "Feature", "properties": { "nome_folha": "E58" }, "geometry": { "type": "Polygon", "coordinates": [ [ [ 168.0, 64.0 ], [ 168.0, 68.0 ], [ 162.0, 68.0 ], [ 162.0, 64.0 ], [ 168.0, 64.0 ] ] ] } },
{ "type": "Feature", "properties": { "nome_folha": "E59" }, "geometry": { "type": "Polygon", "coordinates": [ [ [ 174.0, 64.0 ], [ 174.0, 68.0 ], [ 168.0, 68.0 ], [ 168.0, 64.0 ], [ 174.0, 64.0 ] ] ] } },
{ "type": "Feature", "properties": { "nome_folha": "E60" }, "geometry": { "type": "Polygon", "coordinates": [ [ [ 180.0, 64.0 ], [ 180.0, 68.0 ], [ 174.0, 68.0 ], [ 174.0, 64.0 ], [ 180.0, 64.0 ] ] ] } },
{ "type": "Feature", "properties": { "nome_folha": "D01" }, "geometry": { "type": "Polygon", "coordinates": [ [ [ -174.0, 68.0 ], [ -174.0, 72.0 ], [ -180.0, 72.0 ], [ -180.0, 68.0 ], [ -174.0, 68.0 ] ] ] } },
{ "type": "Feature", "properties": { "nome_folha": "D02" }, "geometry": { "type": "Polygon", "coordinates": [ [ [ -168.0, 68.0 ], [ -168.0, 72.0 ], [ -174.0, 72.0 ], [ -174.0, 68.0 ], [ -168.0, 68.0 ] ] ] } },
{ "type": "Feature", "properties": { "nome_folha": "D03" }, "geometry": { "type": "Polygon", "coordinates": [ [ [ -162.0, 68.0 ], [ -162.0, 72.0 ], [ -168.0, 72.0 ], [ -168.0, 68.0 ], [ -162.0, 68.0 ] ] ] } },
{ "type": "Feature", "properties": { "nome_folha": "D04" }, "geometry": { "type": "Polygon", "coordinates": [ [ [ -156.0, 68.0 ], [ -156.0, 72.0 ], [ -162.0, 72.0 ], [ -162.0, 68.0 ], [ -156.0, 68.0 ] ] ] } },
{ "type": "Feature", "properties": { "nome_folha": "D05" }, "geometry": { "type": "Polygon", "coordinates": [ [ [ -150.0, 68.0 ], [ -150.0, 72.0 ], [ -156.0, 72.0 ], [ -156.0, 68.0 ], [ -150.0, 68.0 ] ] ] } },
{ "type": "Feature", "properties": { "nome_folha": "D06" }, "geometry": { "type": "Polygon", "coordinates": [ [ [ -144.0, 68.0 ], [ -144.0, 72.0 ], [ -150.0, 72.0 ], [ -150.0, 68.0 ], [ -144.0, 68.0 ] ] ] } },
{ "type": "Feature", "properties": { "nome_folha": "D07" }, "geometry": { "type": "Polygon", "coordinates": [ [ [ -138.0, 68.0 ], [ -138.0, 72.0 ], [ -144.0, 72.0 ], [ -144.0, 68.0 ], [ -138.0, 68.0 ] ] ] } },
{ "type": "Feature", "properties": { "nome_folha": "D08" }, "geometry": { "type": "Polygon", "coordinates": [ [ [ -132.0, 68.0 ], [ -132.0, 72.0 ], [ -138.0, 72.0 ], [ -138.0, 68.0 ], [ -132.0, 68.0 ] ] ] } },
{ "type": "Feature", "properties": { "nome_folha": "D09" }, "geometry": { "type": "Polygon", "coordinates": [ [ [ -126.0, 68.0 ], [ -126.0, 72.0 ], [ -132.0, 72.0 ], [ -132.0, 68.0 ], [ -126.0, 68.0 ] ] ] } },
{ "type": "Feature", "properties": { "nome_folha": "D10" }, "geometry": { "type": "Polygon", "coordinates": [ [ [ -120.0, 68.0 ], [ -120.0, 72.0 ], [ -126.0, 72.0 ], [ -126.0, 68.0 ], [ -120.0, 68.0 ] ] ] } },
{ "type": "Feature", "properties": { "nome_folha": "D11" }, "geometry": { "type": "Polygon", "coordinates": [ [ [ -114.0, 68.0 ], [ -114.0, 72.0 ], [ -120.0, 72.0 ], [ -120.0, 68.0 ], [ -114.0, 68.0 ] ] ] } },
{ "type": "Feature", "properties": { "nome_folha": "D12" }, "geometry": { "type": "Polygon", "coordinates": [ [ [ -108.0, 68.0 ], [ -108.0, 72.0 ], [ -114.0, 72.0 ], [ -114.0, 68.0 ], [ -108.0, 68.0 ] ] ] } },
{ "type": "Feature", "properties": { "nome_folha": "D13" }, "geometry": { "type": "Polygon", "coordinates": [ [ [ -102.0, 68.0 ], [ -102.0, 72.0 ], [ -108.0, 72.0 ], [ -108.0, 68.0 ], [ -102.0, 68.0 ] ] ] } },
{ "type": "Feature", "properties": { "nome_folha": "D14" }, "geometry": { "type": "Polygon", "coordinates": [ [ [ -96.0, 68.0 ], [ -96.0, 72.0 ], [ -102.0, 72.0 ], [ -102.0, 68.0 ], [ -96.0, 68.0 ] ] ] } },
{ "type": "Feature", "properties": { "nome_folha": "D15" }, "geometry": { "type": "Polygon", "coordinates": [ [ [ -90.0, 68.0 ], [ -90.0, 72.0 ], [ -96.0, 72.0 ], [ -96.0, 68.0 ], [ -90.0, 68.0 ] ] ] } },
{ "type": "Feature", "properties": { "nome_folha": "D16" }, "geometry": { "type": "Polygon", "coordinates": [ [ [ -84.0, 68.0 ], [ -84.0, 72.0 ], [ -90.0, 72.0 ], [ -90.0, 68.0 ], [ -84.0, 68.0 ] ] ] } },
{ "type": "Feature", "properties": { "nome_folha": "D17" }, "geometry": { "type": "Polygon", "coordinates": [ [ [ -78.0, 68.0 ], [ -78.0, 72.0 ], [ -84.0, 72.0 ], [ -84.0, 68.0 ], [ -78.0, 68.0 ] ] ] } },
{ "type": "Feature", "properties": { "nome_folha": "D18" }, "geometry": { "type": "Polygon", "coordinates": [ [ [ -72.0, 68.0 ], [ -72.0, 72.0 ], [ -78.0, 72.0 ], [ -78.0, 68.0 ], [ -72.0, 68.0 ] ] ] } },
{ "type": "Feature", "properties": { "nome_folha": "D19" }, "geometry": { "type": "Polygon", "coordinates": [ [ [ -66.0, 68.0 ], [ -66.0, 72.0 ], [ -72.0, 72.0 ], [ -72.0, 68.0 ], [ -66.0, 68.0 ] ] ] } },
{ "type": "Feature", "properties": { "nome_folha": "D20" }, "geometry": { "type": "Polygon", "coordinates": [ [ [ -60.0, 68.0 ], [ -60.0, 72.0 ], [ -66.0, 72.0 ], [ -66.0, 68.0 ], [ -60.0, 68.0 ] ] ] } },
{ "type": "Feature", "properties": { "nome_folha": "D21" }, "geometry": { "type": "Polygon", "coordinates": [ [ [ -54.0, 68.0 ], [ -54.0, 72.0 ], [ -60.0, 72.0 ], [ -60.0, 68.0 ], [ -54.0, 68.0 ] ] ] } },
{ "type": "Feature", "properties": { "nome_folha": "D22" }, "geometry": { "type": "Polygon", "coordinates": [ [ [ -48.0, 68.0 ], [ -48.0, 72.0 ], [ -54.0, 72.0 ], [ -54.0, 68.0 ], [ -48.0, 68.0 ] ] ] } },
{ "type": "Feature", "properties": { "nome_folha": "D23" }, "geometry": { "type": "Polygon", "coordinates": [ [ [ -42.0, 68.0 ], [ -42.0, 72.0 ], [ -48.0, 72.0 ], [ -48.0, 68.0 ], [ -42.0, 68.0 ] ] ] } },
{ "type": "Feature", "properties": { "nome_folha": "D24" }, "geometry": { "type": "Polygon", "coordinates": [ [ [ -36.0, 68.0 ], [ -36.0, 72.0 ], [ -42.0, 72.0 ], [ -42.0, 68.0 ], [ -36.0, 68.0 ] ] ] } },
{ "type": "Feature", "properties": { "nome_folha": "D25" }, "geometry": { "type": "Polygon", "coordinates": [ [ [ -30.0, 68.0 ], [ -30.0, 72.0 ], [ -36.0, 72.0 ], [ -36.0, 68.0 ], [ -30.0, 68.0 ] ] ] } },
{ "type": "Feature", "properties": { "nome_folha": "D26" }, "geometry": { "type": "Polygon", "coordinates": [ [ [ -24.0, 68.0 ], [ -24.0, 72.0 ], [ -30.0, 72.0 ], [ -30.0, 68.0 ], [ -24.0, 68.0 ] ] ] } },
{ "type": "Feature", "properties": { "nome_folha": "D27" }, "geometry": { "type": "Polygon", "coordinates": [ [ [ -18.0, 68.0 ], [ -18.0, 72.0 ], [ -24.0, 72.0 ], [ -24.0, 68.0 ], [ -18.0, 68.0 ] ] ] } },
{ "type": "Feature", "properties": { "nome_folha": "D28" }, "geometry": { "type": "Polygon", "coordinates": [ [ [ -12.0, 68.0 ], [ -12.0, 72.0 ], [ -18.0, 72.0 ], [ -18.0, 68.0 ], [ -12.0, 68.0 ] ] ] } },
{ "type": "Feature", "properties": { "nome_folha": "D29" }, "geometry": { "type": "Polygon", "coordinates": [ [ [ -6.0, 68.0 ], [ -6.0, 72.0 ], [ -12.0, 72.0 ], [ -12.0, 68.0 ], [ -6.0, 68.0 ] ] ] } },
{ "type": "Feature", "properties": { "nome_folha": "D30" }, "geometry": { "type": "Polygon", "coordinates": [ [ [ 0.0, 68.0 ], [ 0.0, 72.0 ], [ -6.0, 72.0 ], [ -6.0, 68.0 ], [ 0.0, 68.0 ] ] ] } },
{ "type": "Feature", "properties": { "nome_folha": "D31" }, "geometry": { "type": "Polygon", "coordinates": [ [ [ 6.0, 68.0 ], [ 6.0, 72.0 ], [ 0.0, 72.0 ], [ 0.0, 68.0 ], [ 6.0, 68.0 ] ] ] } },
{ "type": "Feature", "properties": { "nome_folha": "D32" }, "geometry": { "type": "Polygon", "coordinates": [ [ [ 12.0, 68.0 ], [ 12.0, 72.0 ], [ 6.0, 72.0 ], [ 6.0, 68.0 ], [ 12.0, 68.0 ] ] ] } },
{ "type": "Feature", "properties": { "nome_folha": "D33" }, "geometry": { "type": "Polygon", "coordinates": [ [ [ 18.0, 68.0 ], [ 18.0, 72.0 ], [ 12.0, 72.0 ], [ 12.0, 68.0 ], [ 18.0, 68.0 ] ] ] } },
{ "type": "Feature", "properties": { "nome_folha": "D34" }, "geometry": { "type": "Polygon", "coordinates": [ [ [ 24.0, 68.0 ], [ 24.0, 72.0 ], [ 18.0, 72.0 ], [ 18.0, 68.0 ], [ 24.0, 68.0 ] ] ] } },
{ "type": "Feature", "properties": { "nome_folha": "D35" }, "geometry": { "type": "Polygon", "coordinates": [ [ [ 30.0, 68.0 ], [ 30.0, 72.0 ], [ 24.0, 72.0 ], [ 24.0, 68.0 ], [ 30.0, 68.0 ] ] ] } },
{ "type": "Feature", "properties": { "nome_folha": "D36" }, "geometry": { "type": "Polygon", "coordinates": [ [ [ 36.0, 68.0 ], [ 36.0, 72.0 ], [ 30.0, 72.0 ], [ 30.0, 68.0 ], [ 36.0, 68.0 ] ] ] } },
{ "type": "Feature", "properties": { "nome_folha": "D37" }, "geometry": { "type": "Polygon", "coordinates": [ [ [ 42.0, 68.0 ], [ 42.0, 72.0 ], [ 36.0, 72.0 ], [ 36.0, 68.0 ], [ 42.0, 68.0 ] ] ] } },
{ "type": "Feature", "properties": { "nome_folha": "D38" }, "geometry": { "type": "Polygon", "coordinates": [ [ [ 48.0, 68.0 ], [ 48.0, 72.0 ], [ 42.0, 72.0 ], [ 42.0, 68.0 ], [ 48.0, 68.0 ] ] ] } },
{ "type": "Feature", "properties": { "nome_folha": "D39" }, "geometry": { "type": "Polygon", "coordinates": [ [ [ 54.0, 68.0 ], [ 54.0, 72.0 ], [ 48.0, 72.0 ], [ 48.0, 68.0 ], [ 54.0, 68.0 ] ] ] } },
{ "type": "Feature", "properties": { "nome_folha": "D40" }, "geometry": { "type": "Polygon", "coordinates": [ [ [ 60.0, 68.0 ], [ 60.0, 72.0 ], [ 54.0, 72.0 ], [ 54.0, 68.0 ], [ 60.0, 68.0 ] ] ] } },
{ "type": "Feature", "properties": { "nome_folha": "D41" }, "geometry": { "type": "Polygon", "coordinates": [ [ [ 66.0, 68.0 ], [ 66.0, 72.0 ], [ 60.0, 72.0 ], [ 60.0, 68.0 ], [ 66.0, 68.0 ] ] ] } },
{ "type": "Feature", "properties": { "nome_folha": "D42" }, "geometry": { "type": "Polygon", "coordinates": [ [ [ 72.0, 68.0 ], [ 72.0, 72.0 ], [ 66.0, 72.0 ], [ 66.0, 68.0 ], [ 72.0, 68.0 ] ] ] } },
{ "type": "Feature", "properties": { "nome_folha": "D43" }, "geometry": { "type": "Polygon", "coordinates": [ [ [ 78.0, 68.0 ], [ 78.0, 72.0 ], [ 72.0, 72.0 ], [ 72.0, 68.0 ], [ 78.0, 68.0 ] ] ] } },
{ "type": "Feature", "properties": { "nome_folha": "D44" }, "geometry": { "type": "Polygon", "coordinates": [ [ [ 84.0, 68.0 ], [ 84.0, 72.0 ], [ 78.0, 72.0 ], [ 78.0, 68.0 ], [ 84.0, 68.0 ] ] ] } },
{ "type": "Feature", "properties": { "nome_folha": "D45" }, "geometry": { "type": "Polygon", "coordinates": [ [ [ 90.0, 68.0 ], [ 90.0, 72.0 ], [ 84.0, 72.0 ], [ 84.0, 68.0 ], [ 90.0, 68.0 ] ] ] } },
{ "type": "Feature", "properties": { "nome_folha": "D46" }, "geometry": { "type": "Polygon", "coordinates": [ [ [ 96.0, 68.0 ], [ 96.0, 72.0 ], [ 90.0, 72.0 ], [ 90.0, 68.0 ], [ 96.0, 68.0 ] ] ] } },
{ "type": "Feature", "properties": { "nome_folha": "D47" }, "geometry": { "type": "Polygon", "coordinates": [ [ [ 102.0, 68.0 ], [ 102.0, 72.0 ], [ 96.0, 72.0 ], [ 96.0, 68.0 ], [ 102.0, 68.0 ] ] ] } },
{ "type": "Feature", "properties": { "nome_folha": "D48" }, "geometry": { "type": "Polygon", "coordinates": [ [ [ 108.0, 68.0 ], [ 108.0, 72.0 ], [ 102.0, 72.0 ], [ 102.0, 68.0 ], [ 108.0, 68.0 ] ] ] } },
{ "type": "Feature", "properties": { "nome_folha": "D49" }, "geometry": { "type": "Polygon", "coordinates": [ [ [ 114.0, 68.0 ], [ 114.0, 72.0 ], [ 108.0, 72.0 ], [ 108.0, 68.0 ], [ 114.0, 68.0 ] ] ] } },
{ "type": "Feature", "properties": { "nome_folha": "D50" }, "geometry": { "type": "Polygon", "coordinates": [ [ [ 120.0, 68.0 ], [ 120.0, 72.0 ], [ 114.0, 72.0 ], [ 114.0, 68.0 ], [ 120.0, 68.0 ] ] ] } },
{ "type": "Feature", "properties": { "nome_folha": "D51" }, "geometry": { "type": "Polygon", "coordinates": [ [ [ 126.0, 68.0 ], [ 126.0, 72.0 ], [ 120.0, 72.0 ], [ 120.0, 68.0 ], [ 126.0, 68.0 ] ] ] } },
{ "type": "Feature", "properties": { "nome_folha": "D52" }, "geometry": { "type": "Polygon", "coordinates": [ [ [ 132.0, 68.0 ], [ 132.0, 72.0 ], [ 126.0, 72.0 ], [ 126.0, 68.0 ], [ 132.0, 68.0 ] ] ] } },
{ "type": "Feature", "properties": { "nome_folha": "D53" }, "geometry": { "type": "Polygon", "coordinates": [ [ [ 138.0, 68.0 ], [ 138.0, 72.0 ], [ 132.0, 72.0 ], [ 132.0, 68.0 ], [ 138.0, 68.0 ] ] ] } },
{ "type": "Feature", "properties": { "nome_folha": "D54" }, "geometry": { "type": "Polygon", "coordinates": [ [ [ 144.0, 68.0 ], [ 144.0, 72.0 ], [ 138.0, 72.0 ], [ 138.0, 68.0 ], [ 144.0, 68.0 ] ] ] } },
{ "type": "Feature", "properties": { "nome_folha": "D55" }, "geometry": { "type": "Polygon", "coordinates": [ [ [ 150.0, 68.0 ], [ 150.0, 72.0 ], [ 144.0, 72.0 ], [ 144.0, 68.0 ], [ 150.0, 68.0 ] ] ] } },
{ "type": "Feature", "properties": { "nome_folha": "D56" }, "geometry": { "type": "Polygon", "coordinates": [ [ [ 156.0, 68.0 ], [ 156.0, 72.0 ], [ 150.0, 72.0 ], [ 150.0, 68.0 ], [ 156.0, 68.0 ] ] ] } },
{ "type": "Feature", "properties": { "nome_folha": "D57" }, "geometry": { "type": "Polygon", "coordinates": [ [ [ 162.0, 68.0 ], [ 162.0, 72.0 ], [ 156.0, 72.0 ], [ 156.0, 68.0 ], [ 162.0, 68.0 ] ] ] } },
{ "type": "Feature", "properties": { "nome_folha": "D58" }, "geometry": { "type": "Polygon", "coordinates": [ [ [ 168.0, 68.0 ], [ 168.0, 72.0 ], [ 162.0, 72.0 ], [ 162.0, 68.0 ], [ 168.0, 68.0 ] ] ] } },
{ "type": "Feature", "properties": { "nome_folha": "D59" }, "geometry": { "type": "Polygon", "coordinates": [ [ [ 174.0, 68.0 ], [ 174.0, 72.0 ], [ 168.0, 72.0 ], [ 168.0, 68.0 ], [ 174.0, 68.0 ] ] ] } },
{ "type": "Feature", "properties": { "nome_folha": "D60" }, "geometry": { "type": "Polygon", "coordinates": [ [ [ 180.0, 68.0 ], [ 180.0, 72.0 ], [ 174.0, 72.0 ], [ 174.0, 68.0 ], [ 180.0, 68.0 ] ] ] } },
{ "type": "Feature", "properties": { "nome_folha": "C01" }, "geometry": { "type": "Polygon", "coordinates": [ [ [ -174.0, 72.0 ], [ -174.0, 76.0 ], [ -180.0, 76.0 ], [ -180.0, 72.0 ], [ -174.0, 72.0 ] ] ] } },
{ "type": "Feature", "properties": { "nome_folha": "C02" }, "geometry": { "type": "Polygon", "coordinates": [ [ [ -168.0, 72.0 ], [ -168.0, 76.0 ], [ -174.0, 76.0 ], [ -174.0, 72.0 ], [ -168.0, 72.0 ] ] ] } },
{ "type": "Feature", "properties": { "nome_folha": "C03" }, "geometry": { "type": "Polygon", "coordinates": [ [ [ -162.0, 72.0 ], [ -162.0, 76.0 ], [ -168.0, 76.0 ], [ -168.0, 72.0 ], [ -162.0, 72.0 ] ] ] } },
{ "type": "Feature", "properties": { "nome_folha": "C04" }, "geometry": { "type": "Polygon", "coordinates": [ [ [ -156.0, 72.0 ], [ -156.0, 76.0 ], [ -162.0, 76.0 ], [ -162.0, 72.0 ], [ -156.0, 72.0 ] ] ] } },
{ "type": "Feature", "properties": { "nome_folha": "C05" }, "geometry": { "type": "Polygon", "coordinates": [ [ [ -150.0, 72.0 ], [ -150.0, 76.0 ], [ -156.0, 76.0 ], [ -156.0, 72.0 ], [ -150.0, 72.0 ] ] ] } },
{ "type": "Feature", "properties": { "nome_folha": "C06" }, "geometry": { "type": "Polygon", "coordinates": [ [ [ -144.0, 72.0 ], [ -144.0, 76.0 ], [ -150.0, 76.0 ], [ -150.0, 72.0 ], [ -144.0, 72.0 ] ] ] } },
{ "type": "Feature", "properties": { "nome_folha": "C07" }, "geometry": { "type": "Polygon", "coordinates": [ [ [ -138.0, 72.0 ], [ -138.0, 76.0 ], [ -144.0, 76.0 ], [ -144.0, 72.0 ], [ -138.0, 72.0 ] ] ] } },
{ "type": "Feature", "properties": { "nome_folha": "C08" }, "geometry": { "type": "Polygon", "coordinates": [ [ [ -132.0, 72.0 ], [ -132.0, 76.0 ], [ -138.0, 76.0 ], [ -138.0, 72.0 ], [ -132.0, 72.0 ] ] ] } },
{ "type": "Feature", "properties": { "nome_folha": "C09" }, "geometry": { "type": "Polygon", "coordinates": [ [ [ -126.0, 72.0 ], [ -126.0, 76.0 ], [ -132.0, 76.0 ], [ -132.0, 72.0 ], [ -126.0, 72.0 ] ] ] } },
{ "type": "Feature", "properties": { "nome_folha": "C10" }, "geometry": { "type": "Polygon", "coordinates": [ [ [ -120.0, 72.0 ], [ -120.0, 76.0 ], [ -126.0, 76.0 ], [ -126.0, 72.0 ], [ -120.0, 72.0 ] ] ] } },
{ "type": "Feature", "properties": { "nome_folha": "C11" }, "geometry": { "type": "Polygon", "coordinates": [ [ [ -114.0, 72.0 ], [ -114.0, 76.0 ], [ -120.0, 76.0 ], [ -120.0, 72.0 ], [ -114.0, 72.0 ] ] ] } },
{ "type": "Feature", "properties": { "nome_folha": "C12" }, "geometry": { "type": "Polygon", "coordinates": [ [ [ -108.0, 72.0 ], [ -108.0, 76.0 ], [ -114.0, 76.0 ], [ -114.0, 72.0 ], [ -108.0, 72.0 ] ] ] } },
{ "type": "Feature", "properties": { "nome_folha": "C13" }, "geometry": { "type": "Polygon", "coordinates": [ [ [ -102.0, 72.0 ], [ -102.0, 76.0 ], [ -108.0, 76.0 ], [ -108.0, 72.0 ], [ -102.0, 72.0 ] ] ] } },
{ "type": "Feature", "properties": { "nome_folha": "C14" }, "geometry": { "type": "Polygon", "coordinates": [ [ [ -96.0, 72.0 ], [ -96.0, 76.0 ], [ -102.0, 76.0 ], [ -102.0, 72.0 ], [ -96.0, 72.0 ] ] ] } },
{ "type": "Feature", "properties": { "nome_folha": "C15" }, "geometry": { "type": "Polygon", "coordinates": [ [ [ -90.0, 72.0 ], [ -90.0, 76.0 ], [ -96.0, 76.0 ], [ -96.0, 72.0 ], [ -90.0, 72.0 ] ] ] } },
{ "type": "Feature", "properties": { "nome_folha": "C16" }, "geometry": { "type": "Polygon", "coordinates": [ [ [ -84.0, 72.0 ], [ -84.0, 76.0 ], [ -90.0, 76.0 ], [ -90.0, 72.0 ], [ -84.0, 72.0 ] ] ] } },
{ "type": "Feature", "properties": { "nome_folha": "C17" }, "geometry": { "type": "Polygon", "coordinates": [ [ [ -78.0, 72.0 ], [ -78.0, 76.0 ], [ -84.0, 76.0 ], [ -84.0, 72.0 ], [ -78.0, 72.0 ] ] ] } },
{ "type": "Feature", "properties": { "nome_folha": "C18" }, "geometry": { "type": "Polygon", "coordinates": [ [ [ -72.0, 72.0 ], [ -72.0, 76.0 ], [ -78.0, 76.0 ], [ -78.0, 72.0 ], [ -72.0, 72.0 ] ] ] } },
{ "type": "Feature", "properties": { "nome_folha": "C19" }, "geometry": { "type": "Polygon", "coordinates": [ [ [ -66.0, 72.0 ], [ -66.0, 76.0 ], [ -72.0, 76.0 ], [ -72.0, 72.0 ], [ -66.0, 72.0 ] ] ] } },
{ "type": "Feature", "properties": { "nome_folha": "C20" }, "geometry": { "type": "Polygon", "coordinates": [ [ [ -60.0, 72.0 ], [ -60.0, 76.0 ], [ -66.0, 76.0 ], [ -66.0, 72.0 ], [ -60.0, 72.0 ] ] ] } },
{ "type": "Feature", "properties": { "nome_folha": "C21" }, "geometry": { "type": "Polygon", "coordinates": [ [ [ -54.0, 72.0 ], [ -54.0, 76.0 ], [ -60.0, 76.0 ], [ -60.0, 72.0 ], [ -54.0, 72.0 ] ] ] } },
{ "type": "Feature", "properties": { "nome_folha": "C22" }, "geometry": { "type": "Polygon", "coordinates": [ [ [ -48.0, 72.0 ], [ -48.0, 76.0 ], [ -54.0, 76.0 ], [ -54.0, 72.0 ], [ -48.0, 72.0 ] ] ] } },
{ "type": "Feature", "properties": { "nome_folha": "C23" }, "geometry": { "type": "Polygon", "coordinates": [ [ [ -42.0, 72.0 ], [ -42.0, 76.0 ], [ -48.0, 76.0 ], [ -48.0, 72.0 ], [ -42.0, 72.0 ] ] ] } },
{ "type": "Feature", "properties": { "nome_folha": "C24" }, "geometry": { "type": "Polygon", "coordinates": [ [ [ -36.0, 72.0 ], [ -36.0, 76.0 ], [ -42.0, 76.0 ], [ -42.0, 72.0 ], [ -36.0, 72.0 ] ] ] } },
{ "type": "Feature", "properties": { "nome_folha": "C25" }, "geometry": { "type": "Polygon", "coordinates": [ [ [ -30.0, 72.0 ], [ -30.0, 76.0 ], [ -36.0, 76.0 ], [ -36.0, 72.0 ], [ -30.0, 72.0 ] ] ] } },
{ "type": "Feature", "properties": { "nome_folha": "C26" }, "geometry": { "type": "Polygon", "coordinates": [ [ [ -24.0, 72.0 ], [ -24.0, 76.0 ], [ -30.0, 76.0 ], [ -30.0, 72.0 ], [ -24.0, 72.0 ] ] ] } },
{ "type": "Feature", "properties": { "nome_folha": "C27" }, "geometry": { "type": "Polygon", "coordinates": [ [ [ -18.0, 72.0 ], [ -18.0, 76.0 ], [ -24.0, 76.0 ], [ -24.0, 72.0 ], [ -18.0, 72.0 ] ] ] } },
{ "type": "Feature", "properties": { "nome_folha": "C28" }, "geometry": { "type": "Polygon", "coordinates": [ [ [ -12.0, 72.0 ], [ -12.0, 76.0 ], [ -18.0, 76.0 ], [ -18.0, 72.0 ], [ -12.0, 72.0 ] ] ] } },
{ "type": "Feature", "properties": { "nome_folha": "C29" }, "geometry": { "type": "Polygon", "coordinates": [ [ [ -6.0, 72.0 ], [ -6.0, 76.0 ], [ -12.0, 76.0 ], [ -12.0, 72.0 ], [ -6.0, 72.0 ] ] ] } },
{ "type": "Feature", "properties": { "nome_folha": "C30" }, "geometry": { "type": "Polygon", "coordinates": [ [ [ 0.0, 72.0 ], [ 0.0, 76.0 ], [ -6.0, 76.0 ], [ -6.0, 72.0 ], [ 0.0, 72.0 ] ] ] } },
{ "type": "Feature", "properties": { "nome_folha": "C31" }, "geometry": { "type": "Polygon", "coordinates": [ [ [ 6.0, 72.0 ], [ 6.0, 76.0 ], [ 0.0, 76.0 ], [ 0.0, 72.0 ], [ 6.0, 72.0 ] ] ] } },
{ "type": "Feature", "properties": { "nome_folha": "C32" }, "geometry": { "type": "Polygon", "coordinates": [ [ [ 12.0, 72.0 ], [ 12.0, 76.0 ], [ 6.0, 76.0 ], [ 6.0, 72.0 ], [ 12.0, 72.0 ] ] ] } },
{ "type": "Feature", "properties": { "nome_folha": "C33" }, "geometry": { "type": "Polygon", "coordinates": [ [ [ 18.0, 72.0 ], [ 18.0, 76.0 ], [ 12.0, 76.0 ], [ 12.0, 72.0 ], [ 18.0, 72.0 ] ] ] } },
{ "type": "Feature", "properties": { "nome_folha": "C34" }, "geometry": { "type": "Polygon", "coordinates": [ [ [ 24.0, 72.0 ], [ 24.0, 76.0 ], [ 18.0, 76.0 ], [ 18.0, 72.0 ], [ 24.0, 72.0 ] ] ] } },
{ "type": "Feature", "properties": { "nome_folha": "C35" }, "geometry": { "type": "Polygon", "coordinates": [ [ [ 30.0, 72.0 ], [ 30.0, 76.0 ], [ 24.0, 76.0 ], [ 24.0, 72.0 ], [ 30.0, 72.0 ] ] ] } },
{ "type": "Feature", "properties": { "nome_folha": "C36" }, "geometry": { "type": "Polygon", "coordinates": [ [ [ 36.0, 72.0 ], [ 36.0, 76.0 ], [ 30.0, 76.0 ], [ 30.0, 72.0 ], [ 36.0, 72.0 ] ] ] } },
{ "type": "Feature", "properties": { "nome_folha": "C37" }, "geometry": { "type": "Polygon", "coordinates": [ [ [ 42.0, 72.0 ], [ 42.0, 76.0 ], [ 36.0, 76.0 ], [ 36.0, 72.0 ], [ 42.0, 72.0 ] ] ] } },
{ "type": "Feature", "properties": { "nome_folha": "C38" }, "geometry": { "type": "Polygon", "coordinates": [ [ [ 48.0, 72.0 ], [ 48.0, 76.0 ], [ 42.0, 76.0 ], [ 42.0, 72.0 ], [ 48.0, 72.0 ] ] ] } },
{ "type": "Feature", "properties": { "nome_folha": "C39" }, "geometry": { "type": "Polygon", "coordinates": [ [ [ 54.0, 72.0 ], [ 54.0, 76.0 ], [ 48.0, 76.0 ], [ 48.0, 72.0 ], [ 54.0, 72.0 ] ] ] } },
{ "type": "Feature", "properties": { "nome_folha": "C40" }, "geometry": { "type": "Polygon", "coordinates": [ [ [ 60.0, 72.0 ], [ 60.0, 76.0 ], [ 54.0, 76.0 ], [ 54.0, 72.0 ], [ 60.0, 72.0 ] ] ] } },
{ "type": "Feature", "properties": { "nome_folha": "C41" }, "geometry": { "type": "Polygon", "coordinates": [ [ [ 66.0, 72.0 ], [ 66.0, 76.0 ], [ 60.0, 76.0 ], [ 60.0, 72.0 ], [ 66.0, 72.0 ] ] ] } },
{ "type": "Feature", "properties": { "nome_folha": "C42" }, "geometry": { "type": "Polygon", "coordinates": [ [ [ 72.0, 72.0 ], [ 72.0, 76.0 ], [ 66.0, 76.0 ], [ 66.0, 72.0 ], [ 72.0, 72.0 ] ] ] } },
{ "type": "Feature", "properties": { "nome_folha": "C43" }, "geometry": { "type": "Polygon", "coordinates": [ [ [ 78.0, 72.0 ], [ 78.0, 76.0 ], [ 72.0, 76.0 ], [ 72.0, 72.0 ], [ 78.0, 72.0 ] ] ] } },
{ "type": "Feature", "properties": { "nome_folha": "C44" }, "geometry": { "type": "Polygon", "coordinates": [ [ [ 84.0, 72.0 ], [ 84.0, 76.0 ], [ 78.0, 76.0 ], [ 78.0, 72.0 ], [ 84.0, 72.0 ] ] ] } },
{ "type": "Feature", "properties": { "nome_folha": "C45" }, "geometry": { "type": "Polygon", "coordinates": [ [ [ 90.0, 72.0 ], [ 90.0, 76.0 ], [ 84.0, 76.0 ], [ 84.0, 72.0 ], [ 90.0, 72.0 ] ] ] } },
{ "type": "Feature", "properties": { "nome_folha": "C46" }, "geometry": { "type": "Polygon", "coordinates": [ [ [ 96.0, 72.0 ], [ 96.0, 76.0 ], [ 90.0, 76.0 ], [ 90.0, 72.0 ], [ 96.0, 72.0 ] ] ] } },
{ "type": "Feature", "properties": { "nome_folha": "C47" }, "geometry": { "type": "Polygon", "coordinates": [ [ [ 102.0, 72.0 ], [ 102.0, 76.0 ], [ 96.0, 76.0 ], [ 96.0, 72.0 ], [ 102.0, 72.0 ] ] ] } },
{ "type": "Feature", "properties": { "nome_folha": "C48" }, "geometry": { "type": "Polygon", "coordinates": [ [ [ 108.0, 72.0 ], [ 108.0, 76.0 ], [ 102.0, 76.0 ], [ 102.0, 72.0 ], [ 108.0, 72.0 ] ] ] } },
{ "type": "Feature", "properties": { "nome_folha": "C49" }, "geometry": { "type": "Polygon", "coordinates": [ [ [ 114.0, 72.0 ], [ 114.0, 76.0 ], [ 108.0, 76.0 ], [ 108.0, 72.0 ], [ 114.0, 72.0 ] ] ] } },
{ "type": "Feature", "properties": { "nome_folha": "C50" }, "geometry": { "type": "Polygon", "coordinates": [ [ [ 120.0, 72.0 ], [ 120.0, 76.0 ], [ 114.0, 76.0 ], [ 114.0, 72.0 ], [ 120.0, 72.0 ] ] ] } },
{ "type": "Feature", "properties": { "nome_folha": "C51" }, "geometry": { "type": "Polygon", "coordinates": [ [ [ 126.0, 72.0 ], [ 126.0, 76.0 ], [ 120.0, 76.0 ], [ 120.0, 72.0 ], [ 126.0, 72.0 ] ] ] } },
{ "type": "Feature", "properties": { "nome_folha": "C52" }, "geometry": { "type": "Polygon", "coordinates": [ [ [ 132.0, 72.0 ], [ 132.0, 76.0 ], [ 126.0, 76.0 ], [ 126.0, 72.0 ], [ 132.0, 72.0 ] ] ] } },
{ "type": "Feature", "properties": { "nome_folha": "C53" }, "geometry": { "type": "Polygon", "coordinates": [ [ [ 138.0, 72.0 ], [ 138.0, 76.0 ], [ 132.0, 76.0 ], [ 132.0, 72.0 ], [ 138.0, 72.0 ] ] ] } },
{ "type": "Feature", "properties": { "nome_folha": "C54" }, "geometry": { "type": "Polygon", "coordinates": [ [ [ 144.0, 72.0 ], [ 144.0, 76.0 ], [ 138.0, 76.0 ], [ 138.0, 72.0 ], [ 144.0, 72.0 ] ] ] } },
{ "type": "Feature", "properties": { "nome_folha": "C55" }, "geometry": { "type": "Polygon", "coordinates": [ [ [ 150.0, 72.0 ], [ 150.0, 76.0 ], [ 144.0, 76.0 ], [ 144.0, 72.0 ], [ 150.0, 72.0 ] ] ] } },
{ "type": "Feature", "properties": { "nome_folha": "C56" }, "geometry": { "type": "Polygon", "coordinates": [ [ [ 156.0, 72.0 ], [ 156.0, 76.0 ], [ 150.0, 76.0 ], [ 150.0, 72.0 ], [ 156.0, 72.0 ] ] ] } },
{ "type": "Feature", "properties": { "nome_folha": "C57" }, "geometry": { "type": "Polygon", "coordinates": [ [ [ 162.0, 72.0 ], [ 162.0, 76.0 ], [ 156.0, 76.0 ], [ 156.0, 72.0 ], [ 162.0, 72.0 ] ] ] } },
{ "type": "Feature", "properties": { "nome_folha": "C58" }, "geometry": { "type": "Polygon", "coordinates": [ [ [ 168.0, 72.0 ], [ 168.0, 76.0 ], [ 162.0, 76.0 ], [ 162.0, 72.0 ], [ 168.0, 72.0 ] ] ] } },
{ "type": "Feature", "properties": { "nome_folha": "C59" }, "geometry": { "type": "Polygon", "coordinates": [ [ [ 174.0, 72.0 ], [ 174.0, 76.0 ], [ 168.0, 76.0 ], [ 168.0, 72.0 ], [ 174.0, 72.0 ] ] ] } },
{ "type": "Feature", "properties": { "nome_folha": "C60" }, "geometry": { "type": "Polygon", "coordinates": [ [ [ 180.0, 72.0 ], [ 180.0, 76.0 ], [ 174.0, 76.0 ], [ 174.0, 72.0 ], [ 180.0, 72.0 ] ] ] } },
{ "type": "Feature", "properties": { "nome_folha": "B01" }, "geometry": { "type": "Polygon", "coordinates": [ [ [ -174.0, 76.0 ], [ -174.0, 80.0 ], [ -180.0, 80.0 ], [ -180.0, 76.0 ], [ -174.0, 76.0 ] ] ] } },
{ "type": "Feature", "properties": { "nome_folha": "B02" }, "geometry": { "type": "Polygon", "coordinates": [ [ [ -168.0, 76.0 ], [ -168.0, 80.0 ], [ -174.0, 80.0 ], [ -174.0, 76.0 ], [ -168.0, 76.0 ] ] ] } },
{ "type": "Feature", "properties": { "nome_folha": "B03" }, "geometry": { "type": "Polygon", "coordinates": [ [ [ -162.0, 76.0 ], [ -162.0, 80.0 ], [ -168.0, 80.0 ], [ -168.0, 76.0 ], [ -162.0, 76.0 ] ] ] } },
{ "type": "Feature", "properties": { "nome_folha": "B04" }, "geometry": { "type": "Polygon", "coordinates": [ [ [ -156.0, 76.0 ], [ -156.0, 80.0 ], [ -162.0, 80.0 ], [ -162.0, 76.0 ], [ -156.0, 76.0 ] ] ] } },
{ "type": "Feature", "properties": { "nome_folha": "B05" }, "geometry": { "type": "Polygon", "coordinates": [ [ [ -150.0, 76.0 ], [ -150.0, 80.0 ], [ -156.0, 80.0 ], [ -156.0, 76.0 ], [ -150.0, 76.0 ] ] ] } },
{ "type": "Feature", "properties": { "nome_folha": "B06" }, "geometry": { "type": "Polygon", "coordinates": [ [ [ -144.0, 76.0 ], [ -144.0, 80.0 ], [ -150.0, 80.0 ], [ -150.0, 76.0 ], [ -144.0, 76.0 ] ] ] } },
{ "type": "Feature", "properties": { "nome_folha": "B07" }, "geometry": { "type": "Polygon", "coordinates": [ [ [ -138.0, 76.0 ], [ -138.0, 80.0 ], [ -144.0, 80.0 ], [ -144.0, 76.0 ], [ -138.0, 76.0 ] ] ] } },
{ "type": "Feature", "properties": { "nome_folha": "B08" }, "geometry": { "type": "Polygon", "coordinates": [ [ [ -132.0, 76.0 ], [ -132.0, 80.0 ], [ -138.0, 80.0 ], [ -138.0, 76.0 ], [ -132.0, 76.0 ] ] ] } },
{ "type": "Feature", "properties": { "nome_folha": "B09" }, "geometry": { "type": "Polygon", "coordinates": [ [ [ -126.0, 76.0 ], [ -126.0, 80.0 ], [ -132.0, 80.0 ], [ -132.0, 76.0 ], [ -126.0, 76.0 ] ] ] } },
{ "type": "Feature", "properties": { "nome_folha": "B10" }, "geometry": { "type": "Polygon", "coordinates": [ [ [ -120.0, 76.0 ], [ -120.0, 80.0 ], [ -126.0, 80.0 ], [ -126.0, 76.0 ], [ -120.0, 76.0 ] ] ] } },
{ "type": "Feature", "properties": { "nome_folha": "B11" }, "geometry": { "type": "Polygon", "coordinates": [ [ [ -114.0, 76.0 ], [ -114.0, 80.0 ], [ -120.0, 80.0 ], [ -120.0, 76.0 ], [ -114.0, 76.0 ] ] ] } },
{ "type": "Feature", "properties": { "nome_folha": "B12" }, "geometry": { "type": "Polygon", "coordinates": [ [ [ -108.0, 76.0 ], [ -108.0, 80.0 ], [ -114.0, 80.0 ], [ -114.0, 76.0 ], [ -108.0, 76.0 ] ] ] } },
{ "type": "Feature", "properties": { "nome_folha": "B13" }, "geometry": { "type": "Polygon", "coordinates": [ [ [ -102.0, 76.0 ], [ -102.0, 80.0 ], [ -108.0, 80.0 ], [ -108.0, 76.0 ], [ -102.0, 76.0 ] ] ] } },
{ "type": "Feature", "properties": { "nome_folha": "B14" }, "geometry": { "type": "Polygon", "coordinates": [ [ [ -96.0, 76.0 ], [ -96.0, 80.0 ], [ -102.0, 80.0 ], [ -102.0, 76.0 ], [ -96.0, 76.0 ] ] ] } },
{ "type": "Feature", "properties": { "nome_folha": "B15" }, "geometry": { "type": "Polygon", "coordinates": [ [ [ -90.0, 76.0 ], [ -90.0, 80.0 ], [ -96.0, 80.0 ], [ -96.0, 76.0 ], [ -90.0, 76.0 ] ] ] } },
{ "type": "Feature", "properties": { "nome_folha": "B16" }, "geometry": { "type": "Polygon", "coordinates": [ [ [ -84.0, 76.0 ], [ -84.0, 80.0 ], [ -90.0, 80.0 ], [ -90.0, 76.0 ], [ -84.0, 76.0 ] ] ] } },
{ "type": "Feature", "properties": { "nome_folha": "B17" }, "geometry": { "type": "Polygon", "coordinates": [ [ [ -78.0, 76.0 ], [ -78.0, 80.0 ], [ -84.0, 80.0 ], [ -84.0, 76.0 ], [ -78.0, 76.0 ] ] ] } },
{ "type": "Feature", "properties": { "nome_folha": "B18" }, "geometry": { "type": "Polygon", "coordinates": [ [ [ -72.0, 76.0 ], [ -72.0, 80.0 ], [ -78.0, 80.0 ], [ -78.0, 76.0 ], [ -72.0, 76.0 ] ] ] } },
{ "type": "Feature", "properties": { "nome_folha": "B19" }, "geometry": { "type": "Polygon", "coordinates": [ [ [ -66.0, 76.0 ], [ -66.0, 80.0 ], [ -72.0, 80.0 ], [ -72.0, 76.0 ], [ -66.0, 76.0 ] ] ] } },
{ "type": "Feature", "properties": { "nome_folha": "B20" }, "geometry": { "type": "Polygon", "coordinates": [ [ [ -60.0, 76.0 ], [ -60.0, 80.0 ], [ -66.0, 80.0 ], [ -66.0, 76.0 ], [ -60.0, 76.0 ] ] ] } },
{ "type": "Feature", "properties": { "nome_folha": "B21" }, "geometry": { "type": "Polygon", "coordinates": [ [ [ -54.0, 76.0 ], [ -54.0, 80.0 ], [ -60.0, 80.0 ], [ -60.0, 76.0 ], [ -54.0, 76.0 ] ] ] } },
{ "type": "Feature", "properties": { "nome_folha": "B22" }, "geometry": { "type": "Polygon", "coordinates": [ [ [ -48.0, 76.0 ], [ -48.0, 80.0 ], [ -54.0, 80.0 ], [ -54.0, 76.0 ], [ -48.0, 76.0 ] ] ] } },
{ "type": "Feature", "properties": { "nome_folha": "B23" }, "geometry": { "type": "Polygon", "coordinates": [ [ [ -42.0, 76.0 ], [ -42.0, 80.0 ], [ -48.0, 80.0 ], [ -48.0, 76.0 ], [ -42.0, 76.0 ] ] ] } },
{ "type": "Feature", "properties": { "nome_folha": "B24" }, "geometry": { "type": "Polygon", "coordinates": [ [ [ -36.0, 76.0 ], [ -36.0, 80.0 ], [ -42.0, 80.0 ], [ -42.0, 76.0 ], [ -36.0, 76.0 ] ] ] } },
{ "type": "Feature", "properties": { "nome_folha": "B25" }, "geometry": { "type": "Polygon", "coordinates": [ [ [ -30.0, 76.0 ], [ -30.0, 80.0 ], [ -36.0, 80.0 ], [ -36.0, 76.0 ], [ -30.0, 76.0 ] ] ] } },
{ "type": "Feature", "properties": { "nome_folha": "B26" }, "geometry": { "type": "Polygon", "coordinates": [ [ [ -24.0, 76.0 ], [ -24.0, 80.0 ], [ -30.0, 80.0 ], [ -30.0, 76.0 ], [ -24.0, 76.0 ] ] ] } },
{ "type": "Feature", "properties": { "nome_folha": "B27" }, "geometry": { "type": "Polygon", "coordinates": [ [ [ -18.0, 76.0 ], [ -18.0, 80.0 ], [ -24.0, 80.0 ], [ -24.0, 76.0 ], [ -18.0, 76.0 ] ] ] } },
{ "type": "Feature", "properties": { "nome_folha": "B28" }, "geometry": { "type": "Polygon", "coordinates": [ [ [ -12.0, 76.0 ], [ -12.0, 80.0 ], [ -18.0, 80.0 ], [ -18.0, 76.0 ], [ -12.0, 76.0 ] ] ] } },
{ "type": "Feature", "properties": { "nome_folha": "B29" }, "geometry": { "type": "Polygon", "coordinates": [ [ [ -6.0, 76.0 ], [ -6.0, 80.0 ], [ -12.0, 80.0 ], [ -12.0, 76.0 ], [ -6.0, 76.0 ] ] ] } },
{ "type": "Feature", "properties": { "nome_folha": "B30" }, "geometry": { "type": "Polygon", "coordinates": [ [ [ 0.0, 76.0 ], [ 0.0, 80.0 ], [ -6.0, 80.0 ], [ -6.0, 76.0 ], [ 0.0, 76.0 ] ] ] } },
{ "type": "Feature", "properties": { "nome_folha": "B31" }, "geometry": { "type": "Polygon", "coordinates": [ [ [ 6.0, 76.0 ], [ 6.0, 80.0 ], [ 0.0, 80.0 ], [ 0.0, 76.0 ], [ 6.0, 76.0 ] ] ] } },
{ "type": "Feature", "properties": { "nome_folha": "B32" }, "geometry": { "type": "Polygon", "coordinates": [ [ [ 12.0, 76.0 ], [ 12.0, 80.0 ], [ 6.0, 80.0 ], [ 6.0, 76.0 ], [ 12.0, 76.0 ] ] ] } },
{ "type": "Feature", "properties": { "nome_folha": "B33" }, "geometry": { "type": "Polygon", "coordinates": [ [ [ 18.0, 76.0 ], [ 18.0, 80.0 ], [ 12.0, 80.0 ], [ 12.0, 76.0 ], [ 18.0, 76.0 ] ] ] } },
{ "type": "Feature", "properties": { "nome_folha": "B34" }, "geometry": { "type": "Polygon", "coordinates": [ [ [ 24.0, 76.0 ], [ 24.0, 80.0 ], [ 18.0, 80.0 ], [ 18.0, 76.0 ], [ 24.0, 76.0 ] ] ] } },
{ "type": "Feature", "properties": { "nome_folha": "B35" }, "geometry": { "type": "Polygon", "coordinates": [ [ [ 30.0, 76.0 ], [ 30.0, 80.0 ], [ 24.0, 80.0 ], [ 24.0, 76.0 ], [ 30.0, 76.0 ] ] ] } },
{ "type": "Feature", "properties": { "nome_folha": "B36" }, "geometry": { "type": "Polygon", "coordinates": [ [ [ 36.0, 76.0 ], [ 36.0, 80.0 ], [ 30.0, 80.0 ], [ 30.0, 76.0 ], [ 36.0, 76.0 ] ] ] } },
{ "type": "Feature", "properties": { "nome_folha": "B37" }, "geometry": { "type": "Polygon", "coordinates": [ [ [ 42.0, 76.0 ], [ 42.0, 80.0 ], [ 36.0, 80.0 ], [ 36.0, 76.0 ], [ 42.0, 76.0 ] ] ] } },
{ "type": "Feature", "properties": { "nome_folha": "B38" }, "geometry": { "type": "Polygon", "coordinates": [ [ [ 48.0, 76.0 ], [ 48.0, 80.0 ], [ 42.0, 80.0 ], [ 42.0, 76.0 ], [ 48.0, 76.0 ] ] ] } },
{ "type": "Feature", "properties": { "nome_folha": "B39" }, "geometry": { "type": "Polygon", "coordinates": [ [ [ 54.0, 76.0 ], [ 54.0, 80.0 ], [ 48.0, 80.0 ], [ 48.0, 76.0 ], [ 54.0, 76.0 ] ] ] } },
{ "type": "Feature", "properties": { "nome_folha": "B40" }, "geometry": { "type": "Polygon", "coordinates": [ [ [ 60.0, 76.0 ], [ 60.0, 80.0 ], [ 54.0, 80.0 ], [ 54.0, 76.0 ], [ 60.0, 76.0 ] ] ] } },
{ "type": "Feature", "properties": { "nome_folha": "B41" }, "geometry": { "type": "Polygon", "coordinates": [ [ [ 66.0, 76.0 ], [ 66.0, 80.0 ], [ 60.0, 80.0 ], [ 60.0, 76.0 ], [ 66.0, 76.0 ] ] ] } },
{ "type": "Feature", "properties": { "nome_folha": "B42" }, "geometry": { "type": "Polygon", "coordinates": [ [ [ 72.0, 76.0 ], [ 72.0, 80.0 ], [ 66.0, 80.0 ], [ 66.0, 76.0 ], [ 72.0, 76.0 ] ] ] } },
{ "type": "Feature", "properties": { "nome_folha": "B43" }, "geometry": { "type": "Polygon", "coordinates": [ [ [ 78.0, 76.0 ], [ 78.0, 80.0 ], [ 72.0, 80.0 ], [ 72.0, 76.0 ], [ 78.0, 76.0 ] ] ] } },
{ "type": "Feature", "properties": { "nome_folha": "B44" }, "geometry": { "type": "Polygon", "coordinates": [ [ [ 84.0, 76.0 ], [ 84.0, 80.0 ], [ 78.0, 80.0 ], [ 78.0, 76.0 ], [ 84.0, 76.0 ] ] ] } },
{ "type": "Feature", "properties": { "nome_folha": "B45" }, "geometry": { "type": "Polygon", "coordinates": [ [ [ 90.0, 76.0 ], [ 90.0, 80.0 ], [ 84.0, 80.0 ], [ 84.0, 76.0 ], [ 90.0, 76.0 ] ] ] } },
{ "type": "Feature", "properties": { "nome_folha": "B46" }, "geometry": { "type": "Polygon", "coordinates": [ [ [ 96.0, 76.0 ], [ 96.0, 80.0 ], [ 90.0, 80.0 ], [ 90.0, 76.0 ], [ 96.0, 76.0 ] ] ] } },
{ "type": "Feature", "properties": { "nome_folha": "B47" }, "geometry": { "type": "Polygon", "coordinates": [ [ [ 102.0, 76.0 ], [ 102.0, 80.0 ], [ 96.0, 80.0 ], [ 96.0, 76.0 ], [ 102.0, 76.0 ] ] ] } },
{ "type": "Feature", "properties": { "nome_folha": "B48" }, "geometry": { "type": "Polygon", "coordinates": [ [ [ 108.0, 76.0 ], [ 108.0, 80.0 ], [ 102.0, 80.0 ], [ 102.0, 76.0 ], [ 108.0, 76.0 ] ] ] } },
{ "type": "Feature", "properties": { "nome_folha": "B49" }, "geometry": { "type": "Polygon", "coordinates": [ [ [ 114.0, 76.0 ], [ 114.0, 80.0 ], [ 108.0, 80.0 ], [ 108.0, 76.0 ], [ 114.0, 76.0 ] ] ] } },
{ "type": "Feature", "properties": { "nome_folha": "B50" }, "geometry": { "type": "Polygon", "coordinates": [ [ [ 120.0, 76.0 ], [ 120.0, 80.0 ], [ 114.0, 80.0 ], [ 114.0, 76.0 ], [ 120.0, 76.0 ] ] ] } },
{ "type": "Feature", "properties": { "nome_folha": "B51" }, "geometry": { "type": "Polygon", "coordinates": [ [ [ 126.0, 76.0 ], [ 126.0, 80.0 ], [ 120.0, 80.0 ], [ 120.0, 76.0 ], [ 126.0, 76.0 ] ] ] } },
{ "type": "Feature", "properties": { "nome_folha": "B52" }, "geometry": { "type": "Polygon", "coordinates": [ [ [ 132.0, 76.0 ], [ 132.0, 80.0 ], [ 126.0, 80.0 ], [ 126.0, 76.0 ], [ 132.0, 76.0 ] ] ] } },
{ "type": "Feature", "properties": { "nome_folha": "B53" }, "geometry": { "type": "Polygon", "coordinates": [ [ [ 138.0, 76.0 ], [ 138.0, 80.0 ], [ 132.0, 80.0 ], [ 132.0, 76.0 ], [ 138.0, 76.0 ] ] ] } },
{ "type": "Feature", "properties": { "nome_folha": "B54" }, "geometry": { "type": "Polygon", "coordinates": [ [ [ 144.0, 76.0 ], [ 144.0, 80.0 ], [ 138.0, 80.0 ], [ 138.0, 76.0 ], [ 144.0, 76.0 ] ] ] } },
{ "type": "Feature", "properties": { "nome_folha": "B55" }, "geometry": { "type": "Polygon", "coordinates": [ [ [ 150.0, 76.0 ], [ 150.0, 80.0 ], [ 144.0, 80.0 ], [ 144.0, 76.0 ], [ 150.0, 76.0 ] ] ] } },
{ "type": "Feature", "properties": { "nome_folha": "B56" }, "geometry": { "type": "Polygon", "coordinates": [ [ [ 156.0, 76.0 ], [ 156.0, 80.0 ], [ 150.0, 80.0 ], [ 150.0, 76.0 ], [ 156.0, 76.0 ] ] ] } },
{ "type": "Feature", "properties": { "nome_folha": "B57" }, "geometry": { "type": "Polygon", "coordinates": [ [ [ 162.0, 76.0 ], [ 162.0, 80.0 ], [ 156.0, 80.0 ], [ 156.0, 76.0 ], [ 162.0, 76.0 ] ] ] } },
{ "type": "Feature", "properties": { "nome_folha": "B58" }, "geometry": { "type": "Polygon", "coordinates": [ [ [ 168.0, 76.0 ], [ 168.0, 80.0 ], [ 162.0, 80.0 ], [ 162.0, 76.0 ], [ 168.0, 76.0 ] ] ] } },
{ "type": "Feature", "properties": { "nome_folha": "B59" }, "geometry": { "type": "Polygon", "coordinates": [ [ [ 174.0, 76.0 ], [ 174.0, 80.0 ], [ 168.0, 80.0 ], [ 168.0, 76.0 ], [ 174.0, 76.0 ] ] ] } },
{ "type": "Feature", "properties": { "nome_folha": "B60" }, "geometry": { "type": "Polygon", "coordinates": [ [ [ 180.0, 76.0 ], [ 180.0, 80.0 ], [ 174.0, 80.0 ], [ 174.0, 76.0 ], [ 180.0, 76.0 ] ] ] } },
{ "type": "Feature", "properties": { "nome_folha": "A01" }, "geometry": { "type": "Polygon", "coordinates": [ [ [ -174.0, 80.0 ], [ -174.0, 84.0 ], [ -180.0, 84.0 ], [ -180.0, 80.0 ], [ -174.0, 80.0 ] ] ] } },
{ "type": "Feature", "properties": { "nome_folha": "A02" }, "geometry": { "type": "Polygon", "coordinates": [ [ [ -168.0, 80.0 ], [ -168.0, 84.0 ], [ -174.0, 84.0 ], [ -174.0, 80.0 ], [ -168.0, 80.0 ] ] ] } },
{ "type": "Feature", "properties": { "nome_folha": "A03" }, "geometry": { "type": "Polygon", "coordinates": [ [ [ -162.0, 80.0 ], [ -162.0, 84.0 ], [ -168.0, 84.0 ], [ -168.0, 80.0 ], [ -162.0, 80.0 ] ] ] } },
{ "type": "Feature", "properties": { "nome_folha": "A04" }, "geometry": { "type": "Polygon", "coordinates": [ [ [ -156.0, 80.0 ], [ -156.0, 84.0 ], [ -162.0, 84.0 ], [ -162.0, 80.0 ], [ -156.0, 80.0 ] ] ] } },
{ "type": "Feature", "properties": { "nome_folha": "A05" }, "geometry": { "type": "Polygon", "coordinates": [ [ [ -150.0, 80.0 ], [ -150.0, 84.0 ], [ -156.0, 84.0 ], [ -156.0, 80.0 ], [ -150.0, 80.0 ] ] ] } },
{ "type": "Feature", "properties": { "nome_folha": "A06" }, "geometry": { "type": "Polygon", "coordinates": [ [ [ -144.0, 80.0 ], [ -144.0, 84.0 ], [ -150.0, 84.0 ], [ -150.0, 80.0 ], [ -144.0, 80.0 ] ] ] } },
{ "type": "Feature", "properties": { "nome_folha": "A07" }, "geometry": { "type": "Polygon", "coordinates": [ [ [ -138.0, 80.0 ], [ -138.0, 84.0 ], [ -144.0, 84.0 ], [ -144.0, 80.0 ], [ -138.0, 80.0 ] ] ] } },
{ "type": "Feature", "properties": { "nome_folha": "A08" }, "geometry": { "type": "Polygon", "coordinates": [ [ [ -132.0, 80.0 ], [ -132.0, 84.0 ], [ -138.0, 84.0 ], [ -138.0, 80.0 ], [ -132.0, 80.0 ] ] ] } },
{ "type": "Feature", "properties": { "nome_folha": "A09" }, "geometry": { "type": "Polygon", "coordinates": [ [ [ -126.0, 80.0 ], [ -126.0, 84.0 ], [ -132.0, 84.0 ], [ -132.0, 80.0 ], [ -126.0, 80.0 ] ] ] } },
{ "type": "Feature", "properties": { "nome_folha": "A10" }, "geometry": { "type": "Polygon", "coordinates": [ [ [ -120.0, 80.0 ], [ -120.0, 84.0 ], [ -126.0, 84.0 ], [ -126.0, 80.0 ], [ -120.0, 80.0 ] ] ] } },
{ "type": "Feature", "properties": { "nome_folha": "A11" }, "geometry": { "type": "Polygon", "coordinates": [ [ [ -114.0, 80.0 ], [ -114.0, 84.0 ], [ -120.0, 84.0 ], [ -120.0, 80.0 ], [ -114.0, 80.0 ] ] ] } },
{ "type": "Feature", "properties": { "nome_folha": "A12" }, "geometry": { "type": "Polygon", "coordinates": [ [ [ -108.0, 80.0 ], [ -108.0, 84.0 ], [ -114.0, 84.0 ], [ -114.0, 80.0 ], [ -108.0, 80.0 ] ] ] } },
{ "type": "Feature", "properties": { "nome_folha": "A13" }, "geometry": { "type": "Polygon", "coordinates": [ [ [ -102.0, 80.0 ], [ -102.0, 84.0 ], [ -108.0, 84.0 ], [ -108.0, 80.0 ], [ -102.0, 80.0 ] ] ] } },
{ "type": "Feature", "properties": { "nome_folha": "A14" }, "geometry": { "type": "Polygon", "coordinates": [ [ [ -96.0, 80.0 ], [ -96.0, 84.0 ], [ -102.0, 84.0 ], [ -102.0, 80.0 ], [ -96.0, 80.0 ] ] ] } },
{ "type": "Feature", "properties": { "nome_folha": "A15" }, "geometry": { "type": "Polygon", "coordinates": [ [ [ -90.0, 80.0 ], [ -90.0, 84.0 ], [ -96.0, 84.0 ], [ -96.0, 80.0 ], [ -90.0, 80.0 ] ] ] } },
{ "type": "Feature", "properties": { "nome_folha": "A16" }, "geometry": { "type": "Polygon", "coordinates": [ [ [ -84.0, 80.0 ], [ -84.0, 84.0 ], [ -90.0, 84.0 ], [ -90.0, 80.0 ], [ -84.0, 80.0 ] ] ] } },
{ "type": "Feature", "properties": { "nome_folha": "A17" }, "geometry": { "type": "Polygon", "coordinates": [ [ [ -78.0, 80.0 ], [ -78.0, 84.0 ], [ -84.0, 84.0 ], [ -84.0, 80.0 ], [ -78.0, 80.0 ] ] ] } },
{ "type": "Feature", "properties": { "nome_folha": "A18" }, "geometry": { "type": "Polygon", "coordinates": [ [ [ -72.0, 80.0 ], [ -72.0, 84.0 ], [ -78.0, 84.0 ], [ -78.0, 80.0 ], [ -72.0, 80.0 ] ] ] } },
{ "type": "Feature", "properties": { "nome_folha": "A19" }, "geometry": { "type": "Polygon", "coordinates": [ [ [ -66.0, 80.0 ], [ -66.0, 84.0 ], [ -72.0, 84.0 ], [ -72.0, 80.0 ], [ -66.0, 80.0 ] ] ] } },
{ "type": "Feature", "properties": { "nome_folha": "A20" }, "geometry": { "type": "Polygon", "coordinates": [ [ [ -60.0, 80.0 ], [ -60.0, 84.0 ], [ -66.0, 84.0 ], [ -66.0, 80.0 ], [ -60.0, 80.0 ] ] ] } },
{ "type": "Feature", "properties": { "nome_folha": "A21" }, "geometry": { "type": "Polygon", "coordinates": [ [ [ -54.0, 80.0 ], [ -54.0, 84.0 ], [ -60.0, 84.0 ], [ -60.0, 80.0 ], [ -54.0, 80.0 ] ] ] } },
{ "type": "Feature", "properties": { "nome_folha": "A22" }, "geometry": { "type": "Polygon", "coordinates": [ [ [ -48.0, 80.0 ], [ -48.0, 84.0 ], [ -54.0, 84.0 ], [ -54.0, 80.0 ], [ -48.0, 80.0 ] ] ] } },
{ "type": "Feature", "properties": { "nome_folha": "A23" }, "geometry": { "type": "Polygon", "coordinates": [ [ [ -42.0, 80.0 ], [ -42.0, 84.0 ], [ -48.0, 84.0 ], [ -48.0, 80.0 ], [ -42.0, 80.0 ] ] ] } },
{ "type": "Feature", "properties": { "nome_folha": "A24" }, "geometry": { "type": "Polygon", "coordinates": [ [ [ -36.0, 80.0 ], [ -36.0, 84.0 ], [ -42.0, 84.0 ], [ -42.0, 80.0 ], [ -36.0, 80.0 ] ] ] } },
{ "type": "Feature", "properties": { "nome_folha": "A25" }, "geometry": { "type": "Polygon", "coordinates": [ [ [ -30.0, 80.0 ], [ -30.0, 84.0 ], [ -36.0, 84.0 ], [ -36.0, 80.0 ], [ -30.0, 80.0 ] ] ] } },
{ "type": "Feature", "properties": { "nome_folha": "A26" }, "geometry": { "type": "Polygon", "coordinates": [ [ [ -24.0, 80.0 ], [ -24.0, 84.0 ], [ -30.0, 84.0 ], [ -30.0, 80.0 ], [ -24.0, 80.0 ] ] ] } },
{ "type": "Feature", "properties": { "nome_folha": "A27" }, "geometry": { "type": "Polygon", "coordinates": [ [ [ -18.0, 80.0 ], [ -18.0, 84.0 ], [ -24.0, 84.0 ], [ -24.0, 80.0 ], [ -18.0, 80.0 ] ] ] } },
{ "type": "Feature", "properties": { "nome_folha": "A28" }, "geometry": { "type": "Polygon", "coordinates": [ [ [ -12.0, 80.0 ], [ -12.0, 84.0 ], [ -18.0, 84.0 ], [ -18.0, 80.0 ], [ -12.0, 80.0 ] ] ] } },
{ "type": "Feature", "properties": { "nome_folha": "A29" }, "geometry": { "type": "Polygon", "coordinates": [ [ [ -6.0, 80.0 ], [ -6.0, 84.0 ], [ -12.0, 84.0 ], [ -12.0, 80.0 ], [ -6.0, 80.0 ] ] ] } },
{ "type": "Feature", "properties": { "nome_folha": "A30" }, "geometry": { "type": "Polygon", "coordinates": [ [ [ 0.0, 80.0 ], [ 0.0, 84.0 ], [ -6.0, 84.0 ], [ -6.0, 80.0 ], [ 0.0, 80.0 ] ] ] } },
{ "type": "Feature", "properties": { "nome_folha": "A31" }, "geometry": { "type": "Polygon", "coordinates": [ [ [ 6.0, 80.0 ], [ 6.0, 84.0 ], [ 0.0, 84.0 ], [ 0.0, 80.0 ], [ 6.0, 80.0 ] ] ] } },
{ "type": "Feature", "properties": { "nome_folha": "A32" }, "geometry": { "type": "Polygon", "coordinates": [ [ [ 12.0, 80.0 ], [ 12.0, 84.0 ], [ 6.0, 84.0 ], [ 6.0, 80.0 ], [ 12.0, 80.0 ] ] ] } },
{ "type": "Feature", "properties": { "nome_folha": "A33" }, "geometry": { "type": "Polygon", "coordinates": [ [ [ 18.0, 80.0 ], [ 18.0, 84.0 ], [ 12.0, 84.0 ], [ 12.0, 80.0 ], [ 18.0, 80.0 ] ] ] } },
{ "type": "Feature", "properties": { "nome_folha": "A34" }, "geometry": { "type": "Polygon", "coordinates": [ [ [ 24.0, 80.0 ], [ 24.0, 84.0 ], [ 18.0, 84.0 ], [ 18.0, 80.0 ], [ 24.0, 80.0 ] ] ] } },
{ "type": "Feature", "properties": { "nome_folha": "A35" }, "geometry": { "type": "Polygon", "coordinates": [ [ [ 30.0, 80.0 ], [ 30.0, 84.0 ], [ 24.0, 84.0 ], [ 24.0, 80.0 ], [ 30.0, 80.0 ] ] ] } },
{ "type": "Feature", "properties": { "nome_folha": "A36" }, "geometry": { "type": "Polygon", "coordinates": [ [ [ 36.0, 80.0 ], [ 36.0, 84.0 ], [ 30.0, 84.0 ], [ 30.0, 80.0 ], [ 36.0, 80.0 ] ] ] } },
{ "type": "Feature", "properties": { "nome_folha": "A37" }, "geometry": { "type": "Polygon", "coordinates": [ [ [ 42.0, 80.0 ], [ 42.0, 84.0 ], [ 36.0, 84.0 ], [ 36.0, 80.0 ], [ 42.0, 80.0 ] ] ] } },
{ "type": "Feature", "properties": { "nome_folha": "A38" }, "geometry": { "type": "Polygon", "coordinates": [ [ [ 48.0, 80.0 ], [ 48.0, 84.0 ], [ 42.0, 84.0 ], [ 42.0, 80.0 ], [ 48.0, 80.0 ] ] ] } },
{ "type": "Feature", "properties": { "nome_folha": "A39" }, "geometry": { "type": "Polygon", "coordinates": [ [ [ 54.0, 80.0 ], [ 54.0, 84.0 ], [ 48.0, 84.0 ], [ 48.0, 80.0 ], [ 54.0, 80.0 ] ] ] } },
{ "type": "Feature", "properties": { "nome_folha": "A40" }, "geometry": { "type": "Polygon", "coordinates": [ [ [ 60.0, 80.0 ], [ 60.0, 84.0 ], [ 54.0, 84.0 ], [ 54.0, 80.0 ], [ 60.0, 80.0 ] ] ] } },
{ "type": "Feature", "properties": { "nome_folha": "A41" }, "geometry": { "type": "Polygon", "coordinates": [ [ [ 66.0, 80.0 ], [ 66.0, 84.0 ], [ 60.0, 84.0 ], [ 60.0, 80.0 ], [ 66.0, 80.0 ] ] ] } },
{ "type": "Feature", "properties": { "nome_folha": "A42" }, "geometry": { "type": "Polygon", "coordinates": [ [ [ 72.0, 80.0 ], [ 72.0, 84.0 ], [ 66.0, 84.0 ], [ 66.0, 80.0 ], [ 72.0, 80.0 ] ] ] } },
{ "type": "Feature", "properties": { "nome_folha": "A43" }, "geometry": { "type": "Polygon", "coordinates": [ [ [ 78.0, 80.0 ], [ 78.0, 84.0 ], [ 72.0, 84.0 ], [ 72.0, 80.0 ], [ 78.0, 80.0 ] ] ] } },
{ "type": "Feature", "properties": { "nome_folha": "A44" }, "geometry": { "type": "Polygon", "coordinates": [ [ [ 84.0, 80.0 ], [ 84.0, 84.0 ], [ 78.0, 84.0 ], [ 78.0, 80.0 ], [ 84.0, 80.0 ] ] ] } },
{ "type": "Feature", "properties": { "nome_folha": "A45" }, "geometry": { "type": "Polygon", "coordinates": [ [ [ 90.0, 80.0 ], [ 90.0, 84.0 ], [ 84.0, 84.0 ], [ 84.0, 80.0 ], [ 90.0, 80.0 ] ] ] } },
{ "type": "Feature", "properties": { "nome_folha": "A46" }, "geometry": { "type": "Polygon", "coordinates": [ [ [ 96.0, 80.0 ], [ 96.0, 84.0 ], [ 90.0, 84.0 ], [ 90.0, 80.0 ], [ 96.0, 80.0 ] ] ] } },
{ "type": "Feature", "properties": { "nome_folha": "A47" }, "geometry": { "type": "Polygon", "coordinates": [ [ [ 102.0, 80.0 ], [ 102.0, 84.0 ], [ 96.0, 84.0 ], [ 96.0, 80.0 ], [ 102.0, 80.0 ] ] ] } },
{ "type": "Feature", "properties": { "nome_folha": "A48" }, "geometry": { "type": "Polygon", "coordinates": [ [ [ 108.0, 80.0 ], [ 108.0, 84.0 ], [ 102.0, 84.0 ], [ 102.0, 80.0 ], [ 108.0, 80.0 ] ] ] } },
{ "type": "Feature", "properties": { "nome_folha": "A49" }, "geometry": { "type": "Polygon", "coordinates": [ [ [ 114.0, 80.0 ], [ 114.0, 84.0 ], [ 108.0, 84.0 ], [ 108.0, 80.0 ], [ 114.0, 80.0 ] ] ] } },
{ "type": "Feature", "properties": { "nome_folha": "A50" }, "geometry": { "type": "Polygon", "coordinates": [ [ [ 120.0, 80.0 ], [ 120.0, 84.0 ], [ 114.0, 84.0 ], [ 114.0, 80.0 ], [ 120.0, 80.0 ] ] ] } },
{ "type": "Feature", "properties": { "nome_folha": "A51" }, "geometry": { "type": "Polygon", "coordinates": [ [ [ 126.0, 80.0 ], [ 126.0, 84.0 ], [ 120.0, 84.0 ], [ 120.0, 80.0 ], [ 126.0, 80.0 ] ] ] } },
{ "type": "Feature", "properties": { "nome_folha": "A52" }, "geometry": { "type": "Polygon", "coordinates": [ [ [ 132.0, 80.0 ], [ 132.0, 84.0 ], [ 126.0, 84.0 ], [ 126.0, 80.0 ], [ 132.0, 80.0 ] ] ] } },
{ "type": "Feature", "properties": { "nome_folha": "A53" }, "geometry": { "type": "Polygon", "coordinates": [ [ [ 138.0, 80.0 ], [ 138.0, 84.0 ], [ 132.0, 84.0 ], [ 132.0, 80.0 ], [ 138.0, 80.0 ] ] ] } },
{ "type": "Feature", "properties": { "nome_folha": "A54" }, "geometry": { "type": "Polygon", "coordinates": [ [ [ 144.0, 80.0 ], [ 144.0, 84.0 ], [ 138.0, 84.0 ], [ 138.0, 80.0 ], [ 144.0, 80.0 ] ] ] } },
{ "type": "Feature", "properties": { "nome_folha": "A55" }, "geometry": { "type": "Polygon", "coordinates": [ [ [ 150.0, 80.0 ], [ 150.0, 84.0 ], [ 144.0, 84.0 ], [ 144.0, 80.0 ], [ 150.0, 80.0 ] ] ] } },
{ "type": "Feature", "properties": { "nome_folha": "A56" }, "geometry": { "type": "Polygon", "coordinates": [ [ [ 156.0, 80.0 ], [ 156.0, 84.0 ], [ 150.0, 84.0 ], [ 150.0, 80.0 ], [ 156.0, 80.0 ] ] ] } },
{ "type": "Feature", "properties": { "nome_folha": "A57" }, "geometry": { "type": "Polygon", "coordinates": [ [ [ 162.0, 80.0 ], [ 162.0, 84.0 ], [ 156.0, 84.0 ], [ 156.0, 80.0 ], [ 162.0, 80.0 ] ] ] } },
{ "type": "Feature", "properties": { "nome_folha": "A58" }, "geometry": { "type": "Polygon", "coordinates": [ [ [ 168.0, 80.0 ], [ 168.0, 84.0 ], [ 162.0, 84.0 ], [ 162.0, 80.0 ], [ 168.0, 80.0 ] ] ] } },
{ "type": "Feature", "properties": { "nome_folha": "A59" }, "geometry": { "type": "Polygon", "coordinates": [ [ [ 174.0, 80.0 ], [ 174.0, 84.0 ], [ 168.0, 84.0 ], [ 168.0, 80.0 ], [ 174.0, 80.0 ] ] ] } },
{ "type": "Feature", "properties": { "nome_folha": "A60" }, "geometry": { "type": "Polygon", "coordinates": [ [ [ 180.0, 80.0 ], [ 180.0, 84.0 ], [ 174.0, 84.0 ], [ 174.0, 80.0 ], [ 180.0, 80.0 ] ] ] } }
]
}
